file,energy_V_ns
C1_00000.trc,6.301000339218668
C1_00001.trc,5.760601423343077
C1_00002.trc,5.274620570255802
C1_00003.trc,13.335558263364549
C1_00004.trc,5.326248804989325
C1_00005.trc,19.6447333425239
C1_00006.trc,8.32126815973428
C1_00007.trc,5.626249015106234
C1_00008.trc,6.921134145669365
C1_00009.trc,25.42666535835224
C1_00010.trc,8.368510724688797
C1_00011.trc,22.517958253984126
C1_00012.trc,4.865584219181151
C1_00013.trc,17.994034136563844
C1_00014.trc,18.44552954637975
C1_00015.trc,5.6360164841646005
C1_00016.trc,9.682730980724367
C1_00017.trc,38.718969736831426
C1_00018.trc,4.784454193953286
C1_00019.trc,9.377747249013076
C1_00020.trc,4.938739901471708
C1_00021.trc,15.056623311634695
C1_00022.trc,10.456153840462536
C1_00023.trc,36.08534583089313
C1_00024.trc,7.436216901597109
C1_00025.trc,7.79701502331902
C1_00026.trc,16.816558018020352
C1_00027.trc,5.810435029317908
C1_00028.trc,7.880735934533165
C1_00029.trc,11.594360401310924
C1_00030.trc,9.395288711708167
C1_00031.trc,38.826013237166194
C1_00032.trc,5.26046793229764
C1_00033.trc,5.346381439887381
C1_00034.trc,25.35729667115233
C1_00035.trc,7.4940246596981215
C1_00036.trc,5.901332356644407
C1_00037.trc,7.389373055578316
C1_00038.trc,11.536553036757862
C1_00039.trc,14.779147656482198
C1_00040.trc,4.946115844011665
C1_00041.trc,37.731260970132254
C1_00042.trc,6.058408822421878
C1_00043.trc,6.878077569032223
C1_00044.trc,17.72552902540319
C1_00045.trc,9.656817362509106
C1_00046.trc,4.314620360598676
C1_00047.trc,17.52300355011729
C1_00048.trc,44.129140315140404
C1_00049.trc,24.704670896851898
C1_00050.trc,3.945450464978843
C1_00051.trc,71.08929725426916
C1_00052.trc,4.984387948454213
C1_00053.trc,15.222270719966804
C1_00054.trc,36.510330152300675
C1_00055.trc,74.1827879384476
C1_00056.trc,11.965324222073404
C1_00057.trc,21.88905402625397
C1_00058.trc,6.253160172888396
C1_00059.trc,4.429038467795502
C1_00060.trc,13.044926767593196
C1_00061.trc,14.975094567471102
C1_00062.trc,8.906318921537844
C1_00063.trc,12.326520442594864
C1_00064.trc,19.503005766917322
C1_00065.trc,14.336821863909295
C1_00066.trc,5.315883341007245
C1_00067.trc,5.781531782329269
C1_00068.trc,10.839276954944184
C1_00069.trc,28.41331268875967
C1_00070.trc,22.227326853618337
C1_00071.trc,11.031237332489143
C1_00072.trc,6.877479109006384
C1_00073.trc,5.07648126562813
C1_00074.trc,23.705999374862987
C1_00075.trc,10.198213004169817
C1_00076.trc,16.999349470012646
C1_00077.trc,19.494035366033838
C1_00078.trc,16.073434493979224
C1_00079.trc,9.844990804591891
C1_00080.trc,12.597817146813254
C1_00081.trc,3.9944870027787984
C1_00082.trc,9.587249268138555
C1_00083.trc,14.010309563625592
C1_00084.trc,6.304987003845266
C1_00085.trc,24.048059745899998
C1_00086.trc,6.302993910045878
C1_00087.trc,9.884657566659373
C1_00088.trc,9.031900336061847
C1_00089.trc,27.777032768929164
C1_00090.trc,6.604588900500106
C1_00091.trc,36.638901255226536
C1_00092.trc,39.63352189103578
C1_00093.trc,18.726592908709204
C1_00094.trc,8.826584066739827
C1_00095.trc,7.2251203287225305
C1_00096.trc,32.3043459496003
C1_00097.trc,7.40392477024306
C1_00098.trc,23.782344641679565
C1_00099.trc,30.95185319557422
C1_00100.trc,5.126713936383848
C1_00101.trc,6.986915077989531
C1_00102.trc,40.1779084375193
C1_00103.trc,41.87345710772365
C1_00104.trc,31.78328212342004
C1_00105.trc,11.454427096692163
C1_00106.trc,6.296814804077732
C1_00107.trc,5.342793673081934
C1_00108.trc,5.531564561506438
C1_00109.trc,50.953997146909614
C1_00110.trc,4.273956049873066
C1_00111.trc,4.23727779556358
C1_00112.trc,25.301482364621563
C1_00113.trc,4.840667124014195
C1_00114.trc,14.248316766717245
C1_00115.trc,40.78109759555475
C1_00116.trc,7.462529835032864
C1_00117.trc,4.877942967773749
C1_00118.trc,23.211647379939663
C1_00119.trc,18.547988327535744
C1_00120.trc,5.942594769624984
C1_00121.trc,38.74388649807889
C1_00122.trc,17.322472265794783
C1_00123.trc,4.03196208674925
C1_00124.trc,15.586058565867667
C1_00125.trc,9.87887764472908
C1_00126.trc,32.01132253376257
C1_00127.trc,5.995817116856869
C1_00128.trc,15.077353726793936
C1_00129.trc,5.175152348077443
C1_00130.trc,18.984135216877323
C1_00131.trc,40.66827376781603
C1_00132.trc,18.16386861845162
C1_00133.trc,5.475950151099834
C1_00134.trc,4.363058474149872
C1_00135.trc,5.545916356195633
C1_00136.trc,12.99010917492187
C1_00137.trc,10.571967845556648
C1_00138.trc,5.420734221115044
C1_00139.trc,5.038009408169771
C1_00140.trc,10.103329656204288
C1_00141.trc,6.016149325885307
C1_00142.trc,8.281998745147524
C1_00143.trc,15.52526123862175
C1_00144.trc,23.60972018862865
C1_00145.trc,10.726453162982546
C1_00146.trc,3.787377213787768
C1_00147.trc,15.908783608695423
C1_00148.trc,4.955883324995724
C1_00149.trc,28.304674109945182
C1_00150.trc,6.367379099502802
C1_00151.trc,5.475152605897138
C1_00152.trc,4.732826567430234
C1_00153.trc,40.009269873924765
C1_00154.trc,40.65172953178528
C1_00155.trc,59.53181107983804
C1_00156.trc,18.02433362729494
C1_00157.trc,8.827182335954532
C1_00158.trc,22.99636385276637
C1_00159.trc,16.769515194155957
C1_00160.trc,10.978413251016544
C1_00161.trc,7.066449488081393
C1_00162.trc,4.331564031106873
C1_00163.trc,11.881802252927777
C1_00164.trc,7.2707685784418565
C1_00165.trc,31.67603978834802
C1_00166.trc,4.222925619252126
C1_00167.trc,10.026386060544525
C1_00168.trc,33.97756980593034
C1_00169.trc,12.422999632284624
C1_00170.trc,20.565664212603874
C1_00171.trc,9.164458222871257
C1_00172.trc,32.233980632020824
C1_00173.trc,11.344194059534143
C1_00174.trc,12.163065213239003
C1_00175.trc,20.980681478896976
C1_00176.trc,5.102195715186659
C1_00177.trc,4.393756409525685
C1_00178.trc,6.276681835260199
C1_00179.trc,5.6398038847289005
C1_00180.trc,7.48744693019982
C1_00181.trc,25.545071048454222
C1_00182.trc,43.697578943999204
C1_00183.trc,4.78365709000132
C1_00184.trc,25.000486191964047
C1_00185.trc,22.606463995163736
C1_00186.trc,24.035501947907633
C1_00187.trc,5.355551212164422
C1_00188.trc,8.355155560379162
C1_00189.trc,4.7272452536489755
C1_00190.trc,4.50359036997712
C1_00191.trc,77.67594709415384
C1_00192.trc,13.640143144957463
C1_00193.trc,19.9475239412033
C1_00194.trc,5.227577865648361
C1_00195.trc,4.283722922646651
C1_00196.trc,10.87117008114582
C1_00197.trc,6.908775075082993
C1_00198.trc,5.678873784813755
C1_00199.trc,36.09072872733649
C1_00200.trc,7.211167384151704
C1_00201.trc,4.848839419187294
C1_00202.trc,6.041863990106353
C1_00203.trc,5.029438036290088
C1_00204.trc,5.725916799489276
C1_00205.trc,19.540679685625037
C1_00206.trc,3.9279089665066724
C1_00207.trc,6.485784348354052
C1_00208.trc,31.978431942382688
C1_00209.trc,20.56406981388882
C1_00210.trc,5.551299073753542
C1_00211.trc,20.45044844094739
C1_00212.trc,9.290039613543867
C1_00213.trc,7.819739116636733
C1_00214.trc,29.621685350828013
C1_00215.trc,5.329637570097775
C1_00216.trc,9.451102660468061
C1_00217.trc,37.494250946002154
C1_00218.trc,20.92606323376781
C1_00219.trc,11.192101270385093
C1_00220.trc,36.675180587863494
C1_00221.trc,7.310635677884238
C1_00222.trc,35.02288655386331
C1_00223.trc,7.345918392067311
C1_00224.trc,29.86029065617464
C1_00225.trc,7.684789190504003
C1_00226.trc,5.426115459886707
C1_00227.trc,18.28745654562828
C1_00228.trc,26.944208372511092
C1_00229.trc,33.51451294228493
C1_00230.trc,3.945848873846482
C1_00231.trc,5.042992715101624
C1_00232.trc,5.965119992428362
C1_00233.trc,8.309307498015546
C1_00234.trc,66.07181704138225
C1_00235.trc,13.101937063971375
C1_00236.trc,23.179952849961378
C1_00237.trc,11.368912081449931
C1_00238.trc,9.997681481333396
C1_00239.trc,35.16979697475505
C1_00240.trc,17.20067779865865
C1_00241.trc,39.94827280558873
C1_00242.trc,12.854162105604663
C1_00243.trc,35.81704052045107
C1_00244.trc,10.277947584676845
C1_00245.trc,11.373696016988228
C1_00246.trc,11.691238262233613
C1_00247.trc,4.230899031985183
C1_00248.trc,32.06813276705685
C1_00249.trc,21.354037183948737
C1_00250.trc,36.559166877456335
C1_00251.trc,13.06446162223006
C1_00252.trc,9.823860931103807
C1_00253.trc,8.26306202854272
C1_00254.trc,5.967511876717637
C1_00255.trc,5.702395089414694
C1_00256.trc,9.31595312442786
C1_00257.trc,3.717809083640138
C1_00258.trc,20.516627961020617
C1_00259.trc,19.067257799248285
C1_00260.trc,25.781682246317335
C1_00261.trc,12.031703173168667
C1_00262.trc,10.124259514311257
C1_00263.trc,35.179763874835444
C1_00264.trc,5.0836569900501445
C1_00265.trc,8.135287373655565
C1_00266.trc,8.929241444119164
C1_00267.trc,4.581928981032692
C1_00268.trc,8.850305315167704
C1_00269.trc,5.178142370398777
C1_00270.trc,3.904387399540429
C1_00271.trc,7.9229950494474775
C1_00272.trc,4.655882792885034
C1_00273.trc,4.65648060892331
C1_00274.trc,5.271431343500645
C1_00275.trc,4.922195319595794
C1_00276.trc,13.011039665090706
C1_00277.trc,7.0672470213583996
C1_00278.trc,4.983192113640835
C1_00279.trc,6.791366432759917
C1_00280.trc,4.963258289628643
C1_00281.trc,35.12076080665166
C1_00282.trc,7.352496622444836
C1_00283.trc,3.7893708680948475
C1_00284.trc,4.977212057072462
C1_00285.trc,7.576549736098884
C1_00286.trc,4.771098743426953
C1_00287.trc,26.933045220217974
C1_00288.trc,39.55877129722525
C1_00289.trc,19.703736947363996
C1_00290.trc,5.17036842446484
C1_00291.trc,53.267089035720794
C1_00292.trc,7.315419029063452
C1_00293.trc,7.956484184333074
C1_00294.trc,4.913025833535443
C1_00295.trc,9.900804192844094
C1_00296.trc,5.29256134817139
C1_00297.trc,5.87840861764214
C1_00298.trc,4.74558365333629
C1_00299.trc,4.747577224163495
C1_00300.trc,13.698548611765492
C1_00301.trc,15.323931932068716
C1_00302.trc,6.190567501342051
C1_00303.trc,5.165982384989267
C1_00304.trc,34.229729599277384
C1_00305.trc,32.3527845759564
C1_00306.trc,12.3297102656348
C1_00307.trc,9.524060068529051
C1_00308.trc,32.35238585702068
C1_00309.trc,17.32924936668664
C1_00310.trc,14.47436361815825
C1_00311.trc,12.648447797111574
C1_00312.trc,4.794819526752708
C1_00313.trc,30.868530037314457
C1_00314.trc,7.433227404006374
C1_00315.trc,8.615886081618317
C1_00316.trc,28.09836190193394
C1_00317.trc,26.63623459462708
C1_00318.trc,20.499484895267468
C1_00319.trc,35.152653897076206
C1_00320.trc,13.627385927868758
C1_00321.trc,5.9198702589079275
C1_00322.trc,4.149171500787121
C1_00323.trc,6.70664856917243
C1_00324.trc,5.078076045965442
C1_00325.trc,40.29471851248528
C1_00326.trc,30.81351389612257
C1_00327.trc,21.281279791268858
C1_00328.trc,49.56382985403968
C1_00329.trc,7.301067854510424
C1_00330.trc,20.895764017327714
C1_00331.trc,5.149836617454634
C1_00332.trc,5.692029673135401
C1_00333.trc,13.604860502328561
C1_00334.trc,23.155832978003335
C1_00335.trc,25.425070637643394
C1_00336.trc,10.385788081632331
C1_00337.trc,14.09363182745819
C1_00338.trc,3.8760816585219775
C1_00339.trc,37.79345387328167
C1_00340.trc,8.104590189598573
C1_00341.trc,7.993559786123285
C1_00342.trc,5.880801086290502
C1_00343.trc,6.852164165479484
C1_00344.trc,10.328180255432569
C1_00345.trc,38.66494996365379
C1_00346.trc,39.67318966678738
C1_00347.trc,16.211972914384834
C1_00348.trc,6.700070768119955
C1_00349.trc,26.8277957762085
C1_00350.trc,30.501354010664226
C1_00351.trc,36.73996499713533
C1_00352.trc,4.948507585192599
C1_00353.trc,48.78522441138165
C1_00354.trc,5.222195994814834
C1_00355.trc,10.344525656726058
C1_00356.trc,5.535750800263411
C1_00357.trc,4.620002358069246
C1_00358.trc,33.21630694352738
C1_00359.trc,10.927383512085948
C1_00360.trc,22.349719053312878
C1_00361.trc,37.4222907765312
C1_00362.trc,4.287709634976027
C1_00363.trc,8.123726229894153
C1_00364.trc,6.223259150653416
C1_00365.trc,4.146580113921631
C1_00366.trc,46.22136875830339
C1_00367.trc,6.909970969524853
C1_00368.trc,22.346529707300768
C1_00369.trc,4.929171756104119
C1_00370.trc,8.29794545135669
C1_00371.trc,10.024193046769582
C1_00372.trc,5.082460928648548
C1_00373.trc,9.714226198937576
C1_00374.trc,26.068924941203157
C1_00375.trc,4.789836446409069
C1_00376.trc,5.524587695673066
C1_00377.trc,4.870766742472522
C1_00378.trc,4.77707924124606
C1_00379.trc,5.711963234782288
C1_00380.trc,23.422145111166138
C1_00381.trc,18.26533054263984
C1_00382.trc,6.577279670604263
C1_00383.trc,7.157346755779416
C1_00384.trc,63.56317775953952
C1_00385.trc,6.88565183350452
C1_00386.trc,47.34382761463962
C1_00387.trc,5.107976078367695
C1_00388.trc,5.418540861494934
C1_00389.trc,12.232235125330133
C1_00390.trc,6.450701434889573
C1_00391.trc,5.746248984666325
C1_00392.trc,6.175617580546489
C1_00393.trc,19.167922404822022
C1_00394.trc,18.36758904604942
C1_00395.trc,33.791390507108154
C1_00396.trc,12.71721896641559
C1_00397.trc,37.67943396028995
C1_00398.trc,41.14408832557797
C1_00399.trc,7.357080948075657
C1_00400.trc,23.94719533960767
C1_00401.trc,20.09602967908865
C1_00402.trc,66.49979226761262
C1_00403.trc,8.158610618689464
C1_00404.trc,39.95863868697015
C1_00405.trc,5.936215910641027
C1_00406.trc,4.931962717099986
C1_00407.trc,12.65881330879643
C1_00408.trc,10.07841269221999
C1_00409.trc,16.157753340488604
C1_00410.trc,5.418541338522759
C1_00411.trc,4.5528261241365815
C1_00412.trc,10.069841391894474
C1_00413.trc,25.203010713194292
C1_00414.trc,5.2965473807361185
C1_00415.trc,11.834559747601741
C1_00416.trc,8.359540538467826
C1_00417.trc,38.65498295624213
C1_00418.trc,5.461597259246649
C1_00419.trc,5.546514756592994
C1_00420.trc,6.993891609903416
C1_00421.trc,24.73656513214322
C1_00422.trc,15.50851715416962
C1_00423.trc,5.129305287472254
C1_00424.trc,11.548513376482816
C1_00425.trc,29.8770343709302
C1_00426.trc,20.577624755065663
C1_00427.trc,3.5142874072997214
C1_00428.trc,49.42788273701969
C1_00429.trc,4.5932914927936785
C1_00430.trc,4.143590091600295
C1_00431.trc,16.854829716989244
C1_00432.trc,7.019805263895764
C1_00433.trc,8.178145330217982
C1_00434.trc,19.144998498860016
C1_00435.trc,5.260667351393977
C1_00436.trc,27.669192057311164
C1_00437.trc,8.002729546474631
C1_00438.trc,4.610035374508977
C1_00439.trc,31.91783426082132
C1_00440.trc,4.41428773950807
C1_00441.trc,4.420865886405714
C1_00442.trc,17.406990865319973
C1_00443.trc,4.850035957616713
C1_00444.trc,35.05517919802227
C1_00445.trc,5.350766847301083
C1_00446.trc,4.2528260452023225
C1_00447.trc,12.780009411312285
C1_00448.trc,5.649571210678918
C1_00449.trc,7.1162839884833895
C1_00450.trc,8.881401361268761
C1_00451.trc,5.343989674855054
C1_00452.trc,28.485472038813054
C1_00453.trc,3.8611313799555576
C1_00454.trc,5.357743832391405
C1_00455.trc,15.9568229794595
C1_00456.trc,13.535491695871698
C1_00457.trc,5.304122158013328
C1_00458.trc,8.768377720885741
C1_00459.trc,9.11900935647118
C1_00460.trc,56.09785512695367
C1_00461.trc,29.006735057501412
C1_00462.trc,25.929190757538343
C1_00463.trc,25.57776182718981
C1_00464.trc,4.922594062382902
C1_00465.trc,30.61497613492448
C1_00466.trc,8.676285107327859
C1_00467.trc,5.731697830509269
C1_00468.trc,9.663793799017428
C1_00469.trc,13.7392134710731
C1_00470.trc,12.053630305642764
C1_00471.trc,8.817613940147332
C1_00472.trc,8.14545354972396
C1_00473.trc,9.54518928610389
C1_00474.trc,12.407052592155981
C1_00475.trc,5.77455505960425
C1_00476.trc,6.745319857652821
C1_00477.trc,4.814952579050109
C1_00478.trc,30.87112175809942
C1_00479.trc,5.224388531561942
C1_00480.trc,12.689909808073917
C1_00481.trc,33.836240841928216
C1_00482.trc,8.368112423152418
C1_00483.trc,11.458413355845112
C1_00484.trc,51.69492797916959
C1_00485.trc,14.991838353780834
C1_00486.trc,39.86116392828775
C1_00487.trc,5.999604517421174
C1_00488.trc,4.971431085680951
C1_00489.trc,4.935550579310992
C1_00490.trc,37.00886882723171
C1_00491.trc,10.460339268272214
C1_00492.trc,6.356615214727395
C1_00493.trc,6.139738052083568
C1_00494.trc,7.285120718976224
C1_00495.trc,6.994489437867391
C1_00496.trc,36.64627667303588
C1_00497.trc,8.796483828145329
C1_00498.trc,4.374421236350463
C1_00499.trc,4.174487016747402
C1_00500.trc,28.246866900426166
C1_00501.trc,4.433224742329566
C1_00502.trc,21.257957607621872
C1_00503.trc,5.976281916374839
C1_00504.trc,6.2601366332481145
C1_00505.trc,7.836882444755186
C1_00506.trc,4.826912716038237
C1_00507.trc,6.188375703988064
C1_00508.trc,6.223458629378232
C1_00509.trc,4.649503886198289
C1_00510.trc,7.436814980000688
C1_00511.trc,18.71383584665454
C1_00512.trc,5.752229029308996
C1_00513.trc,24.10606619562993
C1_00514.trc,9.86452548034332
C1_00515.trc,6.0456513787449575
C1_00516.trc,6.403658289031397
C1_00517.trc,19.67403543963092
C1_00518.trc,37.46514812488313
C1_00519.trc,14.753034714576168
C1_00520.trc,4.525915815913283
C1_00521.trc,32.971123932533835
C1_00522.trc,7.080801628615761
C1_00523.trc,8.568843019240012
C1_00524.trc,4.131231486116051
C1_00525.trc,38.91431853363966
C1_00526.trc,16.365660710459416
C1_00527.trc,7.324589314145407
C1_00528.trc,5.70697996362752
C1_00529.trc,8.442463868702184
C1_00530.trc,24.06480386612921
C1_00531.trc,4.3010654551989225
C1_00532.trc,4.631165033334547
C1_00533.trc,71.6342807223638
C1_00534.trc,34.53232094582017
C1_00535.trc,41.95139779886511
C1_00536.trc,34.02142385621601
C1_00537.trc,21.5571602129076
C1_00538.trc,4.874553701786084
C1_00539.trc,37.97365397418557
C1_00540.trc,34.40594255852685
C1_00541.trc,6.795154000283956
C1_00542.trc,8.819208446193652
C1_00543.trc,31.692584119784332
C1_00544.trc,4.538872654835154
C1_00545.trc,7.058476158828203
C1_00546.trc,24.79816024310575
C1_00547.trc,4.990168895994328
C1_00548.trc,25.83191517943835
C1_00549.trc,7.700137615572761
C1_00550.trc,18.6093838524422
C1_00551.trc,25.877164173565667
C1_00552.trc,20.488720938937888
C1_00553.trc,4.983590856427943
C1_00554.trc,6.385917788862229
C1_00555.trc,27.747331952886437
C1_00556.trc,6.944455828437139
C1_00557.trc,6.300003661136326
C1_00558.trc,29.821619940127633
C1_00559.trc,6.6336918408760805
C1_00560.trc,38.298969163606465
C1_00561.trc,39.19139520749113
C1_00562.trc,4.325782725795891
C1_00563.trc,6.6584092426557016
C1_00564.trc,7.896284279577472
C1_00565.trc,7.307446379574909
C1_00566.trc,9.453494664014297
C1_00567.trc,19.856228157306386
C1_00568.trc,9.527049411085745
C1_00569.trc,4.784255144553509
C1_00570.trc,26.79231457313334
C1_00571.trc,49.41632128319019
C1_00572.trc,36.74514767546076
C1_00573.trc,22.029187250848278
C1_00574.trc,20.468588053600225
C1_00575.trc,5.438873511774104
C1_00576.trc,5.655551636943846
C1_00577.trc,6.049837856015843
C1_00578.trc,7.231499640882921
C1_00579.trc,9.10505551747319
C1_00580.trc,16.819747459438027
C1_00581.trc,27.501351659055505
C1_00582.trc,24.206332189599195
C1_00583.trc,31.49803335713231
C1_00584.trc,20.679086822362226
C1_00585.trc,28.878761460545753
C1_00586.trc,8.034224538099627
C1_00587.trc,7.811964991817363
C1_00588.trc,7.250835124126232
C1_00589.trc,12.716620852234925
C1_00590.trc,5.5325611084061315
C1_00591.trc,7.494224090720153
C1_00592.trc,18.610579389113198
C1_00593.trc,12.236221754179644
C1_00594.trc,4.942527302036012
C1_00595.trc,5.217411439140364
C1_00596.trc,5.541730546763697
C1_00597.trc,4.466712982787988
C1_00598.trc,26.9802880236864
C1_00599.trc,38.64082987703323
C1_00600.trc,39.01637847660298
C1_00601.trc,6.017744201628185
C1_00602.trc,27.646866539820827
C1_00603.trc,4.952893016457693
C1_00604.trc,31.657501659496287
C1_00605.trc,10.00565489406646
C1_00606.trc,27.774840399141794
C1_00607.trc,14.283399191228211
C1_00608.trc,4.992361396964357
C1_00609.trc,47.24475792058585
C1_00610.trc,8.117547004669053
C1_00611.trc,32.64820006689452
C1_00612.trc,5.345983150276701
C1_00613.trc,7.228111006957123
C1_00614.trc,6.614356357632776
C1_00615.trc,10.407715130626558
C1_00616.trc,5.85448846292283
C1_00617.trc,4.883524412737653
C1_00618.trc,5.103590897542203
C1_00619.trc,5.2526935570386595
C1_00620.trc,33.57351630861111
C1_00621.trc,5.466182610487296
C1_00622.trc,6.694090341855018
C1_00623.trc,25.29510426888213
C1_00624.trc,38.480763555894164
C1_00625.trc,19.486460767642065
C1_00626.trc,4.240865979768365
C1_00627.trc,14.98067596473223
C1_00628.trc,9.257747720703726
C1_00629.trc,36.840230502151094
C1_00630.trc,9.642465078866394
C1_00631.trc,5.095418029935718
C1_00632.trc,12.55316594487284
C1_00633.trc,4.38438789791695
C1_00634.trc,4.274553436586299
C1_00635.trc,4.269371092180373
C1_00636.trc,45.42522160251068
C1_00637.trc,23.118556585661793
C1_00638.trc,36.157505526791695
C1_00639.trc,38.12754074810576
C1_00640.trc,9.30658462474482
C1_00641.trc,5.7093722772418385
C1_00642.trc,18.06360205204896
C1_00643.trc,24.718624926661022
C1_00644.trc,20.398421594609403
C1_00645.trc,5.661730826391867
C1_00646.trc,8.522597549767188
C1_00647.trc,9.160869645118515
C1_00648.trc,10.133229736309314
C1_00649.trc,18.57828716235358
C1_00650.trc,10.535688799136398
C1_00651.trc,40.75717699958473
C1_00652.trc,6.214887305201335
C1_00653.trc,14.537951167006911
C1_00654.trc,4.63435458208348
C1_00655.trc,7.746184333788198
C1_00656.trc,5.3794718439115545
C1_00657.trc,23.775766947958353
C1_00658.trc,8.217612661263429
C1_00659.trc,12.356022781671214
C1_00660.trc,4.8115637781645715
C1_00661.trc,5.1980755623491035
C1_00662.trc,25.069655054593966
C1_00663.trc,20.213637740508062
C1_00664.trc,9.216285685889988
C1_00665.trc,4.2297029705835865
C1_00666.trc,10.946319942474055
C1_00667.trc,34.35311846512857
C1_00668.trc,4.785052188876991
C1_00669.trc,4.806181728445608
C1_00670.trc,21.481213641175348
C1_00671.trc,11.272433464193567
C1_00672.trc,6.959804957121938
C1_00673.trc,5.378076148751104
C1_00674.trc,35.31471433762448
C1_00675.trc,19.527125650801054
C1_00676.trc,16.51994672804593
C1_00677.trc,22.08838977390549
C1_00678.trc,7.280535987871745
C1_00679.trc,4.5687734147048324
C1_00680.trc,14.78413097533975
C1_00681.trc,7.535486336740996
C1_00682.trc,4.186248068558673
C1_00683.trc,5.807245420940491
C1_00684.trc,4.374022147718177
C1_00685.trc,7.581931630783804
C1_00686.trc,3.716612950684367
C1_00687.trc,15.329314208375893
C1_00688.trc,6.313359445582126
C1_00689.trc,53.779780479792656
C1_00690.trc,4.748374554703675
C1_00691.trc,18.796559948603687
C1_00692.trc,20.26347148959124
C1_00693.trc,18.69469911466862
C1_00694.trc,6.452495503140577
C1_00695.trc,7.162529827652776
C1_00696.trc,4.735019223434307
C1_00697.trc,6.810303101661936
C1_00698.trc,5.5782088691719345
C1_00699.trc,31.32022553406565
C1_00700.trc,5.108574419136578
C1_00701.trc,4.411895867144481
C1_00702.trc,4.336546920639378
C1_00703.trc,8.043394393856547
C1_00704.trc,27.768461373198093
C1_00705.trc,29.6964363143351
C1_00706.trc,5.87940543883283
C1_00707.trc,5.674089956606718
C1_00708.trc,4.615617248797929
C1_00709.trc,8.413759754593187
C1_00710.trc,16.505794042384988
C1_00711.trc,21.10586442492486
C1_00712.trc,4.575750244761111
C1_00713.trc,30.713846195219386
C1_00714.trc,21.41622982473285
C1_00715.trc,9.010969404642271
C1_00716.trc,4.694553687817472
C1_00717.trc,38.198105580187125
C1_00718.trc,10.854625666229635
C1_00719.trc,36.87910149594452
C1_00720.trc,22.48646319080496
C1_00721.trc,33.052253349551236
C1_00722.trc,7.657480413784592
C1_00723.trc,6.485385689046812
C1_00724.trc,10.407117219182716
C1_00725.trc,63.53566927750707
C1_00726.trc,16.98798666010928
C1_00727.trc,15.26393226928245
C1_00728.trc,6.054023200345654
C1_00729.trc,6.2645217305937315
C1_00730.trc,28.46414355717593
C1_00731.trc,16.923402409326886
C1_00732.trc,18.22745647736837
C1_00733.trc,4.138208316172332
C1_00734.trc,40.8877429493872
C1_00735.trc,21.11443553443924
C1_00736.trc,30.820291426339463
C1_00737.trc,4.758740126017016
C1_00738.trc,4.81694654342527
C1_00739.trc,5.604321846855055
C1_00740.trc,19.231510645361023
C1_00741.trc,4.913623685350807
C1_00742.trc,5.399006221520592
C1_00743.trc,7.656483127491773
C1_00744.trc,9.972565408320838
C1_00745.trc,4.785052284282555
C1_00746.trc,38.20867016512315
C1_00747.trc,15.523267512760494
C1_00748.trc,5.844720648019292
C1_00749.trc,9.374757751422345
C1_00750.trc,5.4907008078331
C1_00751.trc,3.8132910108884674
C1_00752.trc,20.23157770747635
C1_00753.trc,5.098009273692861
C1_00754.trc,4.060666594406199
C1_00755.trc,4.482859358533096
C1_00756.trc,19.652507526971757
C1_00757.trc,4.877345068255598
C1_00758.trc,6.328309080160988
C1_00759.trc,23.728524132564235
C1_00760.trc,8.583195064368812
C1_00761.trc,5.908907014664663
C1_00762.trc,4.950102138941695
C1_00763.trc,57.112872205270115
C1_00764.trc,17.989449894412882
C1_00765.trc,7.0443235208700425
C1_00766.trc,16.465527448836674
C1_00767.trc,16.49044497332867
C1_00768.trc,12.071371115880016
C1_00769.trc,27.20633457698501
C1_00770.trc,7.4182776143934674
C1_00771.trc,14.320875074220261
C1_00772.trc,31.772518274421735
C1_00773.trc,40.28076535325194
C1_00774.trc,10.673629129212728
C1_00775.trc,6.107645005906383
C1_00776.trc,19.28513185463698
C1_00777.trc,5.71295997249311
C1_00778.trc,27.157497362875834
C1_00779.trc,4.578340987639036
C1_00780.trc,15.185792683775267
C1_00781.trc,4.376414675995022
C1_00782.trc,5.177943046708009
C1_00783.trc,4.859603542476613
C1_00784.trc,6.231432149442554
C1_00785.trc,4.55182936257437
C1_00786.trc,13.477485377324427
C1_00787.trc,4.279537184768891
C1_00788.trc,39.77006700297947
C1_00789.trc,45.16568679682795
C1_00790.trc,11.274426701101298
C1_00791.trc,10.276751714086382
C1_00792.trc,5.692029685061092
C1_00793.trc,5.57840830019397
C1_00794.trc,32.8465396969714
C1_00795.trc,9.766053423442393
C1_00796.trc,26.099224121866165
C1_00797.trc,22.81995183219142
C1_00798.trc,11.407383855428428
C1_00799.trc,11.532566729902133
C1_00800.trc,6.036282628622311
C1_00801.trc,5.337610947053745
C1_00802.trc,8.4691751394514
C1_00803.trc,14.770974621915975
C1_00804.trc,23.751846721684863
C1_00805.trc,21.340681554536978
C1_00806.trc,8.272231049500942
C1_00807.trc,4.828906119905707
C1_00808.trc,14.376689249568374
C1_00809.trc,7.514755349148361
C1_00810.trc,26.719756206001843
C1_00811.trc,65.39387643088621
C1_00812.trc,21.613771599538936
C1_00813.trc,26.800885849607454
C1_00814.trc,15.278882094672445
C1_00815.trc,16.330577868549106
C1_00816.trc,34.35092605956409
C1_00817.trc,11.384061492896002
C1_00818.trc,5.011298256677508
C1_00819.trc,6.1008674637637945
C1_00820.trc,5.261464634231375
C1_00821.trc,14.135691666384508
C1_00822.trc,5.093025728247095
C1_00823.trc,37.27139355983021
C1_00824.trc,18.345463520088806
C1_00825.trc,5.180335050254242
C1_00826.trc,4.8903013585954715
C1_00827.trc,36.59883459357947
C1_00828.trc,4.861995963422194
C1_00829.trc,17.308120244517372
C1_00830.trc,4.108307914073517
C1_00831.trc,4.39734422403391
C1_00832.trc,8.309308380517013
C1_00833.trc,4.23448708500732
C1_00834.trc,31.113314925657047
C1_00835.trc,5.101796829291207
C1_00836.trc,27.437564309488245
C1_00837.trc,8.603726978710277
C1_00838.trc,4.939138835069949
C1_00839.trc,31.997967238270288
C1_00840.trc,4.8382749177311375
C1_00841.trc,5.009703869888149
C1_00842.trc,38.147872492032064
C1_00843.trc,10.254027262997798
C1_00844.trc,24.49756173992274
C1_00845.trc,5.9832592473103325
C1_00846.trc,27.500553946893056
C1_00847.trc,23.6655342447198
C1_00848.trc,6.90757914486405
C1_00849.trc,34.59989585098577
C1_00850.trc,5.082062352821177
C1_00851.trc,5.129105951855784
C1_00852.trc,7.0227950715545795
C1_00853.trc,5.267045840681371
C1_00854.trc,10.462532437081197
C1_00855.trc,16.198617261121683
C1_00856.trc,10.839077309259636
C1_00857.trc,5.076879924935376
C1_00858.trc,21.052043414930306
C1_00859.trc,4.70711199861475
C1_00860.trc,6.315352575158599
C1_00861.trc,6.207113049199309
C1_00862.trc,5.684653790223923
C1_00863.trc,4.933557044260867
C1_00864.trc,31.05829830743734
C1_00865.trc,7.4569483781432595
C1_00866.trc,3.7891712939644693
C1_00867.trc,11.594958587045761
C1_00868.trc,17.76180829841166
C1_00869.trc,9.65482395864164
C1_00870.trc,5.311497790485194
C1_00871.trc,12.433564121815083
C1_00872.trc,5.103590802136642
C1_00873.trc,16.973834057928205
C1_00874.trc,38.08727466736236
C1_00875.trc,4.305052179453993
C1_00876.trc,4.395350808240745
C1_00877.trc,30.522285120969237
C1_00878.trc,12.186587424192805
C1_00879.trc,6.178009989566376
C1_00880.trc,9.315953279461903
C1_00881.trc,27.76148507979811
C1_00882.trc,5.7378767814433695
C1_00883.trc,18.331709004781587
C1_00884.trc,18.19974811113746
C1_00885.trc,5.5066475617450426
C1_00886.trc,21.432774824008114
C1_00887.trc,11.272433333010914
C1_00888.trc,6.2067149861768485
C1_00889.trc,29.285406189696413
C1_00890.trc,14.689047755101445
C1_00891.trc,8.997016114226277
C1_00892.trc,40.95850631806345
C1_00893.trc,4.850833013865895
C1_00894.trc,20.245730071143512
C1_00895.trc,9.996286239349372
C1_00896.trc,34.65331772464525
C1_00897.trc,4.53488582324882
C1_00898.trc,6.5057183631773725
C1_00899.trc,5.022261524772167
C1_00900.trc,31.12527565892996
C1_00901.trc,11.5066535887147
C1_00902.trc,24.38134893241304
C1_00903.trc,9.422398665616019
C1_00904.trc,15.40546047349548
C1_00905.trc,20.02745803621223
C1_00906.trc,15.766457286846302
C1_00907.trc,4.676813235351091
C1_00908.trc,8.51282948442404
C1_00909.trc,5.836547923521157
C1_00910.trc,11.302334128657677
C1_00911.trc,33.02155587927755
C1_00912.trc,40.45817402805784
C1_00913.trc,9.10784641884058
C1_00914.trc,25.58792812251517
C1_00915.trc,20.070115834285176
C1_00916.trc,8.493095484981838
C1_00917.trc,9.73176769740975
C1_00918.trc,5.201065835110046
C1_00919.trc,6.330502320524149
C1_00920.trc,6.0661829949440325
C1_00921.trc,22.318024511408897
C1_00922.trc,22.80340711913285
C1_00923.trc,4.271962264383336
C1_00924.trc,5.171365042918703
C1_00925.trc,7.875752496418659
C1_00926.trc,4.88013569533199
C1_00927.trc,22.879553801651785
C1_00928.trc,16.450179214579048
C1_00929.trc,39.478638307850595
C1_00930.trc,4.471297904703599
C1_00931.trc,14.823599880577017
C1_00932.trc,10.06625310035843
C1_00933.trc,4.0477095885245955
C1_00934.trc,5.735484968708265
C1_00935.trc,6.780402771117302
C1_00936.trc,4.193823024721318
C1_00937.trc,6.417412494270531
C1_00938.trc,5.393824067925793
C1_00939.trc,4.23050027727238
C1_00940.trc,6.43016997372454
C1_00941.trc,53.36575945033115
C1_00942.trc,4.5564142248615
C1_00943.trc,4.305849271480262
C1_00944.trc,4.713291677016278
C1_00945.trc,7.978011846552623
C1_00946.trc,28.39178439447825
C1_00947.trc,13.451771369016639
C1_00948.trc,12.365790012215669
C1_00949.trc,6.554157061087654
C1_00950.trc,13.632368912806832
C1_00951.trc,24.281083033849328
C1_00952.trc,5.042195229527399
C1_00953.trc,4.978407963440014
C1_00954.trc,35.93624320717377
C1_00955.trc,28.64753205003629
C1_00956.trc,5.183325072575578
C1_00957.trc,36.32993094236853
C1_00958.trc,6.346448871699266
C1_00959.trc,9.104657335193767
C1_00960.trc,16.984199152213716
C1_00961.trc,6.321133355738981
C1_00962.trc,9.93170096295716
C1_00963.trc,6.386913954139664
C1_00964.trc,9.40904283346743
C1_00965.trc,9.999674813646696
C1_00966.trc,6.782994265314047
C1_00967.trc,12.985723850988032
C1_00968.trc,37.3246162052045
C1_00969.trc,4.3497032144346734
C1_00970.trc,19.288520655522507
C1_00971.trc,4.868773159719614
C1_00972.trc,5.497477849096476
C1_00973.trc,11.373496466709241
C1_00974.trc,3.931696164334146
C1_00975.trc,41.25212814622422
C1_00976.trc,12.34326498022343
C1_00977.trc,20.96034901942893
C1_00978.trc,8.235952181966125
C1_00979.trc,11.782932216484255
C1_00980.trc,6.714223155638508
C1_00981.trc,10.65429330012425
C1_00982.trc,20.08247470213472
C1_00983.trc,6.855352903281119
C1_00984.trc,36.36680874695699
C1_00985.trc,33.96461319359669
C1_00986.trc,15.668782787073766
C1_00987.trc,5.422528086629222
C1_00988.trc,10.465522495179616
C1_00989.trc,32.70341586569666
C1_00990.trc,16.340344431254618
C1_00991.trc,55.308685469056186
C1_00992.trc,5.406581129980448
C1_00993.trc,34.55644090125807
C1_00994.trc,12.176421498564018
C1_00995.trc,19.757358085085773
C1_00996.trc,13.182269138522903
C1_00997.trc,13.646920794431313
C1_00998.trc,20.329651057367258
C1_00999.trc,7.935354453953327
C1_01000.trc,16.183866413577285
C1_01001.trc,4.980400830651185
C1_01002.trc,21.594834704048697
C1_01003.trc,5.757611472575914
C1_01004.trc,38.42893610480113
C1_01005.trc,6.025518219116297
C1_01006.trc,24.83583414988776
C1_01007.trc,16.663867019285068
C1_01008.trc,8.809242058918166
C1_01009.trc,4.706912770329543
C1_01010.trc,11.355158019319141
C1_01011.trc,47.916319898686154
C1_01012.trc,9.023926935254481
C1_01013.trc,23.42952052897549
C1_01014.trc,14.399213959566833
C1_01015.trc,9.232232225139413
C1_01016.trc,5.686847412209335
C1_01017.trc,11.613097877704824
C1_01018.trc,5.70777765193856
C1_01019.trc,11.659144989468217
C1_01020.trc,4.607443999569185
C1_01021.trc,11.305124469517374
C1_01022.trc,14.86306797486698
C1_01023.trc,9.635488356141371
C1_01024.trc,5.879006600640154
C1_01025.trc,4.828507520226945
C1_01026.trc,36.57730671669739
C1_01027.trc,4.623590232205949
C1_01028.trc,4.18006883140788
C1_01029.trc,38.95358793630072
C1_01030.trc,10.183661730755809
C1_01031.trc,5.400401642390047
C1_01032.trc,10.859409756801977
C1_01033.trc,18.751510146984504
C1_01034.trc,5.641199186341401
C1_01035.trc,20.48872055731563
C1_01036.trc,32.7618213325047
C1_01037.trc,4.842859803869663
C1_01038.trc,37.91544771181135
C1_01039.trc,28.12686738404251
C1_01040.trc,4.5019958639308015
C1_01041.trc,4.828108968250966
C1_01042.trc,38.086078880251755
C1_01043.trc,5.124521041865874
C1_01044.trc,5.826382212554895
C1_01045.trc,5.196281744537709
C1_01046.trc,57.77247465459278
C1_01047.trc,36.60800431815374
C1_01048.trc,5.774753953969981
C1_01049.trc,5.190501381356673
C1_01050.trc,12.894827072243531
C1_01051.trc,37.436244257758325
C1_01052.trc,6.609970699779462
C1_01053.trc,6.8451868941724685
C1_01054.trc,22.549054264308097
C1_01055.trc,6.465452389765224
C1_01056.trc,23.838557905659957
C1_01057.trc,5.113358056532484
C1_01058.trc,23.154238483882715
C1_01059.trc,7.185851259980944
C1_01060.trc,24.7275953633216
C1_01061.trc,6.243392560721686
C1_01062.trc,27.214706935242006
C1_01063.trc,9.99369474515263
C1_01064.trc,9.130571013037503
C1_01065.trc,8.278809578020846
C1_01066.trc,5.1534247181795525
C1_01067.trc,50.26549190377476
C1_01068.trc,6.064787430966229
C1_01069.trc,25.675834986269585
C1_01070.trc,4.314819696215141
C1_01071.trc,22.838888966195572
C1_01072.trc,5.0511657615935395
C1_01073.trc,47.748479512356205
C1_01074.trc,21.372575038509474
C1_01075.trc,5.841132666551335
C1_01076.trc,23.45603271454784
C1_01077.trc,30.127599479345488
C1_01078.trc,7.825918723484094
C1_01079.trc,10.557615573839636
C1_01080.trc,19.56460024581798
C1_01081.trc,13.055491519488958
C1_01082.trc,14.81104134319152
C1_01083.trc,43.06628233110055
C1_01084.trc,5.791299239461935
C1_01085.trc,20.86945202602191
C1_01086.trc,9.914758007990695
C1_01087.trc,15.201141406986407
C1_01088.trc,7.6574801633449825
C1_01089.trc,5.828574987815919
C1_01090.trc,5.56246177287024
C1_01091.trc,11.127915189956413
C1_01092.trc,34.479896298825025
C1_01093.trc,4.553025519381529
C1_01094.trc,47.50429273819426
C1_01095.trc,5.465982714363136
C1_01096.trc,5.83395653665567
C1_01097.trc,5.960335854153238
C1_01098.trc,5.68644844283401
C1_01099.trc,40.894320178006296
C1_01100.trc,5.037212125332374
C1_01101.trc,4.809770198867085
C1_01102.trc,17.313900917766485
C1_01103.trc,5.942594996213204
C1_01104.trc,13.774096798481498
C1_01105.trc,19.733636788955113
C1_01106.trc,5.333225408457388
C1_01107.trc,5.189703740748408
C1_01108.trc,51.37619060272686
C1_01109.trc,12.677152507505355
C1_01110.trc,6.844190573860994
C1_01111.trc,4.288307653751131
C1_01112.trc,8.419939230257892
C1_01113.trc,43.78389138518717
C1_01114.trc,19.165529840768095
C1_01115.trc,8.269839141360272
C1_01116.trc,30.82667076235125
C1_01117.trc,20.463604054978035
C1_01118.trc,30.947866638278878
C1_01119.trc,5.0110989329867355
C1_01120.trc,8.353959284315046
C1_01121.trc,4.951896505335087
C1_01122.trc,5.811631162273678
C1_01123.trc,51.777253779582374
C1_01124.trc,4.240068494194144
C1_01125.trc,37.31783927127237
C1_01126.trc,9.636883621976787
C1_01127.trc,7.018010742468331
C1_01128.trc,9.864525289532194
C1_01129.trc,5.564056255065164
C1_01130.trc,7.288708807775443
C1_01131.trc,6.037079971088186
C1_01132.trc,9.427182732336965
C1_01133.trc,5.506647454413781
C1_01134.trc,17.56446597847898
C1_01135.trc,5.198873298362931
C1_01136.trc,7.743194013324473
C1_01137.trc,14.391439584307857
C1_01138.trc,4.386580148447372
C1_01139.trc,9.273095966887055
C1_01140.trc,40.916446395657246
C1_01141.trc,5.6262488839235845
C1_01142.trc,55.27679149613017
C1_01143.trc,4.618606817942835
C1_01144.trc,39.63332277008183
C1_01145.trc,3.938274311231792
C1_01146.trc,21.15350538682131
C1_01147.trc,21.67975214176657
C1_01148.trc,8.37189898891803
C1_01149.trc,5.942595127395855
C1_01150.trc,7.765320684151865
C1_01151.trc,5.977079986308145
C1_01152.trc,4.148972260576214
C1_01153.trc,19.306859174466783
C1_01154.trc,17.222405094637065
C1_01155.trc,38.669733636826784
C1_01156.trc,4.6301684625834625
C1_01157.trc,7.050502734169449
C1_01158.trc,31.74221915338721
C1_01159.trc,22.724469773760443
C1_01160.trc,9.547581957489076
C1_01161.trc,16.392770330447796
C1_01162.trc,15.10944660601138
C1_01163.trc,36.380362865260835
C1_01164.trc,8.645786471791428
C1_01165.trc,8.1438591510089
C1_01166.trc,26.673908906882744
C1_01167.trc,21.76586426943104
C1_01168.trc,7.8506363041491465
C1_01169.trc,28.747598934977308
C1_01170.trc,10.84286485293228
C1_01171.trc,27.883278497473036
C1_01172.trc,6.5571467971923
C1_01173.trc,4.513955631222371
C1_01174.trc,5.568441590924697
C1_01175.trc,28.668262596378188
C1_01176.trc,7.465719157193584
C1_01177.trc,5.707976987555032
C1_01178.trc,4.320201412014628
C1_01179.trc,22.24726027215688
C1_01180.trc,4.320998623297854
C1_01181.trc,10.863197026183622
C1_01182.trc,9.543196156527413
C1_01183.trc,26.053377132815143
C1_01184.trc,19.645530625361303
C1_01185.trc,8.041799422708097
C1_01186.trc,37.02262199493533
C1_01187.trc,15.284064904180498
C1_01188.trc,21.053239512108995
C1_01189.trc,18.428586114385457
C1_01190.trc,22.597692739085584
C1_01191.trc,5.411963084293849
C1_01192.trc,14.284794826760184
C1_01193.trc,11.166586347254157
C1_01194.trc,24.369787418955063
C1_01195.trc,5.566448222834312
C1_01196.trc,7.368443149768559
C1_01197.trc,13.785857731035813
C1_01198.trc,33.461290451944706
C1_01199.trc,10.25602069071666
C1_01200.trc,25.606466370623846
C1_01201.trc,6.967180303377112
C1_01202.trc,52.24868267949098
C1_01203.trc,38.45086311801826
C1_01204.trc,4.485650224123399
C1_01205.trc,25.132645312134954
C1_01206.trc,15.361805878083226
C1_01207.trc,5.887378660754761
C1_01208.trc,55.20024713221102
C1_01209.trc,5.490501412588155
C1_01210.trc,49.19386294987345
C1_01211.trc,24.16347492472713
C1_01212.trc,37.78189257448621
C1_01213.trc,38.336842799552905
C1_01214.trc,23.749454610807373
C1_01215.trc,24.69231305461217
C1_01216.trc,4.858806438524651
C1_01217.trc,11.293961543812465
C1_01218.trc,19.773105300644424
C1_01219.trc,18.309184103971994
C1_01220.trc,16.614830004457293
C1_01221.trc,4.563989181024143
C1_01222.trc,20.890581243596742
C1_01223.trc,5.3248534795254345
C1_01224.trc,5.165783419069364
C1_01225.trc,13.510774282166386
C1_01226.trc,11.54133750895246
C1_01227.trc,5.838342087177724
C1_01228.trc,39.8346516950126
C1_01229.trc,30.7559047103935
C1_01230.trc,4.901664096944673
C1_01231.trc,8.153028720549118
C1_01232.trc,17.535960711032942
C1_01233.trc,7.414290174596661
C1_01234.trc,23.284603559654013
C1_01235.trc,5.144853179340132
C1_01236.trc,5.168773489093482
C1_01237.trc,5.283591209653203
C1_01238.trc,19.039749579581148
C1_01239.trc,5.658142654112777
C1_01240.trc,4.424852634512177
C1_01241.trc,18.878088227665152
C1_01242.trc,23.47177987047802
C1_01243.trc,19.59370324582244
C1_01244.trc,6.355618166948483
C1_01245.trc,4.9813981765724815
C1_01246.trc,9.239009803059089
C1_01247.trc,5.745850384987562
C1_01248.trc,4.791032245445367
C1_01249.trc,4.738806266227737
C1_01250.trc,12.086719803314079
C1_01251.trc,12.135557005497557
C1_01252.trc,4.522128415348986
C1_01253.trc,18.547190698853182
C1_01254.trc,5.913691319899523
C1_01255.trc,7.87953970617183
C1_01256.trc,7.98638373970749
C1_01257.trc,12.116620515480966
C1_01258.trc,11.246519619390092
C1_01259.trc,5.931431366892257
C1_01260.trc,6.564123412586056
C1_01261.trc,6.702661880694446
C1_01262.trc,5.605119535166103
C1_01263.trc,11.774560263700911
C1_01264.trc,5.0641224097042805
C1_01265.trc,6.100867451838094
C1_01266.trc,4.30744389678353
C1_01267.trc,7.615619552703869
C1_01268.trc,6.4008678169890505
C1_01269.trc,6.1106346704568555
C1_01270.trc,4.910035715808542
C1_01271.trc,7.019206911201184
C1_01272.trc,15.969381373736654
C1_01273.trc,5.131896555080783
C1_01274.trc,35.198898853744126
C1_01275.trc,34.831125571563305
C1_01276.trc,7.251034304708654
C1_01277.trc,12.774627564330148
C1_01278.trc,16.43223893754267
C1_01279.trc,6.3518310526008825
C1_01280.trc,5.078075819377232
C1_01281.trc,17.098618368500244
C1_01282.trc,13.180275937392256
C1_01283.trc,4.875550403719819
C1_01284.trc,6.616548596237499
C1_01285.trc,7.997148399653113
C1_01286.trc,9.667980288214014
C1_01287.trc,8.173759541182012
C1_01288.trc,21.390913939076
C1_01289.trc,34.82335156600089
C1_01290.trc,11.84054031697502
C1_01291.trc,26.68128453935461
C1_01292.trc,8.465188677561628
C1_01293.trc,36.32215684140054
C1_01294.trc,6.569904300497696
C1_01295.trc,8.432298062330354
C1_01296.trc,14.353765081241065
C1_01297.trc,6.17242874733929
C1_01298.trc,3.7843874061289537
C1_01299.trc,9.722399078469756
C1_01300.trc,4.776082002656024
C1_01301.trc,9.386518147320361
C1_01302.trc,4.181064996685314
C1_01303.trc,7.28950610253854
C1_01304.trc,4.774088908856637
C1_01305.trc,5.742661337117836
C1_01306.trc,38.307540618966016
C1_01307.trc,11.961138031019212
C1_01308.trc,14.846722490093626
C1_01309.trc,6.225053648229466
C1_01310.trc,5.6481758375122455
C1_01311.trc,38.30773989495401
C1_01312.trc,6.284854440501384
C1_01313.trc,15.66200529263396
C1_01314.trc,5.7839231299622424
C1_01315.trc,18.688519710558086
C1_01316.trc,5.280202301436406
C1_01317.trc,39.752525564135766
C1_01318.trc,6.489970622888115
C1_01319.trc,13.44818286281807
C1_01320.trc,9.329707758992035
C1_01321.trc,5.62026892276078
C1_01322.trc,39.5751165434847
C1_01323.trc,44.286416128460026
C1_01324.trc,7.003658733116611
C1_01325.trc,29.859492836680946
C1_01326.trc,7.539871934965834
C1_01327.trc,24.539222931467517
C1_01328.trc,6.642262854984901
C1_01329.trc,19.361278215162127
C1_01330.trc,4.180666373155156
C1_01331.trc,4.711297915377944
C1_01332.trc,10.880738620061365
C1_01333.trc,6.020335612345065
C1_01334.trc,7.793028740314689
C1_01335.trc,39.46867118118196
C1_01336.trc,5.189304735595996
C1_01337.trc,30.681753661847107
C1_01338.trc,3.9113639910828
C1_01339.trc,23.721746673901514
C1_01340.trc,8.680072305155335
C1_01341.trc,9.877681416367746
C1_01342.trc,5.6168803246120715
C1_01343.trc,6.058408822421877
C1_01344.trc,20.295365355185993
C1_01345.trc,4.641530914715971
C1_01346.trc,4.03196208674925
C1_01347.trc,5.17455406693704
C1_01348.trc,7.0702368528686055
C1_01349.trc,14.416555693097497
C1_01350.trc,7.083791758268359
C1_01351.trc,5.648973466194819
C1_01352.trc,19.903870109035573
C1_01353.trc,13.04353112013553
C1_01354.trc,4.704122190955931
C1_01355.trc,5.535551679309457
C1_01356.trc,38.42973387659204
C1_01357.trc,7.545852182345329
C1_01358.trc,49.06848063245201
C1_01359.trc,8.628245056799127
C1_01360.trc,5.264255642930026
C1_01361.trc,4.968241453452148
C1_01362.trc,8.402198384243558
C1_01363.trc,6.771432763781769
C1_01364.trc,7.88272946958329
C1_01365.trc,14.746256945845357
C1_01366.trc,26.22341040173739
C1_01367.trc,12.298015723730812
C1_01368.trc,6.681532174166089
C1_01369.trc,7.942530071044081
C1_01370.trc,37.28155952123608
C1_01371.trc,15.90997882337263
C1_01372.trc,22.099353304365454
C1_01373.trc,5.055550942419033
C1_01374.trc,16.253833000295344
C1_01375.trc,30.911985774138053
C1_01376.trc,12.540208903214149
C1_01377.trc,7.125253399534147
C1_01378.trc,19.815763671150762
C1_01379.trc,6.937080851878527
C1_01380.trc,8.395022671747242
C1_01381.trc,12.687916690423144
C1_01382.trc,6.310967131967808
C1_01383.trc,4.699337754538423
C1_01384.trc,7.915819205768512
C1_01385.trc,9.718611129323456
C1_01386.trc,31.036969694617557
C1_01387.trc,5.509039720325323
C1_01388.trc,9.412232310662196
C1_01389.trc,16.12287019196564
C1_01390.trc,22.685599960610876
C1_01391.trc,6.284455363794792
C1_01392.trc,25.089389495286902
C1_01393.trc,4.585317769992532
C1_01394.trc,29.11377820006533
C1_01395.trc,12.246188487300302
C1_01396.trc,6.872097691349283
C1_01397.trc,41.345217604824185
C1_01398.trc,6.682728223641991
C1_01399.trc,52.45340097774069
C1_01400.trc,8.579408307792075
C1_01401.trc,9.898014090498314
C1_01402.trc,9.465056523317443
C1_01403.trc,23.69224533658359
C1_01404.trc,5.797876825851893
C1_01405.trc,15.105260665396793
C1_01406.trc,15.946855709682547
C1_01407.trc,12.5527664746183
C1_01408.trc,4.6014640503320745
C1_01409.trc,9.503329402930204
C1_01410.trc,33.3211572273504
C1_01411.trc,6.235817699964608
C1_01412.trc,53.84596009527143
C1_01413.trc,21.399684563092286
C1_01414.trc,6.480602123205076
C1_01415.trc,4.260600313130045
C1_01416.trc,7.097147089537726
C1_01417.trc,25.027594965228037
C1_01418.trc,4.572560672160782
C1_01419.trc,16.6120399259629
C1_01420.trc,8.069705824654656
C1_01421.trc,15.240410738093294
C1_01422.trc,5.222394972660435
C1_01423.trc,39.76986790587691
C1_01424.trc,3.948639822916654
C1_01425.trc,10.654093737919563
C1_01426.trc,20.473770433783255
C1_01427.trc,9.460471983024092
C1_01428.trc,11.625855571821349
C1_01429.trc,30.051652156294413
C1_01430.trc,5.098009893829028
C1_01431.trc,6.16206355764821
C1_01432.trc,8.09920796099418
C1_01433.trc,15.176024809243245
C1_01434.trc,4.8408666504417965
C1_01435.trc,6.26212983437876
C1_01436.trc,7.6770151372388025
C1_01437.trc,5.269438178147086
C1_01438.trc,5.05196292517398
C1_01439.trc,6.53980482514772
C1_01440.trc,6.162860590046003
C1_01441.trc,48.02296464430815
C1_01442.trc,6.913958337767486
C1_01443.trc,9.223461780008563
C1_01444.trc,6.597013681972159
C1_01445.trc,19.932773618389508
C1_01446.trc,17.504266562676914
C1_01447.trc,4.236480798942871
C1_01448.trc,7.442994932693219
C1_01449.trc,5.29734483053325
C1_01450.trc,30.790191676698488
C1_01451.trc,8.348975798497762
C1_01452.trc,3.7397361326343646
C1_01453.trc,5.74724577007993
C1_01454.trc,38.284019230885214
C1_01455.trc,10.268778146319276
C1_01456.trc,3.7239886189333236
C1_01457.trc,5.94618271531586
C1_01458.trc,6.036880623546022
C1_01459.trc,6.30997046581116
C1_01460.trc,4.245450651244365
C1_01461.trc,4.680600612064
C1_01462.trc,11.597151684300576
C1_01463.trc,5.120932833809693
C1_01464.trc,31.19205219601986
C1_01465.trc,12.656421770352324
C1_01466.trc,5.339604100481609
C1_01467.trc,28.108129704911786
C1_01468.trc,6.52365792467201
C1_01469.trc,18.818287495021707
C1_01470.trc,4.613025277573358
C1_01471.trc,6.80193120850707
C1_01472.trc,30.124609767092235
C1_01473.trc,36.00541288075099
C1_01474.trc,27.117431070925324
C1_01475.trc,31.027202344816146
C1_01476.trc,19.31961735753683
C1_01477.trc,5.079271558785048
C1_01478.trc,6.20232908980962
C1_01479.trc,29.35318029929584
C1_01480.trc,5.645784263291053
C1_01481.trc,4.20498569998662
C1_01482.trc,3.083722428024175
C1_01483.trc,4.4011317200037725
C1_01484.trc,4.396148723140002
C1_01485.trc,6.343857508685172
C1_01486.trc,28.587731448575504
C1_01487.trc,5.04498621437466
C1_01488.trc,16.112303818175278
C1_01489.trc,5.154820484894181
C1_01490.trc,11.426918698139593
C1_01491.trc,4.957677214361296
C1_01492.trc,4.252028619256581
C1_01493.trc,9.07994029118502
C1_01494.trc,37.529732530699576
C1_01495.trc,4.5801355329178595
C1_01496.trc,4.56378955919098
C1_01497.trc,5.602926950716203
C1_01498.trc,4.640334722131721
C1_01499.trc,4.5540223047951365
C1_01500.trc,10.318612062362194
C1_01501.trc,7.050303410478676
C1_01502.trc,5.14824205177984
C1_01503.trc,35.458235254014646
C1_01504.trc,6.038474998409686
C1_01505.trc,8.078078266391524
C1_01506.trc,4.492826330167671
C1_01507.trc,22.079419802347044
C1_01508.trc,4.835683948265
C1_01509.trc,4.956481367622225
C1_01510.trc,7.8428623939922915
C1_01511.trc,18.552772608919213
C1_01512.trc,7.077014442713978
C1_01513.trc,5.518009632255293
C1_01514.trc,31.04673724715579
C1_01515.trc,5.733491707949137
C1_01516.trc,4.437211919761068
C1_01517.trc,4.994354681574871
C1_01518.trc,5.442860558022958
C1_01519.trc,13.941738218891558
C1_01520.trc,5.949571862046572
C1_01521.trc,5.643391961602428
C1_01522.trc,6.140136663688029
C1_01523.trc,37.74680908858835
C1_01524.trc,20.30014930264999
C1_01525.trc,54.471873525510055
C1_01526.trc,8.767381340945787
C1_01527.trc,4.984786583910061
C1_01528.trc,4.876746739412413
C1_01529.trc,7.256416282873442
C1_01530.trc,29.711984695156502
C1_01531.trc,13.839878136275308
C1_01532.trc,5.340402003455177
C1_01533.trc,52.84948044219069
C1_01534.trc,3.5521610790232416
C1_01535.trc,12.223065233796133
C1_01536.trc,7.49123361522239
C1_01537.trc,12.318945486432222
C1_01538.trc,34.66926521795032
C1_01539.trc,4.40671306956212
C1_01540.trc,6.488575512086744
C1_01541.trc,12.748315000590953
C1_01542.trc,8.74007271926042
C1_01543.trc,18.56552979023084
C1_01544.trc,4.124254453322945
C1_01545.trc,7.2966822682112875
C1_01546.trc,9.357814152468318
C1_01547.trc,17.040411342881505
C1_01548.trc,27.225071922196264
C1_01549.trc,25.01982131743648
C1_01550.trc,5.165584238486932
C1_01551.trc,6.071166146841841
C1_01552.trc,5.311298538348597
C1_01553.trc,53.0801116550396
C1_01554.trc,6.1829939404857885
C1_01555.trc,28.297896889796373
C1_01556.trc,16.62659160485056
C1_01557.trc,14.64619051408077
C1_01558.trc,11.8046599775648
C1_01559.trc,6.115618335159571
C1_01560.trc,6.127379398896537
C1_01561.trc,6.363392625687338
C1_01562.trc,4.661065828981308
C1_01563.trc,14.714163983148044
C1_01564.trc,5.640401653064398
C1_01565.trc,39.12661113213874
C1_01566.trc,4.8855171606918715
C1_01567.trc,28.207598439895055
C1_01568.trc,5.503658183411268
C1_01569.trc,23.96015276288862
C1_01570.trc,6.417612259212044
C1_01571.trc,6.80193123235846
C1_01572.trc,25.191050719314504
C1_01573.trc,15.871307868811707
C1_01574.trc,20.124733208838563
C1_01575.trc,4.862793186631114
C1_01576.trc,6.675552379963022
C1_01577.trc,5.858275970818391
C1_01578.trc,52.86841775508027
C1_01579.trc,5.6878436728923365
C1_01580.trc,5.490700867461583
C1_01581.trc,21.664402726865074
C1_01582.trc,38.32129462146833
C1_01583.trc,14.80545999363318
C1_01584.trc,7.615619445372607
C1_01585.trc,6.633492302522789
C1_01586.trc,26.09922420534603
C1_01587.trc,17.993037613515543
C1_01588.trc,4.691364794981794
C1_01589.trc,10.918014392266738
C1_01590.trc,5.928641681945816
C1_01591.trc,5.69920607732206
C1_01592.trc,32.026073393232664
C1_01593.trc,22.6058655112865
C1_01594.trc,6.90797813809077
C1_01595.trc,13.619611612238256
C1_01596.trc,14.856489780266557
C1_01597.trc,43.77392374571365
C1_01598.trc,33.86594182493069
C1_01599.trc,8.557082062834304
C1_01600.trc,4.541862796413447
C1_01601.trc,7.2460514151761455
C1_01602.trc,25.0455352541901
C1_01603.trc,19.079816229302523
C1_01604.trc,28.09377749282325
C1_01605.trc,5.302528009737876
C1_01606.trc,10.20259884090857
C1_01607.trc,5.283391683225602
C1_01608.trc,39.454518745960634
C1_01609.trc,22.063074079059774
C1_01610.trc,16.29748732141659
C1_01611.trc,11.990241519977182
C1_01612.trc,15.487786178502684
C1_01613.trc,40.559038052727914
C1_01614.trc,19.52911876845183
C1_01615.trc,20.04240848173839
C1_01616.trc,27.35922511407359
C1_01617.trc,5.9128934169259555
C1_01618.trc,3.9538226085733204
C1_01619.trc,27.401882971775013
C1_01620.trc,5.02784326787847
C1_01621.trc,34.65949717645856
C1_01622.trc,20.551112951115563
C1_01623.trc,11.32266639731459
C1_01624.trc,6.433160079525747
C1_01625.trc,5.062527677069745
C1_01626.trc,6.31535256323291
C1_01627.trc,8.700006510789782
C1_01628.trc,5.3182754876618255
C1_01629.trc,16.80140869005416
C1_01630.trc,18.689117943995708
C1_01631.trc,4.98040130767901
C1_01632.trc,5.286780114414576
C1_01633.trc,7.1156860293367625
C1_01634.trc,8.372895941291372
C1_01635.trc,5.200667211579891
C1_01636.trc,4.721663438988499
C1_01637.trc,5.50026903668056
C1_01638.trc,5.132095866845866
C1_01639.trc,7.1246556073472584
C1_01640.trc,22.738224956906617
C1_01641.trc,16.59888351291065
C1_01642.trc,5.1709660854690735
C1_01643.trc,4.048706493195155
C1_01644.trc,11.145855311958742
C1_01645.trc,29.085074396024417
C1_01646.trc,5.963325494852315
C1_01647.trc,9.84758175020664
C1_01648.trc,13.4740965525875
C1_01649.trc,22.41510136210288
C1_01650.trc,12.106653973171435
C1_01651.trc,15.707454159034034
C1_01652.trc,5.645384733408035
C1_01653.trc,8.269440458201634
C1_01654.trc,7.312629105603101
C1_01655.trc,7.104522912820726
C1_01656.trc,12.190773018962219
C1_01657.trc,6.0765484112233255
C1_01658.trc,13.535492351784953
C1_01659.trc,28.427864164910513
C1_01660.trc,32.38986120335644
C1_01661.trc,5.270434892006512
C1_01662.trc,7.783460082142183
C1_01663.trc,4.665450699738714
C1_01664.trc,4.6730257751583135
C1_01665.trc,4.675417492487852
C1_01666.trc,4.73402259305474
C1_01667.trc,4.174487231409926
C1_01668.trc,6.099471792454727
C1_01669.trc,20.24353788024157
C1_01670.trc,37.33498128756431
C1_01671.trc,19.55363735934559
C1_01672.trc,17.039614859065715
C1_01673.trc,7.155951633052351
C1_01674.trc,26.633244524602958
C1_01675.trc,34.830527314274285
C1_01676.trc,4.65867365847534
C1_01677.trc,9.868113259074457
C1_01678.trc,6.008973434503558
C1_01679.trc,20.17018233760394
C1_01680.trc,18.84220818639732
C1_01681.trc,5.666315485942173
C1_01682.trc,5.107179069821294
C1_01683.trc,8.032231372746072
C1_01684.trc,37.103553030391915
C1_01685.trc,32.355176424468596
C1_01686.trc,18.536825640344748
C1_01687.trc,23.27344105134845
C1_01688.trc,5.7899036874098275
C1_01689.trc,4.263590144640252
C1_01690.trc,7.9321646189877
C1_01691.trc,24.62772782592274
C1_01692.trc,9.304990667280501
C1_01693.trc,18.43994847111241
C1_01694.trc,13.806987342158607
C1_01695.trc,19.051510082810424
C1_01696.trc,13.69535913457073
C1_01697.trc,7.005851615708905
C1_01698.trc,37.24567959922522
C1_01699.trc,5.608308738069864
C1_01700.trc,8.793693439582853
C1_01701.trc,30.805939309656473
C1_01702.trc,30.111653250164146
C1_01703.trc,43.80103464175145
C1_01704.trc,19.071443656382996
C1_01705.trc,26.271251057021185
C1_01706.trc,4.528308046047741
C1_01707.trc,8.196683172853021
C1_01708.trc,6.533027235302347
C1_01709.trc,8.862265356750274
C1_01710.trc,56.700846058462346
C1_01711.trc,5.29814219685052
C1_01712.trc,5.81262819812689
C1_01713.trc,8.771368387194642
C1_01714.trc,12.004991962047932
C1_01715.trc,18.278087759728546
C1_01716.trc,10.655489373451541
C1_01717.trc,6.911964385318019
C1_01718.trc,5.014886452807993
C1_01719.trc,15.105858624543421
C1_01720.trc,3.394686049344093
C1_01721.trc,5.1647869556495385
C1_01722.trc,10.012631652568562
C1_01723.trc,21.138554929369455
C1_01724.trc,12.573697286780916
C1_01725.trc,4.485649961758096
C1_01726.trc,4.66226191423429
C1_01727.trc,5.953159449966575
C1_01728.trc,8.793095456584837
C1_01729.trc,14.554496178207872
C1_01730.trc,5.697810728006776
C1_01731.trc,53.598783847370164
C1_01732.trc,26.089855133229605
C1_01733.trc,3.8633242983249314
C1_01734.trc,8.20864336946963
C1_01735.trc,38.54455081005586
C1_01736.trc,6.99090118210843
C1_01737.trc,4.536480901728526
C1_01738.trc,38.34820562138197
C1_01739.trc,4.976813409690914
C1_01740.trc,9.690106195796886
C1_01741.trc,55.41074549549938
C1_01742.trc,5.338009701766549
C1_01743.trc,32.29657169359827
C1_01744.trc,27.238228788424944
C1_01745.trc,53.6003780433484
C1_01746.trc,24.59663126701677
C1_01747.trc,19.782673923039848
C1_01748.trc,8.71395926454948
C1_01749.trc,4.087975430754092
C1_01750.trc,6.040867288172617
C1_01751.trc,6.163657801329229
C1_01752.trc,6.929904137623786
C1_01753.trc,4.810368253419276
C1_01754.trc,18.820679677453377
C1_01755.trc,20.184733789903383
C1_01756.trc,6.666782113717606
C1_01757.trc,18.54220698644767
C1_01758.trc,14.110774451960598
C1_01759.trc,12.017749942381148
C1_01760.trc,6.185385705518113
C1_01761.trc,64.07846051892268
C1_01762.trc,17.24712336699246
C1_01763.trc,16.18247110003909
C1_01764.trc,4.79581694422818
C1_01765.trc,5.066115992457183
C1_01766.trc,9.232232153585242
C1_01767.trc,13.287119923225134
C1_01768.trc,7.7216663034021344
C1_01769.trc,5.258873342771455
C1_01770.trc,7.412895206903638
C1_01771.trc,6.9663830801681925
C1_01772.trc,21.47961876543247
C1_01773.trc,4.275151610395443
C1_01774.trc,4.344919255044987
C1_01775.trc,11.411569545603399
C1_01776.trc,6.114621609374447
C1_01777.trc,4.63156374034457
C1_01778.trc,7.036948258094734
C1_01779.trc,3.9231247447516817
C1_01780.trc,23.168192084366787
C1_01781.trc,24.705469264927597
C1_01782.trc,4.946713624272855
C1_01783.trc,4.128241773862797
C1_01784.trc,18.929915499872756
C1_01785.trc,4.2107661943503025
C1_01786.trc,5.175949380475231
C1_01787.trc,4.168108265094707
C1_01788.trc,24.467461847173418
C1_01789.trc,22.478091226095916
C1_01790.trc,16.60546106352352
C1_01791.trc,33.556971857917844
C1_01792.trc,6.901001486919924
C1_01793.trc,4.403922514039897
C1_01794.trc,7.294688888195209
C1_01795.trc,11.839942274348525
C1_01796.trc,4.644121860330718
C1_01797.trc,5.544720569085035
C1_01798.trc,20.143072741466955
C1_01799.trc,19.171510338587204
C1_01800.trc,39.75551545527446
C1_01801.trc,35.775777463482946
C1_01802.trc,14.184529524481253
C1_01803.trc,7.007446527228866
C1_01804.trc,51.842037986117404
C1_01805.trc,5.965119718137359
C1_01806.trc,26.26806119820417
C1_01807.trc,32.66155551742086
C1_01808.trc,12.335889920184943
C1_01809.trc,39.16707675123545
C1_01810.trc,5.969505268659413
C1_01811.trc,5.139869836631192
C1_01812.trc,9.435155894630418
C1_01813.trc,4.8442552605162055
C1_01814.trc,4.2153508777520035
C1_01815.trc,5.1677766440514015
C1_01816.trc,7.517945315296641
C1_01817.trc,27.483012734637583
C1_01818.trc,33.371788700521705
C1_01819.trc,16.482072507740416
C1_01820.trc,3.5063141734520977
C1_01821.trc,35.54335263555945
C1_01822.trc,36.95265580176523
C1_01823.trc,24.433176407357465
C1_01824.trc,25.6495229353353
C1_01825.trc,18.17164246898
C1_01826.trc,5.604720863933164
C1_01827.trc,6.67495431348514
C1_01828.trc,18.514699088774307
C1_01829.trc,8.640803522630447
C1_01830.trc,5.319670860828503
C1_01831.trc,4.715683740190998
C1_01832.trc,3.8302344428827535
C1_01833.trc,4.112692987567751
C1_01834.trc,34.667670425687305
C1_01835.trc,18.734367403225143
C1_01836.trc,6.866715534299061
C1_01837.trc,8.006517280958409
C1_01838.trc,21.830050612225012
C1_01839.trc,7.224522858529424
C1_01840.trc,4.351696618302142
C1_01841.trc,6.2960172588750325
C1_01842.trc,4.877743202832236
C1_01843.trc,26.69284616014385
C1_01844.trc,7.276350309622458
C1_01845.trc,27.597830657934132
C1_01846.trc,8.363527548939595
C1_01847.trc,3.4933570483135337
C1_01848.trc,4.969238668190792
C1_01849.trc,34.6064742960258
C1_01850.trc,5.100002880297154
C1_01851.trc,6.321532337040003
C1_01852.trc,16.908052767837177
C1_01853.trc,8.171965520633794
C1_01854.trc,5.546515281323594
C1_01855.trc,16.026790281719293
C1_01856.trc,27.14314542507829
C1_01857.trc,32.91431300754921
C1_01858.trc,4.379005502352817
C1_01859.trc,12.800342407436629
C1_01860.trc,36.49697448711183
C1_01861.trc,8.232364450937771
C1_01862.trc,16.622205553449295
C1_01863.trc,12.053829438522408
C1_01864.trc,4.127643647756438
C1_01865.trc,4.280134976955779
C1_01866.trc,8.218211264397613
C1_01867.trc,9.608179257428183
C1_01868.trc,11.16718421099522
C1_01869.trc,22.09736072337098
C1_01870.trc,6.808309793200031
C1_01871.trc,6.624323007273569
C1_01872.trc,6.990701834566266
C1_01873.trc,4.171098573632737
C1_01874.trc,5.900136808047723
C1_01875.trc,32.317302979333284
C1_01876.trc,8.37708195346013
C1_01877.trc,4.564587116319376
C1_01878.trc,8.28877639462138
C1_01879.trc,5.195683654208432
C1_01880.trc,6.412229386620083
C1_01881.trc,30.91078968888507
C1_01882.trc,25.61762895048359
C1_01883.trc,5.150035988848191
C1_01884.trc,54.7505458860517
C1_01885.trc,4.781065393067745
C1_01886.trc,5.7187407649991835
C1_01887.trc,8.576018684033548
C1_01888.trc,34.34693932338333
C1_01889.trc,4.843856100329745
C1_01890.trc,5.826780824159355
C1_01891.trc,4.57854074065485
C1_01892.trc,3.8880420101726334
C1_01893.trc,36.89285535533849
C1_01894.trc,20.313106117720466
C1_01895.trc,3.899005481004119
C1_01896.trc,5.446846829101599
C1_01897.trc,38.95279084427445
C1_01898.trc,23.534570625442804
C1_01899.trc,10.048512099310052
C1_01900.trc,4.8548199527834885
C1_01901.trc,36.78481523654984
C1_01902.trc,25.008459282703324
C1_01903.trc,24.724605054783563
C1_01904.trc,6.61455569324924
C1_01905.trc,5.419936854797776
C1_01906.trc,3.5503671300291932
C1_01907.trc,67.97387921102839
C1_01908.trc,5.900933399194773
C1_01909.trc,6.329106911580386
C1_01910.trc,4.9076441654387395
C1_01911.trc,7.177081411134872
C1_01912.trc,14.30054278171196
C1_01913.trc,5.259271918598824
C1_01914.trc,8.93023863500642
C1_01915.trc,7.950503448000056
C1_01916.trc,16.396159095556246
C1_01917.trc,11.728314603416957
C1_01918.trc,6.803526108101342
C1_01919.trc,3.953822739755975
C1_01920.trc,6.347844543008324
C1_01921.trc,8.18930796970619
C1_01922.trc,7.866383746296015
C1_01923.trc,15.164862110126553
C1_01924.trc,10.509177293328689
C1_01925.trc,4.221729569776226
C1_01926.trc,11.680673009458637
C1_01927.trc,6.586249475202973
C1_01928.trc,25.93437374593184
C1_01929.trc,37.159168049008976
C1_01930.trc,6.724588977391454
C1_01931.trc,10.047116559183634
C1_01932.trc,5.3160824619611935
C1_01933.trc,12.300806064590518
C1_01934.trc,16.737820497217932
C1_01935.trc,7.500602520379071
C1_01936.trc,44.60037088119097
C1_01937.trc,6.29282720924688
C1_01938.trc,31.51198620629758
C1_01939.trc,8.067912471945386
C1_01940.trc,5.767378870080109
C1_01941.trc,22.673439987127065
C1_01942.trc,5.042195324932967
C1_01943.trc,32.80667226360954
C1_01944.trc,5.530169331448111
C1_01945.trc,4.936946310248531
C1_01946.trc,11.536553179866212
C1_01947.trc,4.027776062654793
C1_01948.trc,40.33677830370882
C1_01949.trc,44.88980586238429
C1_01950.trc,11.693430775129338
C1_01951.trc,4.970035831771233
C1_01952.trc,5.091231970064179
C1_01953.trc,5.336215919732242
C1_01954.trc,4.946115748606098
C1_01955.trc,6.797944675063128
C1_01956.trc,40.319834931342996
C1_01957.trc,19.16313812343855
C1_01958.trc,6.565120388810788
C1_01959.trc,15.367586563258044
C1_01960.trc,4.9321621242706275
C1_01961.trc,42.74714636690475
C1_01962.trc,36.170861490122924
C1_01963.trc,18.28426722346756
C1_01964.trc,14.062137205529758
C1_01965.trc,6.084920745628929
C1_01966.trc,11.435291056396586
C1_01967.trc,4.8257169885561195
C1_01968.trc,11.839145301579212
C1_01969.trc,32.08467818373147
C1_01970.trc,20.02008214137506
C1_01971.trc,4.215749501282154
C1_01972.trc,8.286185210492715
C1_01973.trc,4.949105627819089
C1_01974.trc,4.085184732123525
C1_01975.trc,4.162726286929915
C1_01976.trc,11.152433423079305
C1_01977.trc,4.100932293527347
C1_01978.trc,17.67390099340649
C1_01979.trc,29.14786439967038
C1_01980.trc,13.863598895749673
C1_01981.trc,37.30767259432477
C1_01982.trc,38.11039806397488
C1_01983.trc,8.356151999947592
C1_01984.trc,17.434897362672096
C1_01985.trc,13.872169683270272
C1_01986.trc,11.634227739267214
C1_01987.trc,25.56719761195035
C1_01988.trc,5.64618255290173
C1_01989.trc,7.4589413884627715
C1_01990.trc,6.6241238266911395
C1_01991.trc,6.23641606458488
C1_01992.trc,4.163922634548205
C1_01993.trc,38.365148957970696
C1_01994.trc,39.05325566105528
C1_01995.trc,5.894355478885344
C1_01996.trc,6.522263469783896
C1_01997.trc,15.459879263751215
C1_01998.trc,14.08844895832165
C1_01999.trc,9.017946568618028
C1_02000.trc,5.4556172861581445
C1_02001.trc,39.43697722363707
C1_02002.trc,8.924458081014258
C1_02003.trc,7.166715708638886
C1_02004.trc,9.835820972686367
C1_02005.trc,10.191834789173422
C1_02006.trc,40.6866128114909
C1_02007.trc,43.92143306788195
C1_02008.trc,5.209438384178177
C1_02009.trc,35.86547913488149
C1_02010.trc,11.825789803350105
C1_02011.trc,8.49548757200794
C1_02012.trc,25.960885227888156
C1_02013.trc,20.2279896902313
C1_02014.trc,26.80965668828626
C1_02015.trc,16.289913128498476
C1_02016.trc,8.255487215488422
C1_02017.trc,6.29681402890752
C1_02018.trc,4.989570400191404
C1_02019.trc,22.251845945391306
C1_02020.trc,12.73934495747833
C1_02021.trc,30.939095728045906
C1_02022.trc,12.39230162535463
C1_02023.trc,11.060340177459558
C1_02024.trc,11.575224563752167
C1_02025.trc,5.028441215099398
C1_02026.trc,6.380336236567061
C1_02027.trc,5.955551632398247
C1_02028.trc,10.063661129133855
C1_02029.trc,5.542727678022473
C1_02030.trc,14.686456189350523
C1_02031.trc,22.97383975097839
C1_02032.trc,5.933425367044505
C1_02033.trc,6.11920665054701
C1_02034.trc,4.520733376101788
C1_02035.trc,7.252429391658636
C1_02036.trc,6.198741263375704
C1_02037.trc,5.767777100062309
C1_02038.trc,9.235222175906577
C1_02039.trc,34.38242060993835
C1_02040.trc,6.240800672976983
C1_02041.trc,27.353843386348398
C1_02042.trc,6.3538248738677
C1_02043.trc,11.484725764550262
C1_02044.trc,19.32001575447877
C1_02045.trc,26.12015421848705
C1_02046.trc,23.951182528964868
C1_02047.trc,33.88727103403525
C1_02048.trc,34.698168965818176
C1_02049.trc,13.23908034972422
C1_02050.trc,5.833957287974488
C1_02051.trc,7.456549754613103
C1_02052.trc,4.225916047047109
C1_02053.trc,5.10717897441573
C1_02054.trc,8.985654186824371
C1_02055.trc,29.225406383801815
C1_02056.trc,11.20784864097778
C1_02057.trc,9.091900511653023
C1_02058.trc,34.421491022828114
C1_02059.trc,5.675684617687077
C1_02060.trc,10.507981064967355
C1_02061.trc,4.175483814086707
C1_02062.trc,37.842092395761945
C1_02063.trc,37.942956122289615
C1_02064.trc,5.033424760545159
C1_02065.trc,7.894689463463072
C1_02066.trc,9.955820906469365
C1_02067.trc,7.96166669569874
C1_02068.trc,11.942998644954589
C1_02069.trc,16.1731022187338
C1_02070.trc,6.088707967307795
C1_02071.trc,18.74054660459885
C1_02072.trc,4.650699828342932
C1_02073.trc,21.89961911206921
C1_02074.trc,5.9888405372402005
C1_02075.trc,37.746411073268675
C1_02076.trc,61.30968712464698
C1_02077.trc,4.7132916650905905
C1_02078.trc,9.76366147952464
C1_02079.trc,11.89934432383334
C1_02080.trc,19.15616205662679
C1_02081.trc,16.54506194240841
C1_02082.trc,38.41817235120838
C1_02083.trc,7.099539617814572
C1_02084.trc,9.902000218468602
C1_02085.trc,9.462664388588555
C1_02086.trc,7.370237468459165
C1_02087.trc,39.47664478472616
C1_02088.trc,10.916619114505632
C1_02089.trc,14.738483083391289
C1_02090.trc,6.000601457868818
C1_02091.trc,4.8169457921064485
C1_02092.trc,18.448718474992514
C1_02093.trc,38.73890321499844
C1_02094.trc,18.420412996339376
C1_02095.trc,7.9588753173035265
C1_02096.trc,4.675417564042027
C1_02097.trc,4.130234927290663
C1_02098.trc,36.488203469547585
C1_02099.trc,4.64153044961384
C1_02100.trc,6.300003768467585
C1_02101.trc,12.560341657369152
C1_02102.trc,15.275693118356894
C1_02103.trc,4.280733365427439
C1_02104.trc,10.68738298860669
C1_02105.trc,9.495355453540846
C1_02106.trc,9.888246215966296
C1_02107.trc,22.478291205699943
C1_02108.trc,22.331778764350805
C1_02109.trc,5.919471790411815
C1_02110.trc,18.73616120911084
C1_02111.trc,14.193698652770735
C1_02112.trc,5.919671304913715
C1_02113.trc,5.273026231169223
C1_02114.trc,19.037955344370403
C1_02115.trc,5.4388739888019275
C1_02116.trc,4.775284958332538
C1_02117.trc,13.140009952054415
C1_02118.trc,81.87395732361347
C1_02119.trc,4.116480316577878
C1_02120.trc,13.561405886520346
C1_02121.trc,14.302934594447066
C1_02122.trc,12.268912771429145
C1_02123.trc,7.290702187791525
C1_02124.trc,6.380535119007099
C1_02125.trc,4.695750095064243
C1_02126.trc,38.59578013504252
C1_02127.trc,24.864538633693325
C1_02128.trc,7.504589757439054
C1_02129.trc,8.205653204039946
C1_02130.trc,6.562528942316827
C1_02131.trc,9.19615249048424
C1_02132.trc,10.040738201078884
C1_02133.trc,9.623328978942336
C1_02134.trc,4.5974775884423025
C1_02135.trc,29.083080705940247
C1_02136.trc,22.886729728810625
C1_02137.trc,5.7687733488196065
C1_02138.trc,4.245251255999417
C1_02139.trc,25.808991273476355
C1_02140.trc,5.5734250767419855
C1_02141.trc,15.920942389609671
C1_02142.trc,13.524927528335017
C1_02143.trc,44.831001950931544
C1_02144.trc,6.175618367642397
C1_02145.trc,26.39344328903739
C1_02146.trc,6.063591691558417
C1_02147.trc,19.234101972598037
C1_02148.trc,6.2750866852263245
C1_02149.trc,6.274488654525523
C1_02150.trc,5.079670146538113
C1_02151.trc,14.129512953964324
C1_02152.trc,5.48771065432911
C1_02153.trc,13.72446245656897
C1_02154.trc,5.336016381378952
C1_02155.trc,45.68854377298062
C1_02156.trc,4.2803344914576815
C1_02157.trc,9.46944171606863
C1_02158.trc,40.747210182984176
C1_02159.trc,26.145669463611757
C1_02160.trc,23.92646457860326
C1_02161.trc,17.890977384335528
C1_02162.trc,28.501618128341466
C1_02163.trc,6.128376017350406
C1_02164.trc,38.6119266181189
C1_02165.trc,39.89365466779083
C1_02166.trc,15.205327443006556
C1_02167.trc,40.041960664586064
C1_02168.trc,23.082078835686936
C1_02169.trc,4.4146866969576966
C1_02170.trc,36.452322760440815
C1_02171.trc,33.17105781821742
C1_02172.trc,6.050834271732886
C1_02173.trc,36.48421680492099
C1_02174.trc,15.901208449795941
C1_02175.trc,18.953038514863017
C1_02176.trc,11.230174528164685
C1_02177.trc,20.595564936696462
C1_02178.trc,31.48547479589543
C1_02179.trc,32.592784586630756
C1_02180.trc,6.048841130230722
C1_02181.trc,5.892561720702429
C1_02182.trc,11.351569954371316
C1_02183.trc,10.486053932493263
C1_02184.trc,27.697099687604357
C1_02185.trc,11.267051271366253
C1_02186.trc,7.428841913112801
C1_02187.trc,5.261863496275445
C1_02188.trc,17.023269183481222
C1_02189.trc,5.522395039668996
C1_02190.trc,5.285384741247902
C1_02191.trc,8.601135949615657
C1_02192.trc,30.862948890492934
C1_02193.trc,11.453031389606016
C1_02194.trc,15.48977986858685
C1_02195.trc,38.0964441534227
C1_02196.trc,12.951637436720466
C1_02197.trc,4.569171537355772
C1_02198.trc,28.79524012346199
C1_02199.trc,35.61591046603464
C1_02200.trc,16.632172727820688
C1_02201.trc,11.745855302867527
C1_02202.trc,5.07967054008607
C1_02203.trc,33.85039370647459
C1_02204.trc,9.989110264487758
C1_02205.trc,4.949304760698736
C1_02206.trc,4.364653361818445
C1_02207.trc,4.7581421907217845
C1_02208.trc,4.863391265034693
C1_02209.trc,17.647190211610788
C1_02210.trc,3.9083739449100703
C1_02211.trc,4.6674443421200955
C1_02212.trc,7.170503121128879
C1_02213.trc,23.200683110086572
C1_02214.trc,4.773490806601666
C1_02215.trc,6.1355518848807655
C1_02216.trc,19.855231658109474
C1_02217.trc,4.081397331559225
C1_02218.trc,10.418878139811337
C1_02219.trc,16.213766923007356
C1_02220.trc,28.094375630855307
C1_02221.trc,4.579736718576576
C1_02222.trc,28.567797588786224
C1_02223.trc,10.21156869321006
C1_02224.trc,17.753435773194923
C1_02225.trc,7.7832610446681105
C1_02226.trc,19.13463310643211
C1_02227.trc,5.669305067012777
C1_02228.trc,16.260012726399655
C1_02229.trc,21.390116894752513
C1_02230.trc,48.53505821271323
C1_02231.trc,5.722727453477169
C1_02232.trc,12.602002777359761
C1_02233.trc,15.012769213646232
C1_02234.trc,24.4311829915643
C1_02235.trc,17.743070333064235
C1_02236.trc,5.223391364526082
C1_02237.trc,13.199411894207964
C1_02238.trc,6.876881066379889
C1_02239.trc,7.604656642380077
C1_02240.trc,16.503202202343072
C1_02241.trc,8.35375996062427
C1_02242.trc,8.153427272525104
C1_02243.trc,12.05881304359665
C1_02244.trc,38.507075606828444
C1_02245.trc,15.093500019059176
C1_02246.trc,7.937746397871081
C1_02247.trc,42.091530832648274
C1_02248.trc,20.993438839094022
C1_02249.trc,6.2114990290464
C1_02250.trc,7.490635906515366
C1_02251.trc,25.705735364517
C1_02252.trc,5.758807223909427
C1_02253.trc,6.679339697047453
C1_02254.trc,15.702669877650566
C1_02255.trc,5.63222895241765
C1_02256.trc,4.603656825593101
C1_02257.trc,27.943079325522042
C1_02258.trc,14.820808382924849
C1_02259.trc,26.500487075588868
C1_02260.trc,4.904454270844629
C1_02261.trc,7.491632978145664
C1_02262.trc,33.320160453862485
C1_02263.trc,10.318612241247624
C1_02264.trc,5.4249197562559806
C1_02265.trc,5.169770405689738
C1_02266.trc,4.4746865505550915
C1_02267.trc,4.786646778403179
C1_02268.trc,4.319204793560762
C1_02269.trc,4.689371164526108
C1_02270.trc,5.012693868358097
C1_02271.trc,15.216290699175515
C1_02272.trc,4.781065428844833
C1_02273.trc,3.772427185660957
C1_02274.trc,17.66552895714327
C1_02275.trc,37.9886036922443
C1_02276.trc,13.429843759514723
C1_02277.trc,6.872894616415811
C1_02278.trc,7.115685313795028
C1_02279.trc,6.446914511353096
C1_02280.trc,7.232895037900987
C1_02281.trc,5.89475405471272
C1_02282.trc,16.425063010383838
C1_02283.trc,6.798343262816195
C1_02284.trc,13.4402094858621
C1_02285.trc,60.303241334730345
C1_02286.trc,20.78872055277002
C1_02287.trc,10.264990519166764
C1_02288.trc,20.874036614018046
C1_02289.trc,6.172030111883439
C1_02290.trc,7.0853868725251505
C1_02291.trc,6.499139834657469
C1_02292.trc,7.031565695570863
C1_02293.trc,35.10102611551911
C1_02294.trc,17.55848608887036
C1_02295.trc,11.66612193878145
C1_02296.trc,8.553095732127185
C1_02297.trc,21.059219210906498
C1_02298.trc,23.69682990072834
C1_02299.trc,9.902997015807902
C1_02300.trc,5.247112422142837
C1_02301.trc,11.940806239390124
C1_02302.trc,15.301008789351224
C1_02303.trc,6.847180512702463
C1_02304.trc,13.070043222228016
C1_02305.trc,29.40660280501719
C1_02306.trc,6.439538795401358
C1_02307.trc,8.802065714359978
C1_02308.trc,7.541466882262884
C1_02309.trc,6.850568848485866
C1_02310.trc,27.732580998010782
C1_02311.trc,21.45589797018102
C1_02312.trc,12.439145638333168
C1_02313.trc,4.814952817564019
C1_02314.trc,35.54713952331883
C1_02315.trc,5.114753727841549
C1_02316.trc,9.139341410465573
C1_02317.trc,11.104393873429785
C1_02318.trc,4.7415973464805585
C1_02319.trc,8.191899153834852
C1_02320.trc,4.9873780304040265
C1_02321.trc,13.824928084297099
C1_02322.trc,7.574954943835872
C1_02323.trc,9.06558793598813
C1_02324.trc,21.467459793707082
C1_02325.trc,19.091775805782955
C1_02326.trc,7.136217323542057
C1_02327.trc,7.115486228618172
C1_02328.trc,8.438078950241998
C1_02329.trc,25.065867964097748
C1_02330.trc,13.928183754742543
C1_02331.trc,19.286726241426337
C1_02332.trc,87.05509177947893
C1_02333.trc,7.926982203027593
C1_02334.trc,11.188512740335126
C1_02335.trc,8.268443887450553
C1_02336.trc,15.685527098114113
C1_02337.trc,5.696016445093251
C1_02338.trc,36.64846942444552
C1_02339.trc,6.8565491197167585
C1_02340.trc,5.797279021739307
C1_02341.trc,4.012427160558216
C1_02342.trc,40.96827329816829
C1_02343.trc,6.533226654398684
C1_02344.trc,14.16379796445523
C1_02345.trc,14.186124209413006
C1_02346.trc,16.12446443564665
C1_02347.trc,24.02573424033536
C1_02348.trc,29.701619064214682
C1_02349.trc,6.750502750640749
C1_02350.trc,44.82482228445571
C1_02351.trc,30.724211873863986
C1_02352.trc,19.863603992515074
C1_02353.trc,4.5871119813518835
C1_02354.trc,10.69535703340161
C1_02355.trc,55.979848406227
C1_02356.trc,10.777084564599678
C1_02357.trc,6.087512192122897
C1_02358.trc,8.81761448872933
C1_02359.trc,7.385985089491467
C1_02360.trc,16.330577522703937
C1_02361.trc,24.896233437962618
C1_02362.trc,30.521287608088194
C1_02363.trc,38.40700918698955
C1_02364.trc,7.409506775714664
C1_02365.trc,6.313160169594136
C1_02366.trc,7.364855514145771
C1_02367.trc,4.080001898764074
C1_02368.trc,36.393718268084385
C1_02369.trc,8.168377753828352
C1_02370.trc,6.205319207536526
C1_02371.trc,7.186449529195652
C1_02372.trc,13.005657508040484
C1_02373.trc,7.227113827995565
C1_02374.trc,6.526250050930623
C1_02375.trc,9.775621592661375
C1_02376.trc,17.01051182328417
C1_02377.trc,7.711300541277669
C1_02378.trc,14.595359872252724
C1_02379.trc,19.896693561740566
C1_02380.trc,5.364122572118411
C1_02381.trc,5.460800298403032
C1_02382.trc,6.247777598438828
C1_02383.trc,9.06479025960278
C1_02384.trc,4.180666492412113
C1_02385.trc,24.979555856829247
C1_02386.trc,31.623614831284787
C1_02387.trc,6.874887722140898
C1_02388.trc,14.99403199961764
C1_02389.trc,13.778681803876978
C1_02390.trc,4.048905590297709
C1_02391.trc,5.1008001035060735
C1_02392.trc,6.124588211312455
C1_02393.trc,5.057145078768789
C1_02394.trc,4.585716465076861
C1_02395.trc,18.64606164164956
C1_02396.trc,6.459472297419769
C1_02397.trc,4.721663605948237
C1_02398.trc,17.06632610596354
C1_02399.trc,25.01005403918925
C1_02400.trc,18.09629299774429
C1_02401.trc,7.688974785273416
C1_02402.trc,10.256419683943381
C1_02403.trc,16.900677528913263
C1_02404.trc,9.445920065622527
C1_02405.trc,5.774355449696781
C1_02406.trc,4.66565039312605
C1_02407.trc,27.681351816132455
C1_02408.trc,4.634354295866786
C1_02409.trc,6.611764923064511
C1_02410.trc,8.148643158101372
C1_02411.trc,9.062198968142855
C1_02412.trc,35.31670765801208
C1_02413.trc,7.748377287934661
C1_02414.trc,7.045917895733707
C1_02415.trc,6.851764754853417
C1_02416.trc,24.68473797919258
C1_02417.trc,7.099339900575842
C1_02418.trc,16.312637317221746
C1_02419.trc,25.02560182372587
C1_02420.trc,8.288178757468534
C1_02421.trc,3.833822531681975
C1_02422.trc,18.788387617653513
C1_02423.trc,36.90361915663403
C1_02424.trc,4.954487737166531
C1_02425.trc,10.173695021486543
C1_02426.trc,17.521607819179753
C1_02427.trc,31.589727466416996
C1_02428.trc,25.265004244950145
C1_02429.trc,12.913564345900603
C1_02430.trc,8.990836388121956
C1_02431.trc,18.18121065012468
C1_02432.trc,13.023598178624807
C1_02433.trc,5.4773453930838585
C1_02434.trc,7.170502691803842
C1_02435.trc,23.126929456723698
C1_02436.trc,5.49867407745781
C1_02437.trc,37.75358685731915
C1_02438.trc,37.10833690630173
C1_02439.trc,17.159814021133926
C1_02440.trc,4.8815309373160085
C1_02441.trc,5.621265827431342
C1_02442.trc,8.879407945475597
C1_02443.trc,5.075683982790734
C1_02444.trc,6.2338244630568775
C1_02445.trc,5.403790300167238
C1_02446.trc,9.093295622454388
C1_02447.trc,24.33649877647841
C1_02448.trc,6.669572609611347
C1_02449.trc,4.920600372298738
C1_02450.trc,7.076616093474822
C1_02451.trc,6.582861389859169
C1_02452.trc,8.847913287770076
C1_02453.trc,4.5781420336448235
C1_02454.trc,16.621209042326683
C1_02455.trc,6.862130457349407
C1_02456.trc,5.708574779741923
C1_02457.trc,8.985055905683968
C1_02458.trc,24.471448857645186
C1_02459.trc,14.59854902745371
C1_02460.trc,14.464396932740378
C1_02461.trc,3.9544205677199473
C1_02462.trc,22.058489073664298
C1_02463.trc,19.613238517858655
C1_02464.trc,10.808978000869395
C1_02465.trc,10.423064020797446
C1_02466.trc,4.9255837150076776
C1_02467.trc,16.109912852164555
C1_02468.trc,6.643857718802083
C1_02469.trc,16.667654038227106
C1_02470.trc,8.297348112346233
C1_02471.trc,10.27256543955232
C1_02472.trc,3.7748192011328823
C1_02473.trc,4.502394058135919
C1_02474.trc,6.919937690719819
C1_02475.trc,6.524256933279845
C1_02476.trc,17.269648124693703
C1_02477.trc,25.48307774328658
C1_02478.trc,19.444799647651454
C1_02479.trc,75.66205852617014
C1_02480.trc,18.821078491794662
C1_02481.trc,6.375751374279931
C1_02482.trc,7.466117494507044
C1_02483.trc,8.598344547369056
C1_02484.trc,5.915285456249276
C1_02485.trc,13.223332537880783
C1_02486.trc,26.369922342207325
C1_02487.trc,11.085656015413623
C1_02488.trc,5.086448022600186
C1_02489.trc,5.520202479070489
C1_02490.trc,7.427247693283175
C1_02491.trc,3.5061146470244973
C1_02492.trc,21.568721297040543
C1_02493.trc,4.927776788411094
C1_02494.trc,6.753691738881998
C1_02495.trc,39.4604991245228
C1_02496.trc,18.10327049563952
C1_02497.trc,4.166712939630816
C1_02498.trc,34.73484689813388
C1_02499.trc,12.903996450972624
C1_02500.trc,6.41820989636488
C1_02501.trc,41.68568280197593
C1_02502.trc,10.278346565977866
C1_02503.trc,38.607341887014414
C1_02504.trc,8.069906150103858
C1_02505.trc,12.402866770798354
C1_02506.trc,7.8388757889941765
C1_02507.trc,39.977774834596985
C1_02508.trc,6.5585423969471845
C1_02509.trc,12.180009110335423
C1_02510.trc,9.629906935028853
C1_02511.trc,5.527378561263372
C1_02512.trc,13.989379705518616
C1_02513.trc,5.266647670327653
C1_02514.trc,7.397944809080256
C1_02515.trc,5.639804170945594
C1_02516.trc,4.365450525398886
C1_02517.trc,4.749570461071231
C1_02518.trc,18.001808666856867
C1_02519.trc,25.42327671250074
C1_02520.trc,39.03132876709509
C1_02521.trc,6.654222765384818
C1_02522.trc,7.903061642834636
C1_02523.trc,5.915485543184568
C1_02524.trc,12.449909630439839
C1_02525.trc,28.2020171141881
C1_02526.trc,41.39704473392343
C1_02527.trc,7.52950669757197
C1_02528.trc,4.307444016040488
C1_02529.trc,37.6818261784987
C1_02530.trc,33.73717136253697
C1_02531.trc,6.925319621181823
C1_02532.trc,18.034898164528183
C1_02533.trc,38.802690981965036
C1_02534.trc,11.430905267360622
C1_02535.trc,6.925319740438783
C1_02536.trc,5.3599365599496505
C1_02537.trc,7.962065044937898
C1_02538.trc,22.499021549305013
C1_02539.trc,38.1249498263424
C1_02540.trc,10.289508943100778
C1_02541.trc,38.36634493589243
C1_02542.trc,5.6619301739340315
C1_02543.trc,4.8807335352216565
C1_02544.trc,5.139072613422272
C1_02545.trc,13.335757944826188
C1_02546.trc,4.61342423502299
C1_02547.trc,4.286712933042297
C1_02548.trc,6.231432101739771
C1_02549.trc,10.838878832293247
C1_02550.trc,4.629172058792114
C1_02551.trc,7.199406236934871
C1_02552.trc,9.966385849176266
C1_02553.trc,12.438148948325129
C1_02554.trc,40.997576611696246
C1_02555.trc,5.646381781186941
C1_02556.trc,8.161799320714012
C1_02557.trc,17.70280472934865
C1_02558.trc,12.135557399045513
C1_02559.trc,6.901997580643183
C1_02560.trc,11.661337323478508
C1_02561.trc,6.75448971340974
C1_02562.trc,10.851037446247766
C1_02563.trc,27.318760186667234
C1_02564.trc,22.47011860045877
C1_02565.trc,27.001417849471707
C1_02566.trc,34.151191473719905
C1_02567.trc,39.26196039734336
C1_02568.trc,7.032164084042524
C1_02569.trc,23.98247849504149
C1_02570.trc,10.440206955367941
C1_02571.trc,6.412429044230333
C1_02572.trc,15.869912602976298
C1_02573.trc,4.261397476710487
C1_02574.trc,5.209238666939443
C1_02575.trc,69.87155503113088
C1_02576.trc,16.85682386024985
C1_02577.trc,25.76693182809798
C1_02578.trc,6.307578486116316
C1_02579.trc,6.340867748729137
C1_02580.trc,18.238619248039235
C1_02581.trc,4.71050081142598
C1_02582.trc,7.810968242180845
C1_02583.trc,5.2303684450219725
C1_02584.trc,6.116216437414544
C1_02585.trc,5.4526274546479385
C1_02586.trc,8.70598620958729
C1_02587.trc,5.121531126875794
C1_02588.trc,35.48993045183187
C1_02589.trc,5.152826401262064
C1_02590.trc,11.15582181849119
C1_02591.trc,10.289509145837602
C1_02592.trc,5.148042668460589
C1_02593.trc,6.827645526882945
C1_02594.trc,11.200274030660312
C1_02595.trc,5.8387412592898755
C1_02596.trc,5.369903483881439
C1_02597.trc,38.25551402306764
C1_02598.trc,26.669324342737998
C1_02599.trc,6.488974183319682
C1_02600.trc,33.82129118349796
C1_02601.trc,6.605784997678789
C1_02602.trc,25.721482794738176
C1_02603.trc,6.047843939343465
C1_02604.trc,30.247599401202788
C1_02605.trc,11.925656971052398
C1_02606.trc,16.305261839783917
C1_02607.trc,6.349439049054647
C1_02608.trc,15.226257658884396
C1_02609.trc,9.187979754060413
C1_02610.trc,25.244472378311468
C1_02611.trc,8.652364654466165
C1_02612.trc,3.7704337460163946
C1_02613.trc,18.390911682872844
C1_02614.trc,36.66640982073884
C1_02615.trc,7.096948171320604
C1_02616.trc,9.465256133224909
C1_02617.trc,8.582597129073577
C1_02618.trc,37.23571231752255
C1_02619.trc,34.77491298734756
C1_02620.trc,5.657943616638699
C1_02621.trc,5.318674206597549
C1_02622.trc,12.591238713698914
C1_02623.trc,5.436880036352459
C1_02624.trc,5.351564499835046
C1_02625.trc,57.40190895648123
C1_02626.trc,5.42771060992059
C1_02627.trc,5.076082141218765
C1_02628.trc,37.24747280882613
C1_02629.trc,10.46293112023983
C1_02630.trc,40.47372211073685
C1_02631.trc,5.782328683544407
C1_02632.trc,8.83754774030813
C1_02633.trc,8.38505553315293
C1_02634.trc,8.66492296526344
C1_02635.trc,22.608656341099724
C1_02636.trc,15.20592540215318
C1_02637.trc,9.120603934071672
C1_02638.trc,8.152231378083243
C1_02639.trc,20.779352530114803
C1_02640.trc,4.299071884371706
C1_02641.trc,10.22153581987868
C1_02642.trc,6.146714154672415
C1_02643.trc,11.325656157270622
C1_02644.trc,5.482926611459553
C1_02645.trc,4.950700348527928
C1_02646.trc,17.265063632103136
C1_02647.trc,24.73018682174125
C1_02648.trc,5.208840246146114
C1_02649.trc,3.9287062851211605
C1_02650.trc,7.749772661101334
C1_02651.trc,5.57980381646899
C1_02652.trc,4.528308189156082
C1_02653.trc,15.370975495326233
C1_02654.trc,4.352892870514869
C1_02655.trc,24.451515009781602
C1_02656.trc,9.03229864952392
C1_02657.trc,20.514235838217427
C1_02658.trc,12.37176993760139
C1_02659.trc,5.3912319535928726
C1_02660.trc,16.037952503808164
C1_02661.trc,7.311632832994408
C1_02662.trc,17.941010850657428
C1_02663.trc,41.356181123358446
C1_02664.trc,25.091581948554143
C1_02665.trc,40.01086479737043
C1_02666.trc,16.318816840589236
C1_02667.trc,21.805133958308787
C1_02668.trc,5.795485490144606
C1_02669.trc,6.300003673062021
C1_02670.trc,6.0827282446589095
C1_02671.trc,5.213823362266838
C1_02672.trc,40.94255942104314
C1_02673.trc,5.084056400676211
C1_02674.trc,24.593442457660963
C1_02675.trc,4.485450971986802
C1_02676.trc,19.306659874627403
C1_02677.trc,5.922860913291132
C1_02678.trc,7.145187128140771
C1_02679.trc,5.60432190648353
C1_02680.trc,36.190396177800054
C1_02681.trc,5.032029363527098
C1_02682.trc,9.244192624492843
C1_02683.trc,11.175756107605505
C1_02684.trc,19.72646071868793
C1_02685.trc,64.2036430833283
C1_02686.trc,6.109837518802104
C1_02687.trc,21.04147842452063
C1_02688.trc,7.664656269389256
C1_02689.trc,4.085184696346442
C1_02690.trc,8.524988790068905
C1_02691.trc,52.431075185959344
C1_02692.trc,5.688042877326149
C1_02693.trc,6.89203131262465
C1_02694.trc,4.741995874605145
C1_02695.trc,24.213906644882634
C1_02696.trc,7.4429952069842145
C1_02697.trc,24.328924082681077
C1_02698.trc,5.1101688894058075
C1_02699.trc,13.37163798609402
C1_02700.trc,16.861807536878263
C1_02701.trc,4.353490686553146
C1_02702.trc,4.189038612155198
C1_02703.trc,11.347184213038132
C1_02704.trc,18.679549929810765
C1_02705.trc,5.18392315097916
C1_02706.trc,12.611969582034591
C1_02707.trc,4.804587448987505
C1_02708.trc,11.879211748563758
C1_02709.trc,28.161551602422662
C1_02710.trc,30.97916168607694
C1_02711.trc,5.110966267648769
C1_02712.trc,4.593889106095128
C1_02713.trc,5.189305474989117
C1_02714.trc,18.410645730017826
C1_02715.trc,8.896949324690816
C1_02716.trc,18.102273579043267
C1_02717.trc,11.993032445195965
C1_02718.trc,26.798692955089475
C1_02719.trc,28.681419164464472
C1_02720.trc,9.020936495533801
C1_02721.trc,21.873505776615225
C1_02722.trc,5.1671788518645165
C1_02723.trc,4.373424474788251
C1_02724.trc,23.369122707761196
C1_02725.trc,10.688180235667001
C1_02726.trc,5.357145455845437
C1_02727.trc,7.153758356912109
C1_02728.trc,4.9811986024421016
C1_02729.trc,5.433092695416642
C1_02730.trc,36.27212364936964
C1_02731.trc,12.01017514125255
C1_02732.trc,15.890643864859927
C1_02733.trc,5.2215974751605145
C1_02734.trc,40.95292464651133
C1_02735.trc,25.037761737581206
C1_02736.trc,7.374822187637953
C1_02737.trc,17.118153306616968
C1_02738.trc,34.74022862585906
C1_02739.trc,4.539670235814942
C1_02740.trc,37.78109502928353
C1_02741.trc,5.516614342568487
C1_02742.trc,3.8033242300650127
C1_02743.trc,21.113438498586024
C1_02744.trc,8.971899969659548
C1_02745.trc,11.2176162412188
C1_02746.trc,3.450500153138027
C1_02747.trc,23.32247743411436
C1_02748.trc,5.4891061825298255
C1_02749.trc,38.545745702739275
C1_02750.trc,8.717547150611878
C1_02751.trc,12.698879958517805
C1_02752.trc,50.40183753699364
C1_02753.trc,4.2958825264339096
C1_02754.trc,34.38082652129138
C1_02755.trc,7.801001866831049
C1_02756.trc,5.160799909400686
C1_02757.trc,32.416571997077824
C1_02758.trc,10.709309500944618
C1_02759.trc,28.546269115619367
C1_02760.trc,14.283000663103614
C1_02761.trc,12.465258472907939
C1_02762.trc,4.875152161811922
C1_02763.trc,4.603656610930581
C1_02764.trc,7.160535910980395
C1_02765.trc,24.036696530522978
C1_02766.trc,7.207380210175623
C1_02767.trc,36.59983196335216
C1_02768.trc,5.039205576902628
C1_02769.trc,8.778942556261374
C1_02770.trc,14.584196946547825
C1_02771.trc,15.651241443635643
C1_02772.trc,6.863326793042001
C1_02773.trc,6.790169655816587
C1_02774.trc,23.821813141443187
C1_02775.trc,7.519938027473767
C1_02776.trc,38.39325492212194
C1_02777.trc,40.34036667872474
C1_02778.trc,22.56500187687013
C1_02779.trc,4.443988841767493
C1_02780.trc,40.786081260257475
C1_02781.trc,34.57378321914781
C1_02782.trc,9.617946881520588
C1_02783.trc,9.399674274155913
C1_02784.trc,4.630766636392609
C1_02785.trc,24.53224598215428
C1_02786.trc,7.940537108427344
C1_02787.trc,6.067777334030616
C1_02788.trc,39.23704336180488
C1_02789.trc,7.158343231124929
C1_02790.trc,8.141865735215735
C1_02791.trc,7.2448555803627634
C1_02792.trc,38.564485123021555
C1_02793.trc,29.984078729915062
C1_02794.trc,6.014953693808749
C1_02795.trc,17.530977463729567
C1_02796.trc,27.562547669460052
C1_02797.trc,7.094156888330962
C1_02798.trc,4.459138479801776
C1_02799.trc,8.027048133912968
C1_02800.trc,5.259470777187476
C1_02801.trc,9.836219476959569
C1_02802.trc,4.037144872405918
C1_02803.trc,4.1587395746005384
C1_02804.trc,4.2237229974950905
C1_02805.trc,4.358872783974895
C1_02806.trc,5.08325876006794
C1_02807.trc,4.450168162398159
C1_02808.trc,9.30638533683114
C1_02809.trc,28.647133295323485
C1_02810.trc,4.38119832531662
C1_02811.trc,37.48827113987339
C1_02812.trc,5.736282680870702
C1_02813.trc,33.87032764974374
C1_02814.trc,8.462796590535525
C1_02815.trc,38.664152788147646
C1_02816.trc,11.27642014074586
C1_02817.trc,7.367446662497343
C1_02818.trc,6.178010371188636
C1_02819.trc,9.547182737674143
C1_02820.trc,9.64087052511729
C1_02821.trc,12.248580466995149
C1_02822.trc,3.7979420372377106
C1_02823.trc,10.03216681727351
C1_02824.trc,7.990371048321649
C1_02825.trc,43.967877574828854
C1_02826.trc,25.12606706983174
C1_02827.trc,7.80658290632131
C1_02828.trc,5.793691195305394
C1_02829.trc,19.436228693171117
C1_02830.trc,12.826056344190246
C1_02831.trc,5.234554147122644
C1_02832.trc,44.32409102507478
C1_02833.trc,8.486118321006085
C1_02834.trc,8.185719964386838
C1_02835.trc,15.030709120986044
C1_02836.trc,5.330434626346955
C1_02837.trc,8.595354954372759
C1_02838.trc,41.91093284760736
C1_02839.trc,6.590634942245153
C1_02840.trc,8.68027189121141
C1_02841.trc,28.887332748945564
C1_02842.trc,27.064806253515027
C1_02843.trc,27.68773036504834
C1_02844.trc,4.224918999268205
C1_02845.trc,7.249839066180051
C1_02846.trc,6.808309769348638
C1_02847.trc,8.54532179811894
C1_02848.trc,5.568441483593439
C1_02849.trc,5.592361996083616
C1_02850.trc,7.008044247861578
C1_02851.trc,5.876415774282362
C1_02852.trc,22.878756566517175
C1_02853.trc,14.329246728861222
C1_02854.trc,5.576614470456876
C1_02855.trc,7.769108001236291
C1_02856.trc,25.805802619154594
C1_02857.trc,6.997878346084187
C1_02858.trc,7.704922147395838
C1_02859.trc,5.020667293016845
C1_02860.trc,4.980401224199138
C1_02861.trc,12.871305278689075
C1_02862.trc,3.860533385031852
C1_02863.trc,15.743932409888096
C1_02864.trc,28.844675022426784
C1_02865.trc,4.745982575008832
C1_02866.trc,6.606980653606733
C1_02867.trc,18.861144342494434
C1_02868.trc,12.514693741569305
C1_02869.trc,29.25151901563975
C1_02870.trc,4.055284127287893
C1_02871.trc,8.399009646441918
C1_02872.trc,18.280280427658315
C1_02873.trc,25.679423289731332
C1_02874.trc,6.588641514526291
C1_02875.trc,29.441685694630277
C1_02876.trc,5.131896328492567
C1_02877.trc,7.190436694701461
C1_02878.trc,16.366657686684153
C1_02879.trc,19.280547230863757
C1_02880.trc,6.389704748175792
C1_02881.trc,22.210981118405368
C1_02882.trc,6.957811946802419
C1_02883.trc,5.054155449995406
C1_02884.trc,4.622793450247761
C1_02885.trc,4.49501872380644
C1_02886.trc,20.22818891851651
C1_02887.trc,17.59835263973074
C1_02888.trc,6.612960745952191
C1_02889.trc,35.363152987831974
C1_02890.trc,5.166381783689636
C1_02891.trc,7.582729581460159
C1_02892.trc,36.345080675808376
C1_02893.trc,12.826255703658106
C1_02894.trc,32.93524383163752
C1_02895.trc,5.024055891165558
C1_02896.trc,54.615993975238645
C1_02897.trc,26.774972481831806
C1_02898.trc,38.34122830237217
C1_02899.trc,54.10230519717119
C1_02900.trc,26.15025431397319
C1_02901.trc,6.254156719788089
C1_02902.trc,26.465802439809373
C1_02903.trc,11.725324390284495
C1_02904.trc,5.106581062971888
C1_02905.trc,9.121401884748025
C1_02906.trc,16.139215044677133
C1_02907.trc,15.571307599066317
C1_02908.trc,4.391962591714295
C1_02909.trc,5.248308674355563
C1_02910.trc,17.179348792290916
C1_02911.trc,7.01661544085583
C1_02912.trc,7.075818572123515
C1_02913.trc,6.89482193970104
C1_02914.trc,4.436214824279381
C1_02915.trc,14.776955143586477
C1_02916.trc,25.024405845804143
C1_02917.trc,5.702993251298142
C1_02918.trc,8.259673454245396
C1_02919.trc,52.75320188801822
C1_02920.trc,27.84042222243369
C1_02921.trc,5.518607651030393
C1_02922.trc,22.970450508842113
C1_02923.trc,39.33292413917159
C1_02924.trc,8.864457953125868
C1_02925.trc,5.475551157873116
C1_02926.trc,4.323988776801844
C1_02927.trc,12.935292023501278
C1_02928.trc,12.742933511379682
C1_02929.trc,5.084055971351171
C1_02930.trc,26.7355039462911
C1_02931.trc,13.297883700669283
C1_02932.trc,17.797289584966677
C1_02933.trc,85.98884410012637
C1_02934.trc,8.440271713577326
C1_02935.trc,34.797438245928014
C1_02936.trc,20.99363815085911
C1_02937.trc,14.821406890653472
C1_02938.trc,38.56966757475876
C1_02939.trc,32.25152188005339
C1_02940.trc,18.66479889145524
C1_02941.trc,8.024058481288197
C1_02942.trc,8.28259669236845
C1_02943.trc,16.9517079714599
C1_02944.trc,6.966782156874782
C1_02945.trc,10.494425897202303
C1_02946.trc,4.079204627852373
C1_02947.trc,12.316155348309353
C1_02948.trc,8.553493997886475
C1_02949.trc,7.737613200422427
C1_02950.trc,28.246867222419944
C1_02951.trc,4.842261880500123
C1_02952.trc,6.247777860804131
C1_02953.trc,17.169382357312642
C1_02954.trc,6.178608449592215
C1_02955.trc,10.474492693326287
C1_02956.trc,5.5746210785151025
C1_02957.trc,4.844653979451922
C1_02958.trc,15.469048642480303
C1_02959.trc,5.215019614479563
C1_02960.trc,6.500535613297787
C1_02961.trc,6.27827621012387
C1_02962.trc,18.869317293580785
C1_02963.trc,6.617545894456014
C1_02964.trc,24.78141566970011
C1_02965.trc,4.372427474712126
C1_02966.trc,4.949504239423551
C1_02967.trc,6.628509365287503
C1_02968.trc,8.991035819143995
C1_02969.trc,5.4707669122667335
C1_02970.trc,6.055618135717007
C1_02971.trc,7.680603261815111
C1_02972.trc,36.81232398094759
C1_02973.trc,3.361795684552426
C1_02974.trc,25.738825291513354
C1_02975.trc,32.86627376796777
C1_02976.trc,17.987256856786555
C1_02977.trc,3.9458489692520464
C1_02978.trc,5.917279170184829
C1_02979.trc,5.4745543724595125
C1_02980.trc,8.43050436377592
C1_02981.trc,26.38168279773381
C1_02982.trc,5.030633561035387
C1_02983.trc,11.720540180455195
C1_02984.trc,6.393692032938558
C1_02985.trc,18.899017811481126
C1_02986.trc,4.06545066112715
C1_02987.trc,11.769178106650683
C1_02988.trc,4.34272655133813
C1_02989.trc,6.10026919454908
C1_02990.trc,8.400603854345844
C1_02991.trc,28.874774485851066
C1_02992.trc,25.367064271393346
C1_02993.trc,4.229503790001158
C1_02994.trc,7.675818992357337
C1_02995.trc,34.07285286266432
C1_02996.trc,55.13167509578666
C1_02997.trc,5.205850056865039
C1_02998.trc,17.368319600690967
C1_02999.trc,4.565982584891613
C1_03000.trc,11.00113796447043
C1_03001.trc,8.632829811754995
C1_03002.trc,6.75090090906878
C1_03003.trc,4.676414731077884
C1_03004.trc,35.00434830575462
C1_03005.trc,5.199671201336496
C1_03006.trc,23.43709569980065
C1_03007.trc,17.661343195414123
C1_03008.trc,28.05550474439314
C1_03009.trc,24.588059871285694
C1_03010.trc,9.03090320480307
C1_03011.trc,5.459205494214326
C1_03012.trc,4.663656822298841
C1_03013.trc,4.850832906534638
C1_03014.trc,13.586920642691537
C1_03015.trc,36.026542289136955
C1_03016.trc,7.1302373266021695
C1_03017.trc,26.40101801861182
C1_03018.trc,5.529371678914149
C1_03019.trc,15.053632967319574
C1_03020.trc,10.944526124662666
C1_03021.trc,31.179494087959416
C1_03022.trc,15.487387447641272
C1_03023.trc,4.605450822289933
C1_03024.trc,27.89763104348105
C1_03025.trc,6.581864628296955
C1_03026.trc,12.69469370783513
C1_03027.trc,7.304854778046902
C1_03028.trc,8.92685001300632
C1_03029.trc,7.345918272810359
C1_03030.trc,6.052030094620571
C1_03031.trc,9.095687721406193
C1_03032.trc,10.311635721259435
C1_03033.trc,6.568309353200644
C1_03034.trc,5.932428414671161
C1_03035.trc,5.096015905602474
C1_03036.trc,5.1253185035887
C1_03037.trc,4.7794710659068596
C1_03038.trc,4.864786757458321
C1_03039.trc,4.5091717553125505
C1_03040.trc,18.127190221033793
C1_03041.trc,5.742860625031529
C1_03042.trc,9.445122603899692
C1_03043.trc,6.205518650484254
C1_03044.trc,38.490729943169654
C1_03045.trc,51.755725640334994
C1_03046.trc,8.148842803785923
C1_03047.trc,13.642336051401143
C1_03048.trc,4.419470501313345
C1_03049.trc,6.627113503167307
C1_03050.trc,28.95251605603858
C1_03051.trc,7.369440185621768
C1_03052.trc,19.65768999063465
C1_03053.trc,37.707341399772034
C1_03054.trc,37.034782612406715
C1_03055.trc,4.161530356710978
C1_03056.trc,27.111849208562074
C1_03057.trc,10.356884262210304
C1_03058.trc,43.059505027471864
C1_03059.trc,10.278545663080425
C1_03060.trc,14.327054335222453
C1_03061.trc,6.672960897691973
C1_03062.trc,5.3109000340753925
C1_03063.trc,5.227179039381378
C1_03064.trc,5.442660948115492
C1_03065.trc,14.486722676818928
C1_03066.trc,5.65714639342978
C1_03067.trc,7.578543271149007
C1_03068.trc,52.929215249285924
C1_03069.trc,4.950899922658309
C1_03070.trc,9.076949612950422
C1_03071.trc,10.11010699561006
C1_03072.trc,19.580347699890552
C1_03073.trc,5.963525152462562
C1_03074.trc,4.749570806916402
C1_03075.trc,47.12316363579056
C1_03076.trc,5.5024619789013265
C1_03077.trc,4.107709728338679
C1_03078.trc,22.966065506902062
C1_03079.trc,5.551298835239637
C1_03080.trc,5.160202236470752
C1_03081.trc,10.644525520997792
C1_03082.trc,6.69668188375455
C1_03083.trc,21.19476774017341
C1_03084.trc,12.30399561333945
C1_03085.trc,6.173824549831007
C1_03086.trc,4.40711218204579
C1_03087.trc,8.242331589532082
C1_03088.trc,9.27369381870242
C1_03089.trc,4.319005696458203
C1_03090.trc,20.310116345838736
C1_03091.trc,5.650966476514332
C1_03092.trc,8.317081670537698
C1_03093.trc,13.472900848956774
C1_03094.trc,18.95503199028466
C1_03095.trc,22.334569832677932
C1_03096.trc,34.583750238485166
C1_03097.trc,4.83767720902412
C1_03098.trc,12.246187724055787
C1_03099.trc,4.510966193260121
C1_03100.trc,27.27570378891552
C1_03101.trc,29.56607094042141
C1_03102.trc,19.67463380425119
C1_03103.trc,10.56499097972328
C1_03104.trc,11.292765875958823
C1_03105.trc,48.482234715599716
C1_03106.trc,9.357814450610707
C1_03107.trc,4.340732956659529
C1_03108.trc,30.188397522133137
C1_03109.trc,15.059613023887943
C1_03110.trc,32.26427983653522
C1_03111.trc,5.116348579733032
C1_03112.trc,34.45178996497721
C1_03113.trc,6.0129603018669755
C1_03114.trc,7.088974615479198
C1_03115.trc,5.529770612512391
C1_03116.trc,26.15105187110159
C1_03117.trc,45.229474217949374
C1_03118.trc,5.538940468269301
C1_03119.trc,18.785197973499002
C1_03120.trc,4.468108582542881
C1_03121.trc,9.41900998398744
C1_03122.trc,36.802356484582404
C1_03123.trc,137.28948650421154
C1_03124.trc,17.449050239144164
C1_03125.trc,8.104989027791252
C1_03126.trc,40.26003430603082
C1_03127.trc,4.812360941745013
C1_03128.trc,11.447251253013201
C1_03129.trc,4.7483746858863265
C1_03130.trc,5.384255827152634
C1_03131.trc,9.7216019387407
C1_03132.trc,4.751563984195656
C1_03133.trc,39.21232597195095
C1_03134.trc,7.143193688496213
C1_03135.trc,8.020470690631367
C1_03136.trc,6.677147363037163
C1_03137.trc,34.82394921507942
C1_03138.trc,12.527052728675812
C1_03139.trc,4.279537005883459
C1_03140.trc,7.366051503993194
C1_03141.trc,5.674887227518423
C1_03142.trc,4.378008824270472
C1_03143.trc,54.77027949194594
C1_03144.trc,26.923875972671528
C1_03145.trc,6.3000032914397615
C1_03146.trc,34.227536716685094
C1_03147.trc,5.3699033049960025
C1_03148.trc,5.208042855977455
C1_03149.trc,20.461611259321035
C1_03150.trc,4.338939484693307
C1_03151.trc,5.67608303848041
C1_03152.trc,12.999877061379582
C1_03153.trc,9.079341843084872
C1_03154.trc,15.090908345976995
C1_03155.trc,53.96615956740774
C1_03156.trc,9.901601857303746
C1_03157.trc,13.458946759519176
C1_03158.trc,4.500799647495165
C1_03159.trc,4.6407336676556525
C1_03160.trc,18.021144197802954
C1_03161.trc,5.062129399384764
C1_03162.trc,6.048840796311241
C1_03163.trc,5.717345558792248
C1_03164.trc,4.318607144482223
C1_03165.trc,17.067123150287024
C1_03166.trc,4.4952183337139076
C1_03167.trc,11.574227885669824
C1_03168.trc,11.700009017432555
C1_03169.trc,24.057827155329885
C1_03170.trc,3.956015216874607
C1_03171.trc,23.078092147208952
C1_03172.trc,6.423592124969284
C1_03173.trc,4.364055665037123
C1_03174.trc,22.994371426805937
C1_03175.trc,6.040069993409525
C1_03176.trc,12.469444497002392
C1_03177.trc,5.866648329075387
C1_03178.trc,3.1574766538204475
C1_03179.trc,38.445480698602736
C1_03180.trc,12.355624265472317
C1_03181.trc,19.725863009980912
C1_03182.trc,7.779074805911122
C1_03183.trc,6.56013702225046
C1_03184.trc,4.42385594450414
C1_03185.trc,8.052164922467263
C1_03186.trc,6.189970746690676
C1_03187.trc,10.303063967757488
C1_03188.trc,9.222265575498621
C1_03189.trc,5.6192721134957795
C1_03190.trc,16.094564164730496
C1_03191.trc,8.33163356408788
C1_03192.trc,7.4138918253575055
C1_03193.trc,14.318881038290925
C1_03194.trc,5.808043061548757
C1_03195.trc,5.466382303874632
C1_03196.trc,3.74950345858438
C1_03197.trc,36.91896784406808
C1_03198.trc,6.72618397239129
C1_03199.trc,14.080874550741006
C1_03200.trc,18.973769454752865
C1_03201.trc,31.928199891763136
C1_03202.trc,22.90128076371072
C1_03203.trc,8.203659788246776
C1_03204.trc,4.547444110194709
C1_03205.trc,6.54199734996914
C1_03206.trc,15.959613606535894
C1_03207.trc,29.85710146519657
C1_03208.trc,36.980562644962525
C1_03209.trc,27.224872944350654
C1_03210.trc,6.511299450370413
C1_03211.trc,6.276482153798561
C1_03212.trc,7.057479433043075
C1_03213.trc,24.256564908057708
C1_03214.trc,7.287513318807239
C1_03215.trc,13.25642226214032
C1_03216.trc,5.704787331474841
C1_03217.trc,4.846049078327596
C1_03218.trc,13.011239036484262
C1_03219.trc,4.749969633183383
C1_03220.trc,16.83828585065507
C1_03221.trc,4.078606931071052
C1_03222.trc,26.175569567568182
C1_03223.trc,20.21403619707848
C1_03224.trc,9.295023039732675
C1_03225.trc,26.700021872640164
C1_03226.trc,39.80295726043988
C1_03227.trc,6.9408679065976555
C1_03228.trc,7.138608742729211
C1_03229.trc,18.038884578715166
C1_03230.trc,33.79916510895534
C1_03231.trc,10.34691799419177
C1_03232.trc,5.001531348126836
C1_03233.trc,5.094820357005793
C1_03234.trc,11.558081784215718
C1_03235.trc,22.630583270836997
C1_03236.trc,7.680802597431576
C1_03237.trc,4.286513752459864
C1_03238.trc,17.672107378331916
C1_03239.trc,9.695090158641998
C1_03240.trc,17.5788179997564
C1_03241.trc,28.277764362229576
C1_03242.trc,5.95236234601461
C1_03243.trc,26.723344151692718
C1_03244.trc,9.74911008685367
C1_03245.trc,4.4001353400638195
C1_03246.trc,6.3733592753281325
C1_03247.trc,10.260007295714775
C1_03248.trc,4.254022094678225
C1_03249.trc,9.463462267710739
C1_03250.trc,40.21438575816911
C1_03251.trc,5.064919907204197
C1_03252.trc,3.6320948162613003
C1_03253.trc,39.28089774601004
C1_03254.trc,13.416090198263145
C1_03255.trc,4.292294771554157
C1_03256.trc,17.088850839813396
C1_03257.trc,13.769312803314728
C1_03258.trc,25.535901848610568
C1_03259.trc,14.498682742252885
C1_03260.trc,6.44372493875277
C1_03261.trc,36.1293989067272
C1_03262.trc,9.189375735437562
C1_03263.trc,4.418474240630347
C1_03264.trc,5.698009813183637
C1_03265.trc,19.923604001146508
C1_03266.trc,37.69936795126187
C1_03267.trc,5.351165888230586
C1_03268.trc,4.697344720367517
C1_03269.trc,35.83717289298382
C1_03270.trc,36.02175793619931
C1_03271.trc,24.682744444142447
C1_03272.trc,5.50943849888952
C1_03273.trc,52.41931383600569
C1_03274.trc,5.556880304054939
C1_03275.trc,14.182535965579739
C1_03276.trc,4.448972387213258
C1_03277.trc,22.524935704176574
C1_03278.trc,8.65316266477099
C1_03279.trc,4.979005958363724
C1_03280.trc,5.29814256654708
C1_03281.trc,4.767112675085143
C1_03282.trc,6.112229701233775
C1_03283.trc,3.9426598140510642
C1_03284.trc,4.140799643409341
C1_03285.trc,4.631962673942812
C1_03286.trc,37.62780607140161
C1_03287.trc,4.6299691150413
C1_03288.trc,22.487858742857064
C1_03289.trc,13.87436316214734
C1_03290.trc,4.817344630299125
C1_03291.trc,3.7002676924992213
C1_03292.trc,41.67412184902564
C1_03293.trc,7.472695999175559
C1_03294.trc,9.15429246420221
C1_03295.trc,23.454836903585857
C1_03296.trc,15.868119226415637
C1_03297.trc,6.447711150202934
C1_03298.trc,54.12941566388395
C1_03299.trc,6.99269517880526
C1_03300.trc,10.720273675392145
C1_03301.trc,5.944788009988141
C1_03302.trc,7.5673804527753585
C1_03303.trc,20.340614671307087
C1_03304.trc,38.884817112841866
C1_03305.trc,44.275253310086384
C1_03306.trc,15.846390785570446
C1_03307.trc,12.609976130464341
C1_03308.trc,7.426250740909836
C1_03309.trc,9.69887749957782
C1_03310.trc,5.491098894706953
C1_03311.trc,23.86586640808837
C1_03312.trc,17.10200666850656
C1_03313.trc,13.457352217695771
C1_03314.trc,6.315352694415555
C1_03315.trc,4.81893967300174
C1_03316.trc,3.9271116598178826
C1_03317.trc,41.2024932199526
C1_03318.trc,3.833224524832567
C1_03319.trc,7.508377265334612
C1_03320.trc,5.436082431521282
C1_03321.trc,6.099073001964836
C1_03322.trc,26.337430004661027
C1_03323.trc,20.929252448597268
C1_03324.trc,10.173296564916125
C1_03325.trc,29.588396338654796
C1_03326.trc,19.353504579296278
C1_03327.trc,18.96958333525284
C1_03328.trc,4.246846143667995
C1_03329.trc,6.917944394183608
C1_03330.trc,6.224255888364244
C1_03331.trc,6.072761106064594
C1_03332.trc,24.004603818265263
C1_03333.trc,5.853491653657836
C1_03334.trc,11.345390347523956
C1_03335.trc,19.131044898375936
C1_03336.trc,24.348458627249848
C1_03337.trc,25.82075232528762
C1_03338.trc,33.792387256744675
C1_03339.trc,13.664662069770698
C1_03340.trc,5.906714155923765
C1_03341.trc,5.4623951145174345
C1_03342.trc,5.844123225528975
C1_03343.trc,32.6476021196736
C1_03344.trc,14.942802197603147
C1_03345.trc,7.758941896722076
C1_03346.trc,9.266518499754056
C1_03347.trc,4.875351473577
C1_03348.trc,12.813498259981184
C1_03349.trc,38.91312292541449
C1_03350.trc,4.18704523213912
C1_03351.trc,35.34720566148665
C1_03352.trc,3.669171288627294
C1_03353.trc,5.557876946360194
C1_03354.trc,18.05921700240612
C1_03355.trc,10.141402806652621
C1_03356.trc,25.515170658281107
C1_03357.trc,6.116614416957143
C1_03358.trc,9.102664289097165
C1_03359.trc,4.645916107467153
C1_03360.trc,5.899737707489744
C1_03361.trc,5.580999925573367
C1_03362.trc,5.800667488705368
C1_03363.trc,40.31206056800972
C1_03364.trc,6.228641915914117
C1_03365.trc,4.098938925436967
C1_03366.trc,12.52226842344095
C1_03367.trc,4.922195355372881
C1_03368.trc,7.545054410554411
C1_03369.trc,39.55219281640813
C1_03370.trc,32.6771040294249
C1_03371.trc,18.248984580838655
C1_03372.trc,39.597243095055134
C1_03373.trc,37.526344504984245
C1_03374.trc,4.3206004052413505
C1_03375.trc,7.133426720317063
C1_03376.trc,14.97529397464174
C1_03377.trc,6.377744599261968
C1_03378.trc,5.963325471000923
C1_03379.trc,12.39449442446706
C1_03380.trc,20.106395071516552
C1_03381.trc,5.034819907123619
C1_03382.trc,6.598409353281227
C1_03383.trc,14.194894618766764
C1_03384.trc,19.20460037291481
C1_03385.trc,5.743856873788825
C1_03386.trc,9.548578492463076
C1_03387.trc,5.35016957984481
C1_03388.trc,5.233557576371561
C1_03389.trc,40.059701772965695
C1_03390.trc,11.241935126799522
C1_03391.trc,4.860600649883998
C1_03392.trc,17.01609320861961
C1_03393.trc,8.575221794744099
C1_03394.trc,4.528507405515599
C1_03395.trc,48.497384043565916
C1_03396.trc,21.163671646369572
C1_03397.trc,21.029917877044
C1_03398.trc,15.683534147423073
C1_03399.trc,4.210566560591444
C1_03400.trc,5.227976751543821
C1_03401.trc,3.711629834563644
C1_03402.trc,5.16757758272593
C1_03403.trc,6.506515669866159
C1_03404.trc,23.635035752291717
C1_03405.trc,7.705320794777384
C1_03406.trc,16.461541368569165
C1_03407.trc,5.675285290540885
C1_03408.trc,7.959074354777606
C1_03409.trc,10.51037329510181
C1_03410.trc,12.108049155526983
C1_03411.trc,4.907843262541297
C1_03412.trc,27.051251777440307
C1_03413.trc,23.88141494394381
C1_03414.trc,4.801198803136014
C1_03415.trc,31.553846936195647
C1_03416.trc,6.730768059508208
C1_03417.trc,8.307314368439071
C1_03418.trc,40.232924841076496
C1_03419.trc,7.056682030948721
C1_03420.trc,13.421870680701135
C1_03421.trc,9.863927521196697
C1_03422.trc,4.625583647999111
C1_03423.trc,14.422535880848523
C1_03424.trc,5.776548368066153
C1_03425.trc,4.605450583776018
C1_03426.trc,13.820940596797513
C1_03427.trc,15.131373893519518
C1_03428.trc,4.203590267191473
C1_03429.trc,7.348111191179733
C1_03430.trc,25.18706424549904
C1_03431.trc,5.02305943967143
C1_03432.trc,33.532652876931564
C1_03433.trc,30.74713569634612
C1_03434.trc,4.315417536104807
C1_03435.trc,16.141009136779523
C1_03436.trc,4.533889300200519
C1_03437.trc,6.214289608420011
C1_03438.trc,13.494627858718493
C1_03439.trc,29.42494125240728
C1_03440.trc,6.1024617193705
C1_03441.trc,5.8505022156955855
C1_03442.trc,4.940534005499799
C1_03443.trc,31.48368127622642
C1_03444.trc,50.14987690037764
C1_03445.trc,27.146533927821437
C1_03446.trc,21.92493442529267
C1_03447.trc,36.054847457722
C1_03448.trc,36.62893455788296
C1_03449.trc,3.9406663505551163
C1_03450.trc,24.976366224600447
C1_03451.trc,12.770042892854141
C1_03452.trc,20.652774198994557
C1_03453.trc,5.18531850029444
C1_03454.trc,16.48306977018184
C1_03455.trc,13.358482348211993
C1_03456.trc,12.610972784695292
C1_03457.trc,4.893690159481007
C1_03458.trc,13.401937417196642
C1_03459.trc,7.679406902271126
C1_03460.trc,5.675285660237449
C1_03461.trc,5.981066507826392
C1_03462.trc,9.54379431841086
C1_03463.trc,18.421609832911173
C1_03464.trc,4.109902229308706
C1_03465.trc,15.42061023078672
C1_03466.trc,4.961265327011908
C1_03467.trc,12.225856147089212
C1_03468.trc,4.296281209592537
C1_03469.trc,10.824924659375775
C1_03470.trc,14.635027898443946
C1_03471.trc,35.012122704865
C1_03472.trc,5.720933409077561
C1_03473.trc,7.805387226541974
C1_03474.trc,24.145733673239143
C1_03475.trc,4.592494066847934
C1_03476.trc,5.331630950113851
C1_03477.trc,26.33723149191755
C1_03478.trc,11.602333802118286
C1_03479.trc,8.000337399820053
C1_03480.trc,27.533245429244687
C1_03481.trc,11.276221341785682
C1_03482.trc,30.08334693671231
C1_03483.trc,9.88804726197208
C1_03484.trc,80.03329171640931
C1_03485.trc,37.52195885905663
C1_03486.trc,5.01867374604103
C1_03487.trc,9.714226270491752
C1_03488.trc,37.088204271403676
C1_03489.trc,5.108972911484081
C1_03490.trc,7.2091738013988
C1_03491.trc,5.75781052197569
C1_03492.trc,6.88425728321084
C1_03493.trc,9.686319331888889
C1_03494.trc,32.3157083898071
C1_03495.trc,4.617211754844248
C1_03496.trc,5.1075776575743665
C1_03497.trc,28.85803043717603
C1_03498.trc,5.039803643380512
C1_03499.trc,12.743730448371906
C1_03500.trc,5.6812660507252986
C1_03501.trc,41.59558367576539
C1_03502.trc,9.391700813720076
C1_03503.trc,6.919140813356068
C1_03504.trc,51.3510742792747
C1_03505.trc,11.267450109558931
C1_03506.trc,4.931763464963387
C1_03507.trc,33.638500315864746
C1_03508.trc,34.858036118300504
C1_03509.trc,9.838213226672215
C1_03510.trc,5.02804230535255
C1_03511.trc,5.893358884282872
C1_03512.trc,7.314422923414497
C1_03513.trc,30.02813130486991
C1_03514.trc,9.729176680240826
C1_03515.trc,34.49404866249218
C1_03516.trc,6.45947208275725
C1_03517.trc,4.400134839184606
C1_03518.trc,10.264193427140494
C1_03519.trc,23.894571273516185
C1_03520.trc,4.477676859093123
C1_03521.trc,5.981066686711826
C1_03522.trc,4.991364885841753
C1_03523.trc,23.41616565088255
C1_03524.trc,26.49669951999053
C1_03525.trc,4.176480730682962
C1_03526.trc,11.52618764432996
C1_03527.trc,33.05883209273366
C1_03528.trc,4.825916312246891
C1_03529.trc,10.451170700490419
C1_03530.trc,6.2170803547533575
C1_03531.trc,4.685384499899514
C1_03532.trc,18.27848600163644
C1_03533.trc,26.30553680690522
C1_03534.trc,18.734566202185306
C1_03535.trc,21.462276519096896
C1_03536.trc,18.489184535339948
C1_03537.trc,32.35617299521968
C1_03538.trc,4.564786213421934
C1_03539.trc,35.949200058021326
C1_03540.trc,21.16167854064449
C1_03541.trc,30.89863021628047
C1_03542.trc,12.305989064909703
C1_03543.trc,5.433292078735892
C1_03544.trc,5.034222234193688
C1_03545.trc,12.682534759961136
C1_03546.trc,5.090036051770932
C1_03547.trc,13.157750976954185
C1_03548.trc,4.6387400014228835
C1_03549.trc,11.831570202308225
C1_03550.trc,5.242527762592531
C1_03551.trc,5.255484553811614
C1_03552.trc,5.787910128508316
C1_03553.trc,34.649530801108774
C1_03554.trc,12.692700292041966
C1_03555.trc,14.26386483747056
C1_03556.trc,22.09935268422928
C1_03557.trc,5.19369054848335
C1_03558.trc,4.922195438852746
C1_03559.trc,4.759138499107562
C1_03560.trc,5.200866738007491
C1_03561.trc,38.303952554018196
C1_03562.trc,6.009771218220168
C1_03563.trc,45.9887441296613
C1_03564.trc,11.599941870126221
C1_03565.trc,15.02871614644362
C1_03566.trc,19.699351039071075
C1_03567.trc,34.62122519127298
C1_03568.trc,9.266318520150024
C1_03569.trc,4.924188830794522
C1_03570.trc,7.298277120102773
C1_03571.trc,5.848109687418738
C1_03572.trc,34.833318227567375
C1_03573.trc,18.915563442818257
C1_03574.trc,7.4665166904705895
C1_03575.trc,8.903727522746664
C1_03576.trc,12.610374682440323
C1_03577.trc,37.18787236585481
C1_03578.trc,4.766713204830597
C1_03579.trc,53.8278199221109
C1_03580.trc,7.214954343465267
C1_03581.trc,21.2115116695915
C1_03582.trc,6.494555652134981
C1_03583.trc,6.722595454267024
C1_03584.trc,35.65518015491239
C1_03585.trc,8.97309579254723
C1_03586.trc,24.685136590797036
C1_03587.trc,16.818551123745433
C1_03588.trc,17.049382387752562
C1_03589.trc,15.825460963240566
C1_03590.trc,6.695286522513569
C1_03591.trc,22.85224475064138
C1_03592.trc,13.152967029490194
C1_03593.trc,27.178627081329882
C1_03594.trc,5.5090397203253225
C1_03595.trc,4.8546204859843645
C1_03596.trc,6.84020327717253
C1_03597.trc,4.710899637692959
C1_03598.trc,14.84512782901327
C1_03599.trc,4.598673888357812
C1_03600.trc,14.0555590944092
C1_03601.trc,39.59604727216746
C1_03602.trc,5.569638033948552
C1_03603.trc,4.386580160373066
C1_03604.trc,3.841198068748272
C1_03605.trc,8.368311615660541
C1_03606.trc,5.228773736238827
C1_03607.trc,36.82229063058836
C1_03608.trc,5.019869890922493
C1_03609.trc,7.617612837314384
C1_03610.trc,30.278696425210885
C1_03611.trc,5.741464882168289
C1_03612.trc,35.912123359067124
C1_03613.trc,4.572361062253316
C1_03614.trc,4.605051936394474
C1_03615.trc,5.6724949139041
C1_03616.trc,6.477412550604752
C1_03617.trc,40.516778377305904
C1_03618.trc,17.912306676919954
C1_03619.trc,9.84698402957393
C1_03620.trc,6.6528279169487465
C1_03621.trc,16.659481683425533
C1_03622.trc,24.005401363467975
C1_03623.trc,6.9209345357619005
C1_03624.trc,17.753037459732845
C1_03625.trc,26.38527080305316
C1_03626.trc,69.95208610737939
C1_03627.trc,5.522593779000687
C1_03628.trc,4.265982160112185
C1_03629.trc,22.174303734671657
C1_03630.trc,5.145849869348167
C1_03631.trc,67.26085504308028
C1_03632.trc,25.234904411829312
C1_03633.trc,15.222071491681596
C1_03634.trc,25.353310042302823
C1_03635.trc,5.43787711990845
C1_03636.trc,11.237948557578493
C1_03637.trc,6.285252908997497
C1_03638.trc,26.060951588098575
C1_03639.trc,4.415683303485871
C1_03640.trc,22.308257316641523
C1_03641.trc,9.029905047934477
C1_03642.trc,8.466185343718282
C1_03643.trc,4.641530473465233
C1_03644.trc,24.062411707548932
C1_03645.trc,18.058618852448365
C1_03646.trc,13.453166312858269
C1_03647.trc,13.280541776327489
C1_03648.trc,7.084589279619667
C1_03649.trc,5.873425215304726
C1_03650.trc,5.074089488670108
C1_03651.trc,17.153435484143746
C1_03652.trc,35.95717304142935
C1_03653.trc,4.643523841555617
C1_03654.trc,9.836020284451445
C1_03655.trc,5.9280434842852765
C1_03656.trc,8.238543735791351
C1_03657.trc,37.25524778036989
C1_03658.trc,10.316220166147216
C1_03659.trc,7.324988223892258
C1_03660.trc,6.200734309472304
C1_03661.trc,21.496163442713954
C1_03662.trc,16.525926355289265
C1_03663.trc,17.779748420413984
C1_03664.trc,36.793386536875346
C1_03665.trc,38.03744110909031
C1_03666.trc,7.053492768416482
C1_03667.trc,24.633907146553405
C1_03668.trc,6.971167170740533
C1_03669.trc,16.5249291882534
C1_03670.trc,5.87741207074245
C1_03671.trc,6.521266553187641
C1_03672.trc,3.9942877625678905
C1_03673.trc,5.149238312462839
C1_03674.trc,5.6740895153559805
C1_03675.trc,15.49456320784037
C1_03676.trc,7.586117905317867
C1_03677.trc,15.039878607046399
C1_03678.trc,12.01894627807375
C1_03679.trc,5.401996279619017
C1_03680.trc,10.39037300354794
C1_03681.trc,8.59316210755756
C1_03682.trc,7.92259721301323
C1_03683.trc,5.129903043882054
C1_03684.trc,5.979073151661707
C1_03685.trc,8.734890219820446
C1_03686.trc,6.442728165264862
C1_03687.trc,10.806187361867309
C1_03688.trc,4.340932411532955
C1_03689.trc,66.08915875106155
C1_03690.trc,5.442062738529258
C1_03691.trc,7.005652148909779
C1_03692.trc,4.948507477861334
C1_03693.trc,9.407249218392863
C1_03694.trc,5.4023950462575225
C1_03695.trc,29.262482271808718
C1_03696.trc,6.680137075290419
C1_03697.trc,53.965760001747626
C1_03698.trc,26.729922179333414
C1_03699.trc,4.7435902852459035
C1_03700.trc,14.680077556954783
C1_03701.trc,13.201205819350621
C1_03702.trc,46.041567757957466
C1_03703.trc,9.768844110147265
C1_03704.trc,6.328508618514286
C1_03705.trc,26.635038688259527
C1_03706.trc,6.896615900620785
C1_03707.trc,11.248313973857787
C1_03708.trc,39.34388679905577
C1_03709.trc,36.89624361956773
C1_03710.trc,9.592232861287101
C1_03711.trc,17.101010109681173
C1_03712.trc,20.75144528144386
C1_03713.trc,3.7036562667965414
C1_03714.trc,19.614832976202184
C1_03715.trc,41.96594959700972
C1_03716.trc,31.4384315307803
C1_03717.trc,8.549905980641427
C1_03718.trc,49.876388112588565
C1_03719.trc,4.922793433776457
C1_03720.trc,43.693791400326546
C1_03721.trc,13.54904664897423
C1_03722.trc,40.01843949116777
C1_03723.trc,5.576415134840409
C1_03724.trc,5.434686760212218
C1_03725.trc,21.513505462461318
C1_03726.trc,6.843592543160191
C1_03727.trc,9.044856542921849
C1_03728.trc,5.106780207777224
C1_03729.trc,10.683396347831485
C1_03730.trc,4.669836011746855
C1_03731.trc,7.64950650017232
C1_03732.trc,6.798940923820428
C1_03733.trc,36.81929988079961
C1_03734.trc,29.20766551393608
C1_03735.trc,37.96508164825024
C1_03736.trc,6.174621200606538
C1_03737.trc,5.7059835002076955
C1_03738.trc,6.788973999888638
C1_03739.trc,10.220937884583442
C1_03740.trc,9.987715010578038
C1_03741.trc,51.83625687161754
C1_03742.trc,4.668042015050024
C1_03743.trc,6.522462244892669
C1_03744.trc,12.445125408684845
C1_03745.trc,9.072165689337822
C1_03746.trc,8.529773417297548
C1_03747.trc,4.497012079971128
C1_03748.trc,24.07257827716527
C1_03749.trc,37.27478196716779
C1_03750.trc,21.20533267095461
C1_03751.trc,16.193035816157767
C1_03752.trc,8.44884276346323
C1_03753.trc,5.279803546723598
C1_03754.trc,4.666048980879122
C1_03755.trc,9.694491412399467
C1_03756.trc,4.611431105446517
C1_03757.trc,4.895284605898846
C1_03758.trc,5.16199588732241
C1_03759.trc,21.370781852759944
C1_03760.trc,5.353956372198629
C1_03761.trc,5.094221992385519
C1_03762.trc,16.659082892935643
C1_03763.trc,5.208839888375249
C1_03764.trc,7.8520317607956915
C1_03765.trc,7.057877901539192
C1_03766.trc,7.801001783351183
C1_03767.trc,34.26242080733802
C1_03768.trc,10.942134300001866
C1_03769.trc,7.809772836692508
C1_03770.trc,8.961534159832297
C1_03771.trc,5.581797029525331
C1_03772.trc,21.144734536216816
C1_03773.trc,14.080076945909829
C1_03774.trc,15.37356675100907
C1_03775.trc,7.69774618445991
C1_03776.trc,11.102400564967878
C1_03777.trc,35.792123091364644
C1_03778.trc,5.636614860710573
C1_03779.trc,27.185802984637323
C1_03780.trc,36.07517985756157
C1_03781.trc,59.72835742875982
C1_03782.trc,7.4924296646982835
C1_03783.trc,25.880951633758446
C1_03784.trc,21.56194430347994
C1_03785.trc,21.72619729270103
C1_03786.trc,33.43756931084809
C1_03787.trc,5.582793838790323
C1_03788.trc,22.8927097734533
C1_03789.trc,18.243203597521454
C1_03790.trc,17.660146191882575
C1_03791.trc,6.116614762802314
C1_03792.trc,5.865850402250431
C1_03793.trc,7.810968492620451
C1_03794.trc,4.797212031178156
C1_03795.trc,8.856285097445081
C1_03796.trc,17.29855193219004
C1_03797.trc,17.51503061441206
C1_03798.trc,38.065945672920314
C1_03799.trc,16.841474707713658
C1_03800.trc,4.487244885203759
C1_03801.trc,5.760003261459631
C1_03802.trc,8.25050363426557
C1_03803.trc,6.191166474172798
C1_03804.trc,20.356760391138934
C1_03805.trc,44.29618405069482
C1_03806.trc,12.100872584380586
C1_03807.trc,37.875380608913545
C1_03808.trc,29.83357949275668
C1_03809.trc,18.09868571683226
C1_03810.trc,26.976500587345015
C1_03811.trc,6.3195385754016655
C1_03812.trc,32.804478760881075
C1_03813.trc,17.87383496256994
C1_03814.trc,5.057145388836872
C1_03815.trc,5.046979343951133
C1_03816.trc,4.526713218007645
C1_03817.trc,13.37562461494353
C1_03818.trc,17.311708094802682
C1_03819.trc,14.550310249518981
C1_03820.trc,8.684457784123218
C1_03821.trc,9.102066091436631
C1_03822.trc,4.899072471565272
C1_03823.trc,6.54698088348921
C1_03824.trc,11.603530018553927
C1_03825.trc,15.352636725942354
C1_03826.trc,35.64720596700913
C1_03827.trc,4.269769811116088
C1_03828.trc,9.50512254097695
C1_03829.trc,41.45086587510065
C1_03830.trc,6.2142893699061
C1_03831.trc,16.00207231943198
C1_03832.trc,34.33856690549785
C1_03833.trc,24.90600072813554
C1_03834.trc,17.009913661400724
C1_03835.trc,8.7683778401427
C1_03836.trc,9.509707617926603
C1_03837.trc,20.49709308253237
C1_03838.trc,24.82467135536551
C1_03839.trc,32.97590773688948
C1_03840.trc,25.532911516221137
C1_03841.trc,10.511569046435321
C1_03842.trc,5.783724271373599
C1_03843.trc,7.319406898185299
C1_03844.trc,7.258011230170498
C1_03845.trc,4.69495231134763
C1_03846.trc,5.08764411977887
C1_03847.trc,4.578739682723363
C1_03848.trc,4.034354233403831
C1_03849.trc,9.972166641682334
C1_03850.trc,9.328710902024259
C1_03851.trc,38.01232449942145
C1_03852.trc,39.8023591820363
C1_03853.trc,14.499678633239323
C1_03854.trc,39.01059760061704
C1_03855.trc,8.907314574010377
C1_03856.trc,5.5186076391047
C1_03857.trc,21.684734912042114
C1_03858.trc,4.1956166636472805
C1_03859.trc,10.379608832555839
C1_03860.trc,9.618943416494588
C1_03861.trc,12.558547696449413
C1_03862.trc,5.198872869037893
C1_03863.trc,7.826915675857439
C1_03864.trc,54.645296239305395
C1_03865.trc,11.2116359938393
C1_03866.trc,8.17754683441505
C1_03867.trc,24.99789472161869
C1_03868.trc,4.361463908475077
C1_03869.trc,8.389839635650965
C1_03870.trc,7.310635773289802
C1_03871.trc,15.98193927906028
C1_03872.trc,4.918208738449069
C1_03873.trc,15.296025041168633
C1_03874.trc,6.706648593023818
C1_03875.trc,38.86647811686977
C1_03876.trc,7.723260773671369
C1_03877.trc,7.562795471231274
C1_03878.trc,13.796621544257048
C1_03879.trc,19.962673400352152
C1_03880.trc,9.701269240758753
C1_03881.trc,4.800002562848983
C1_03882.trc,11.025057809121657
C1_03883.trc,27.010786838108267
C1_03884.trc,4.110301150981251
C1_03885.trc,4.782261657206169
C1_03886.trc,9.175222322309184
C1_03887.trc,10.236685147844879
C1_03888.trc,11.377084650914027
C1_03889.trc,8.582397733828634
C1_03890.trc,23.86267733636726
C1_03891.trc,17.359548046470426
C1_03892.trc,10.18346276483591
C1_03893.trc,38.30634445023316
C1_03894.trc,6.067777620247303
C1_03895.trc,5.2861823103019905
C1_03896.trc,24.27928925181502
C1_03897.trc,4.481663130171765
C1_03898.trc,41.372128032304445
C1_03899.trc,6.548575270278573
C1_03900.trc,10.274757797413997
C1_03901.trc,25.15596755541042
C1_03902.trc,8.59136777694125
C1_03903.trc,35.198900094016444
C1_03904.trc,17.57682470322019
C1_03905.trc,6.998675485813239
C1_03906.trc,12.209511103566594
C1_03907.trc,6.345252500229589
C1_03908.trc,16.233700269991726
C1_03909.trc,6.201532128966002
C1_03910.trc,5.416547803472637
C1_03911.trc,8.860670385601829
C1_03912.trc,9.382531923944503
C1_03913.trc,34.1025535475244
C1_03914.trc,5.76418911859435
C1_03915.trc,16.857820371372455
C1_03916.trc,18.6348980600314
C1_03917.trc,42.682362017261354
C1_03918.trc,6.559538299859314
C1_03919.trc,10.170106741876191
C1_03920.trc,8.367912634359522
C1_03921.trc,25.561416759815792
C1_03922.trc,3.945849231617348
C1_03923.trc,6.443924298220628
C1_03924.trc,51.60303423612606
C1_03925.trc,4.482061872958874
C1_03926.trc,9.868113259074455
C1_03927.trc,4.325583545213465
C1_03928.trc,6.5691068507005586
C1_03929.trc,21.588256795664964
C1_03930.trc,4.25880641183878
C1_03931.trc,4.108506975398994
C1_03932.trc,39.777641410560115
C1_03933.trc,4.664254566782942
C1_03934.trc,15.20034390948649
C1_03935.trc,27.08334499057723
C1_03936.trc,12.11263345730642
C1_03937.trc,4.294686667769136
C1_03938.trc,17.899548517701298
C1_03939.trc,28.990787719230386
C1_03940.trc,8.79867770057035
C1_03941.trc,24.580485678367577
C1_03942.trc,7.948510401903448
C1_03943.trc,14.74187146687748
C1_03944.trc,5.660734124458132
C1_03945.trc,7.4984100194090475
C1_03946.trc,10.748380080794123
C1_03947.trc,4.090766105533264
C1_03948.trc,6.839406280551822
C1_03949.trc,5.889173050999546
C1_03950.trc,7.503991273561827
C1_03951.trc,13.482069905692084
C1_03952.trc,3.803921938772037
C1_03953.trc,34.59889969763403
C1_03954.trc,12.436354987405386
C1_03955.trc,36.65185851154775
C1_03956.trc,7.801002403487346
C1_03957.trc,14.519612182960511
C1_03958.trc,3.534221207460522
C1_03959.trc,6.356416105699143
C1_03960.trc,32.89916395387401
C1_03961.trc,5.107975994887824
C1_03962.trc,10.113894348471577
C1_03963.trc,4.294487093638757
C1_03964.trc,7.280735824367423
C1_03965.trc,4.701729770010353
C1_03966.trc,9.069175428502575
C1_03967.trc,17.50067788951861
C1_03968.trc,39.11923533270713
C1_03969.trc,13.032767461948335
C1_03970.trc,36.746741752182025
C1_03971.trc,5.437876261258374
C1_03972.trc,37.50641066904637
C1_03973.trc,5.65335846813487
C1_03974.trc,5.917478517726991
C1_03975.trc,7.097346568262546
C1_03976.trc,11.951969141243637
C1_03977.trc,5.359139086301121
C1_03978.trc,8.096816231738941
C1_03979.trc,4.437012250225125
C1_03980.trc,7.229306770216333
C1_03981.trc,5.009504009541073
C1_03982.trc,4.167510341725171
C1_03983.trc,7.064057866157411
C1_03984.trc,7.030370170825566
C1_03985.trc,29.24155205593087
C1_03986.trc,4.745185280245741
C1_03987.trc,8.655952671711212
C1_03988.trc,9.950837277543737
C1_03989.trc,5.656149202542524
C1_03990.trc,5.782129610293245
C1_03991.trc,5.449836875274328
C1_03992.trc,5.578408371748143
C1_03993.trc,5.767777302799135
C1_03994.trc,40.51637994458688
C1_03995.trc,5.130301822446251
C1_03996.trc,4.905451187440883
C1_03997.trc,35.176574278383725
C1_03998.trc,29.499094387950393
C1_03999.trc,6.266515492232074
C1_04000.trc,9.497348762002751
C1_04001.trc,4.4370123456306905
C1_04002.trc,8.920271830331586
C1_04003.trc,4.139204696112284
C1_04004.trc,5.465584567860802
C1_04005.trc,4.948507549415509
C1_04006.trc,5.672693939452483
C1_04007.trc,6.933492822707786
C1_04008.trc,4.5679756309882205
C1_04009.trc,17.414963681768253
C1_04010.trc,4.542460528971858
C1_04011.trc,10.314625254627245
C1_04012.trc,6.290036856461491
C1_04013.trc,18.96878583775292
C1_04014.trc,25.057097089641857
C1_04015.trc,4.735616836735753
C1_04016.trc,49.21399542973747
C1_04017.trc,15.845394369853405
C1_04018.trc,11.751835872240807
C1_04019.trc,19.260015113785467
C1_04020.trc,17.42094384566788
C1_04021.trc,13.374428434284983
C1_04022.trc,21.368987474440857
C1_04023.trc,8.00631746831412
C1_04024.trc,19.03656004275791
C1_04025.trc,5.11555080794212
C1_04026.trc,10.10073840052145
C1_04027.trc,33.67238665512272
C1_04028.trc,33.07019371006747
C1_04029.trc,36.05464844409932
C1_04030.trc,4.73342446694838
C1_04031.trc,11.51382914617698
C1_04032.trc,12.132766557306601
C1_04033.trc,22.29510128521153
C1_04034.trc,4.243855942461222
C1_04035.trc,20.709385394814756
C1_04036.trc,6.536415869228142
C1_04037.trc,6.335485532050434
C1_04038.trc,7.700536251028611
C1_04039.trc,18.374765521790252
C1_04040.trc,12.86771734492389
C1_04041.trc,4.645118717298495
C1_04042.trc,36.7325887803044
C1_04043.trc,40.57917066377457
C1_04044.trc,5.010301590520859
C1_04045.trc,3.8272446710010213
C1_04046.trc,9.800338970589607
C1_04047.trc,6.50532010934378
C1_04048.trc,4.816148807411441
C1_04049.trc,39.226876804114234
C1_04050.trc,22.120284211933637
C1_04051.trc,37.10275586681147
C1_04052.trc,13.289511783663027
C1_04053.trc,6.973160670013567
C1_04054.trc,4.564985715998141
C1_04055.trc,35.87624286462286
C1_04056.trc,37.27378635047236
C1_04057.trc,19.99257405289057
C1_04058.trc,31.260624482883845
C1_04059.trc,4.970434467227086
C1_04060.trc,6.607379539502191
C1_04061.trc,5.007112614205317
C1_04062.trc,14.168183992005108
C1_04063.trc,8.325055441041625
C1_04064.trc,13.899479330565464
C1_04065.trc,31.99258454456376
C1_04066.trc,8.951168862809958
C1_04067.trc,4.936946250620054
C1_04068.trc,36.00999755222699
C1_04069.trc,18.586061716498
C1_04070.trc,5.205650601991614
C1_04071.trc,3.8695035951042085
C1_04072.trc,15.440344313708792
C1_04073.trc,34.50860057989376
C1_04074.trc,4.740201627468713
C1_04075.trc,17.57223978130458
C1_04076.trc,38.503687223342254
C1_04077.trc,8.313693573268205
C1_04078.trc,10.110505666842991
C1_04079.trc,10.8843269354488
C1_04080.trc,23.246531387112718
C1_04081.trc,4.746181660185695
C1_04082.trc,14.54672217264545
C1_04083.trc,5.812428254299946
C1_04084.trc,46.93817990941646
C1_04085.trc,16.089381212114088
C1_04086.trc,6.666581871748276
C1_04087.trc,6.700668405272797
C1_04088.trc,8.482730068702544
C1_04089.trc,13.691372958897656
C1_04090.trc,38.22262395641836
C1_04091.trc,21.340880711268007
C1_04092.trc,4.784055367686301
C1_04093.trc,7.781068543698074
C1_04094.trc,6.168442023084216
C1_04095.trc,5.713558229782121
C1_04096.trc,12.31994229569722
C1_04097.trc,10.583927839436432
C1_04098.trc,5.192694049286441
C1_04099.trc,40.744220423028146
C1_04100.trc,4.554420976028072
C1_04101.trc,9.204325059948335
C1_04102.trc,12.526055979039294
C1_04103.trc,17.409980732607263
C1_04104.trc,12.696288834017619
C1_04105.trc,27.524674188547664
C1_04106.trc,7.010834672201143
C1_04107.trc,23.762610797271407
C1_04108.trc,39.94189355305683
C1_04109.trc,5.683060047422126
C1_04110.trc,9.104856873547067
C1_04111.trc,5.678275336713612
C1_04112.trc,8.538743353078907
C1_04113.trc,3.808706124749939
C1_04114.trc,5.538142744181167
C1_04115.trc,16.453766969458787
C1_04116.trc,6.478209726110888
C1_04117.trc,6.011166424427102
C1_04118.trc,7.465320414406472
C1_04119.trc,4.755550732302117
C1_04120.trc,45.19100215775419
C1_04121.trc,5.698408412862401
C1_04122.trc,13.770110038449339
C1_04123.trc,10.665854968616271
C1_04124.trc,4.878341102350383
C1_04125.trc,11.214426716321258
C1_04126.trc,22.609453588160033
C1_04127.trc,33.64926386672067
C1_04128.trc,4.285318060754833
C1_04129.trc,7.144190283098692
C1_04130.trc,32.46042608314059
C1_04131.trc,13.690774558500298
C1_04132.trc,16.098151812278978
C1_04133.trc,5.628641018652473
C1_04134.trc,25.959290352145278
C1_04135.trc,4.9309662059773816
C1_04136.trc,20.096029309392087
C1_04137.trc,4.144188515849049
C1_04138.trc,29.335439966086412
C1_04139.trc,4.918806327899131
C1_04140.trc,7.005652125058388
C1_04141.trc,9.405853749820624
C1_04142.trc,9.322730988564235
C1_04143.trc,5.085650286586355
C1_04144.trc,4.822328068413627
C1_04145.trc,6.490967503707281
C1_04146.trc,3.6229254136808224
C1_04147.trc,4.408308183818914
C1_04148.trc,24.899621845300196
C1_04149.trc,35.355578186703376
C1_04150.trc,6.457478917403691
C1_04151.trc,4.917610505011443
C1_04152.trc,24.68473824155788
C1_04153.trc,3.9695699553146198
C1_04154.trc,21.426395619178983
C1_04155.trc,8.204058805324893
C1_04156.trc,4.63355696532661
C1_04157.trc,3.6201347269759543
C1_04158.trc,38.70800617059437
C1_04159.trc,4.6349526962641505
C1_04160.trc,8.922065850879807
C1_04161.trc,33.655842586051705
C1_04162.trc,5.203657126569967
C1_04163.trc,41.846746469036304
C1_04164.trc,5.0122949109084605
C1_04165.trc,7.490037971220135
C1_04166.trc,7.50478878298744
C1_04167.trc,32.03364821821265
C1_04168.trc,10.283927700873697
C1_04169.trc,4.255617101603754
C1_04170.trc,5.437478078978956
C1_04171.trc,5.073292050798671
C1_04172.trc,55.30410095261423
C1_04173.trc,15.504530131772162
C1_04174.trc,23.281813099537352
C1_04175.trc,59.001777651795926
C1_04176.trc,5.051165499228242
C1_04177.trc,6.213492528319442
C1_04178.trc,14.038814401746599
C1_04179.trc,3.9558162509547024
C1_04180.trc,6.262129560087763
C1_04181.trc,10.578745435402022
C1_04182.trc,4.150766114164696
C1_04183.trc,4.414487492523885
C1_04184.trc,4.395949315969364
C1_04185.trc,6.210302645651027
C1_04186.trc,4.924986185186091
C1_04187.trc,10.943927986630607
C1_04188.trc,6.755286781584615
C1_04189.trc,6.68711417963769
C1_04190.trc,4.624586957991073
C1_04191.trc,23.31928813580503
C1_04192.trc,4.145982023592357
C1_04193.trc,5.69183036137032
C1_04194.trc,14.985460317669872
C1_04195.trc,5.294355392570996
C1_04196.trc,16.271773444291455
C1_04197.trc,5.953159521520751
C1_04198.trc,11.1249251080066
C1_04199.trc,10.455954111298116
C1_04200.trc,53.53041171899565
C1_04201.trc,63.03673242029662
C1_04202.trc,38.427540588526114
C1_04203.trc,35.38866777978025
C1_04204.trc,10.47110394014353
C1_04205.trc,9.048444894086373
C1_04206.trc,5.118541116480148
C1_04207.trc,9.552564870872974
C1_04208.trc,4.651497146957415
C1_04209.trc,12.897219445486328
C1_04210.trc,25.773110767106388
C1_04211.trc,3.8908324702892876
C1_04212.trc,4.180068378231449
C1_04213.trc,9.129574609246161
C1_04214.trc,12.630109218538829
C1_04215.trc,5.624454970706626
C1_04216.trc,32.95816692665223
C1_04217.trc,33.91398237633863
C1_04218.trc,8.181732941989376
C1_04219.trc,4.508773441850483
C1_04220.trc,5.863857535039256
C1_04221.trc,9.069773745420065
C1_04222.trc,5.899338797742894
C1_04223.trc,10.745389557593567
C1_04224.trc,4.074221356697605
C1_04225.trc,9.926718395418437
C1_04226.trc,18.664400494513306
C1_04227.trc,4.545849306006001
C1_04228.trc,23.990052735662392
C1_04229.trc,12.760474926371987
C1_04230.trc,36.91976516268257
C1_04231.trc,4.8171450680944385
C1_04232.trc,4.436214812353684
C1_04233.trc,5.522594470691033
C1_04234.trc,5.89634932400355
C1_04235.trc,4.241862574370839
C1_04236.trc,4.377012420479122
C1_04237.trc,6.288841093202283
C1_04238.trc,51.596058133537205
C1_04239.trc,14.22280198669467
C1_04240.trc,5.186315106822608
C1_04241.trc,5.33601599975669
C1_04242.trc,3.4375433142161658
C1_04243.trc,14.119147227616942
C1_04244.trc,70.39899777592355
C1_04245.trc,25.034572033798227
C1_04246.trc,4.918009414758293
C1_04247.trc,12.323131605932245
C1_04248.trc,7.033559445283505
C1_04249.trc,22.944537415357456
C1_04250.trc,4.3479089792239325
C1_04251.trc,6.324920744377584
C1_04252.trc,17.99423325751779
C1_04253.trc,9.682531490073854
C1_04254.trc,6.266715114065235
C1_04255.trc,37.15717465706721
C1_04256.trc,15.423002138927387
C1_04257.trc,39.775050488796765
C1_04258.trc,4.806181728445607
C1_04259.trc,5.893757662847069
C1_04260.trc,5.3671124990341825
C1_04261.trc,6.362994049859968
C1_04262.trc,6.8820639593678195
C1_04263.trc,8.289573188505255
C1_04264.trc,18.77363629308129
C1_04265.trc,12.532833342296453
C1_04266.trc,37.38680914413101
C1_04267.trc,16.909647667431443
C1_04268.trc,11.248513047108954
C1_04269.trc,4.846846790490035
C1_04270.trc,6.715020843949553
C1_04271.trc,32.795708745075274
C1_04272.trc,20.719949967825087
C1_04273.trc,11.543530367693359
C1_04274.trc,12.651637071569512
C1_04275.trc,5.90212930556233
C1_04276.trc,5.758807152355251
C1_04277.trc,9.949043936760162
C1_04278.trc,20.278023049221947
C1_04279.trc,57.15951778898504
C1_04280.trc,21.20194401317742
C1_04281.trc,4.865384370759774
C1_04282.trc,31.04494302387074
C1_04283.trc,10.982200842391972
C1_04284.trc,6.279074136948829
C1_04285.trc,8.739673773736483
C1_04286.trc,18.808320547238523
C1_04287.trc,32.03145586035097
C1_04288.trc,5.645385258138637
C1_04289.trc,7.632563759868371
C1_04290.trc,3.4156163725531945
C1_04291.trc,6.082728280435985
C1_04292.trc,8.988245370953036
C1_04293.trc,6.073957274797449
C1_04294.trc,13.136023156245166
C1_04295.trc,28.114109880737114
C1_04296.trc,8.619474373154365
C1_04297.trc,3.701663149145763
C1_04298.trc,10.259010963477607
C1_04299.trc,8.169175394436616
C1_04300.trc,5.296747169529019
C1_04301.trc,11.815025000296137
C1_04302.trc,46.9555219649409
C1_04303.trc,4.251032215465234
C1_04304.trc,14.778150966474158
C1_04305.trc,40.99777601886691
C1_04306.trc,8.20665058573833
C1_04307.trc,7.155153622747521
C1_04308.trc,7.317613032671123
C1_04309.trc,6.139738075934963
C1_04310.trc,14.055957503276833
C1_04311.trc,4.908640294939085
C1_04312.trc,5.1103682607993655
C1_04313.trc,14.026854491346683
C1_04314.trc,18.511310383294347
C1_04315.trc,19.70453436138404
C1_04316.trc,8.082065312640374
C1_04317.trc,15.608982316795629
C1_04318.trc,4.7152846754101025
C1_04319.trc,5.443657673900624
C1_04320.trc,7.475686283862199
C1_04321.trc,6.977146738355385
C1_04322.trc,27.975770235440283
C1_04323.trc,4.791431155192212
C1_04324.trc,5.419338633285853
C1_04325.trc,4.864188619426265
C1_04326.trc,8.928843703090488
C1_04327.trc,75.90604511799121
C1_04328.trc,4.214553869205603
C1_04329.trc,28.203810800816846
C1_04330.trc,38.1203646182101
C1_04331.trc,27.2400226897162
C1_04332.trc,35.324282769208764
C1_04333.trc,5.120135205127125
C1_04334.trc,4.818341344158556
C1_04335.trc,6.360203375080792
C1_04336.trc,6.236216299643371
C1_04337.trc,5.844322107969006
C1_04338.trc,9.310770863501798
C1_04339.trc,4.668441282567742
C1_04340.trc,12.686720354730548
C1_04341.trc,9.794359212163625
C1_04342.trc,5.855484962119743
C1_04343.trc,13.290508223231452
C1_04344.trc,33.39232061486317
C1_04345.trc,5.566448532902398
C1_04346.trc,6.838210159521754
C1_04347.trc,34.11371668789184
C1_04348.trc,34.312653311133985
C1_04349.trc,5.796082626418241
C1_04350.trc,4.282726304192787
C1_04351.trc,56.66416787570704
C1_04352.trc,9.482597532836097
C1_04353.trc,5.429305271000951
C1_04354.trc,10.96266583272107
C1_04355.trc,40.452991719428994
C1_04356.trc,10.852433367996435
C1_04357.trc,21.49596416672597
C1_04358.trc,15.777420876934737
C1_04359.trc,32.481356155910085
C1_04360.trc,35.59956550599188
C1_04361.trc,24.721017073315604
C1_04362.trc,5.660136761596286
C1_04363.trc,5.459205816208101
C1_04364.trc,24.909986951511407
C1_04365.trc,10.863994881454413
C1_04366.trc,10.278545913520038
C1_04367.trc,29.252516063418664
C1_04368.trc,8.967115616721902
C1_04369.trc,9.52724945031825
C1_04370.trc,36.32574544300468
C1_04371.trc,7.469307317546978
C1_04372.trc,22.29470309100642
C1_04373.trc,10.375622573402897
C1_04374.trc,21.870715483458312
C1_04375.trc,10.923596111521647
C1_04376.trc,5.024055926942644
C1_04377.trc,5.6471791475042075
C1_04378.trc,25.660486119950086
C1_04379.trc,5.096414731869457
C1_04380.trc,6.121996752892798
C1_04381.trc,10.087382771109693
C1_04382.trc,11.416951607248059
C1_04383.trc,5.597943631858655
C1_04384.trc,10.152366122450065
C1_04385.trc,4.151962437931595
C1_04386.trc,10.040339458291776
C1_04387.trc,31.484079386951667
C1_04388.trc,6.32093373390582
C1_04389.trc,15.44452994425529
C1_04390.trc,5.2774111854064945
C1_04391.trc,3.900799119930086
C1_04392.trc,4.4850524677136
C1_04393.trc,4.603657159512577
C1_04394.trc,4.484055241049258
C1_04395.trc,5.258873068480456
C1_04396.trc,16.189846732510965
C1_04397.trc,6.312960929383233
C1_04398.trc,6.336880869440023
C1_04399.trc,25.358891451489644
C1_04400.trc,11.20525768343733
C1_04401.trc,13.36366509809157
C1_04402.trc,26.1253370399208
C1_04403.trc,4.905850061410652
C1_04404.trc,5.566647880444564
C1_04405.trc,5.568441578999003
C1_04406.trc,4.209769754781871
C1_04407.trc,4.0297693591910075
C1_04408.trc,13.477286137113527
C1_04409.trc,29.94859607190505
C1_04410.trc,4.194022014492619
C1_04411.trc,5.704986750571176
C1_04412.trc,38.19451719324551
C1_04413.trc,39.83824026083965
C1_04414.trc,6.1136249432178005
C1_04415.trc,38.86149517963448
C1_04416.trc,12.286853155796775
C1_04417.trc,13.332568610739779
C1_04418.trc,6.072163278100621
C1_04419.trc,12.1445272751984
C1_04420.trc,11.213630125174197
C1_04421.trc,13.317817441201598
C1_04422.trc,8.085254253178839
C1_04423.trc,10.073429039442958
C1_04424.trc,24.281879875435983
C1_04425.trc,23.00413846653927
C1_04426.trc,7.419274399807076
C1_04427.trc,4.147178037291172
C1_04428.trc,62.82264533614718
C1_04429.trc,9.571900020196805
C1_04430.trc,6.317943890469916
C1_04431.trc,7.93256314711229
C1_04432.trc,4.821929361403601
C1_04433.trc,9.922731539980706
C1_04434.trc,5.437677557703774
C1_04435.trc,10.367050974934996
C1_04436.trc,33.08753618299126
C1_04437.trc,18.16945034963223
C1_04438.trc,39.83824029661673
C1_04439.trc,25.821549643902113
C1_04440.trc,4.631563859601527
C1_04441.trc,24.547196558863096
C1_04442.trc,25.636565989082175
C1_04443.trc,11.615290855702673
C1_04444.trc,35.02368409906602
C1_04445.trc,21.88008393543857
C1_04446.trc,3.873291007594199
C1_04447.trc,5.4398701302279715
C1_04448.trc,22.644736254640325
C1_04449.trc,20.08107982984726
C1_04450.trc,4.37242751048921
C1_04451.trc,13.13622239645607
C1_04452.trc,6.2316316400930685
C1_04453.trc,19.254234846009997
C1_04454.trc,6.201730975628955
C1_04455.trc,5.766581360654492
C1_04456.trc,33.95145718601809
C1_04457.trc,4.031364079899845
C1_04458.trc,49.460175667395355
C1_04459.trc,6.232229766199427
C1_04460.trc,8.693028046913206
C1_04461.trc,8.181732906212291
C1_04462.trc,4.161331188054243
C1_04463.trc,4.3162150455304245
C1_04464.trc,40.84488521941301
C1_04465.trc,37.39876938845039
C1_04466.trc,25.168725082567207
C1_04467.trc,5.7749534803975795
C1_04468.trc,23.861880256266687
C1_04469.trc,23.969720955958994
C1_04470.trc,19.545862864829655
C1_04471.trc,17.532571802816147
C1_04472.trc,22.347327133246512
C1_04473.trc,4.114487198927103
C1_04474.trc,14.776755617158877
C1_04475.trc,7.0726287013808005
C1_04476.trc,13.387186378841115
C1_04477.trc,6.478010760190981
C1_04478.trc,29.57723420004579
C1_04479.trc,5.787710733263372
C1_04480.trc,7.544257521264969
C1_04481.trc,9.817681765507178
C1_04482.trc,6.783990991099177
C1_04483.trc,4.148374062915679
C1_04484.trc,5.062129077390984
C1_04485.trc,24.83723027437326
C1_04486.trc,34.354514470357095
C1_04487.trc,29.58122045919874
C1_04488.trc,5.529969995831641
C1_04489.trc,4.899072745856274
C1_04490.trc,38.305547739829144
C1_04491.trc,9.09269726975981
C1_04492.trc,5.322261913774512
C1_04493.trc,23.88918914031736
C1_04494.trc,13.640341908140545
C1_04495.trc,5.076481170222569
C1_04496.trc,38.48953446612714
C1_04497.trc,33.34667294950293
C1_04498.trc,13.974828265144868
C1_04499.trc,5.843126356635497
C1_04500.trc,5.427112841585094
C1_04501.trc,11.872434170644079
C1_04502.trc,39.38235869229121
C1_04503.trc,9.7883790363383
C1_04504.trc,4.936149110891006
C1_04505.trc,38.178969527965855
C1_04506.trc,13.82273507052216
C1_04507.trc,32.76540993410883
C1_04508.trc,46.34376048097011
C1_04509.trc,16.131241870457988
C1_04510.trc,4.871962911205375
C1_04511.trc,4.657876232529588
C1_04512.trc,11.410174947606947
C1_04513.trc,22.54526761506262
C1_04514.trc,4.475883100910204
C1_04515.trc,6.192163092626664
C1_04516.trc,12.733564987845254
C1_04517.trc,8.618278955740328
C1_04518.trc,8.333627397280392
C1_04519.trc,6.098674581171504
C1_04520.trc,4.229105226099482
C1_04521.trc,8.010702935356303
C1_04522.trc,40.7767128440543
C1_04523.trc,8.131500521673265
C1_04524.trc,7.314025098905943
C1_04525.trc,21.85576550303427
C1_04526.trc,5.958940791054646
C1_04527.trc,13.32977769744669
C1_04528.trc,6.725784955313181
C1_04529.trc,14.009512578930584
C1_04530.trc,7.9969487658942535
C1_04531.trc,8.413361381502638
C1_04532.trc,5.008308293984651
C1_04533.trc,4.6770127856300805
C1_04534.trc,7.1970144361254595
C1_04535.trc,11.299742562906756
C1_04536.trc,13.345325708571522
C1_04537.trc,11.873231429630092
C1_04538.trc,57.540648203215255
C1_04539.trc,35.25351798137475
C1_04540.trc,7.097944670517519
C1_04541.trc,28.514376001343432
C1_04542.trc,4.081197995942756
C1_04543.trc,43.10714641869337
C1_04544.trc,11.16359624145295
C1_04545.trc,4.737610705705359
C1_04546.trc,10.657084416154158
C1_04547.trc,11.360938632939789
C1_04548.trc,34.54248765854486
C1_04549.trc,7.229705834997224
C1_04550.trc,24.313575049401845
C1_04551.trc,30.28009158371504
C1_04552.trc,25.674439827765433
C1_04553.trc,7.438011101030759
C1_04554.trc,14.072103735913593
C1_04555.trc,32.21245221848245
C1_04556.trc,7.11807792555174
C1_04557.trc,22.902675826809315
C1_04558.trc,19.379018452965994
C1_04559.trc,7.878742578368478
C1_04560.trc,32.72713725723289
C1_04561.trc,32.44288487088511
C1_04562.trc,8.379075261922036
C1_04563.trc,16.776292700521463
C1_04564.trc,5.862461756398933
C1_04565.trc,5.5419300374142075
C1_04566.trc,19.12626135638559
C1_04567.trc,21.825067174110504
C1_04568.trc,4.73521810587434
C1_04569.trc,22.493041540439425
C1_04570.trc,36.05843619050879
C1_04571.trc,17.591375690417507
C1_04572.trc,4.985185577136779
C1_04573.trc,4.579935636793699
C1_04574.trc,7.102928108632022
C1_04575.trc,4.842859505727271
C1_04576.trc,5.001929864325733
C1_04577.trc,12.69090685585283
C1_04578.trc,12.946654404079604
C1_04579.trc,5.492693973186659
C1_04580.trc,6.70923964596983
C1_04581.trc,12.622135734251595
C1_04582.trc,38.602557724887895
C1_04583.trc,9.89362849227347
C1_04584.trc,5.853890539553294
C1_04585.trc,6.310169670244977
C1_04586.trc,23.70679594215865
C1_04587.trc,6.37335937073369
C1_04588.trc,4.360467230392732
C1_04589.trc,8.257480678984372
C1_04590.trc,14.557486844516763
C1_04591.trc,5.689040092064799
C1_04592.trc,6.511499310717488
C1_04593.trc,7.009439978799117
C1_04594.trc,30.440557887913563
C1_04595.trc,6.5651203530337
C1_04596.trc,5.2586742933716835
C1_04597.trc,5.980668015478886
C1_04598.trc,6.416017347692076
C1_04599.trc,5.868242870898792
C1_04600.trc,34.990594720651664
C1_04601.trc,5.475949638294925
C1_04602.trc,14.754430230851188
C1_04603.trc,40.94156323191433
C1_04604.trc,5.041597628151643
C1_04605.trc,11.301736002551314
C1_04606.trc,32.816837950724405
C1_04607.trc,4.993158357807975
C1_04608.trc,27.445936548488277
C1_04609.trc,6.784589236462495
C1_04610.trc,34.88873374360824
C1_04611.trc,58.21041600573331
C1_04612.trc,5.441066191629567
C1_04613.trc,20.070513968861814
C1_04614.trc,19.333570349810437
C1_04615.trc,3.7209985012064184
C1_04616.trc,11.06213418608208
C1_04617.trc,7.952497185786994
C1_04618.trc,9.377747284790164
C1_04619.trc,8.921069578271112
C1_04620.trc,8.394225102693147
C1_04621.trc,4.7021287155342915
C1_04622.trc,6.575684997598209
C1_04623.trc,3.603789254128289
C1_04624.trc,14.202071309170117
C1_04625.trc,12.57568978429552
C1_04626.trc,3.91395555683372
C1_04627.trc,22.247659241532208
C1_04628.trc,33.46806862614916
C1_04629.trc,4.618606853719923
C1_04630.trc,4.460334612757547
C1_04631.trc,3.9655833145394235
C1_04632.trc,8.069108354461553
C1_04633.trc,34.846076327157554
C1_04634.trc,11.874028283142446
C1_04635.trc,3.675151464452616
C1_04636.trc,31.225940336057874
C1_04637.trc,4.99196245144042
C1_04638.trc,5.90153159685531
C1_04639.trc,24.10267784792082
C1_04640.trc,12.84499329930896
C1_04641.trc,7.408111497953559
C1_04642.trc,6.926914329964967
C1_04643.trc,4.943325157306792
C1_04644.trc,5.25169690280771
C1_04645.trc,15.376556785256101
C1_04646.trc,5.004919361916464
C1_04647.trc,4.210965494189685
C1_04648.trc,8.938012294723665
C1_04649.trc,5.771365749369226
C1_04650.trc,37.468138612306596
C1_04651.trc,5.697611702458389
C1_04652.trc,13.203000531589183
C1_04653.trc,27.216500920013132
C1_04654.trc,40.4856824504618
C1_04655.trc,40.50362252476135
C1_04656.trc,17.106392767610608
C1_04657.trc,5.082062579409392
C1_04658.trc,4.464321372789708
C1_04659.trc,4.530899254027791
C1_04660.trc,25.185468892728334
C1_04661.trc,8.393626821552743
C1_04662.trc,10.55043965860649
C1_04663.trc,5.337212180415239
C1_04664.trc,6.8172805160773
C1_04665.trc,4.296480378249271
C1_04666.trc,4.810965950200596
C1_04667.trc,6.198740929456228
C1_04668.trc,33.94587600341948
C1_04669.trc,26.286400981272166
C1_04670.trc,18.38293835361965
C1_04671.trc,6.577080334987794
C1_04672.trc,20.135896945490774
C1_04673.trc,9.603394892564843
C1_04674.trc,11.102799045389684
C1_04675.trc,12.061204653594931
C1_04676.trc,9.021534705120027
C1_04677.trc,40.79325682964544
C1_04678.trc,7.354290941135442
C1_04679.trc,11.644195080598353
C1_04680.trc,10.743596014073166
C1_04681.trc,4.5508333642566745
C1_04682.trc,13.659279793463519
C1_04683.trc,10.88273227436844
C1_04684.trc,4.057477021805873
C1_04685.trc,5.561265508731818
C1_04686.trc,6.572894430150295
C1_04687.trc,7.007844900319413
C1_04688.trc,8.328244810905128
C1_04689.trc,20.15383694823614
C1_04690.trc,23.84593331154361
C1_04691.trc,22.425666245181304
C1_04692.trc,25.58573525184857
C1_04693.trc,7.169107437894124
C1_04694.trc,6.677944777057216
C1_04695.trc,11.157417052004934
C1_04696.trc,3.433556637663875
C1_04697.trc,16.62200665908356
C1_04698.trc,55.99938328471527
C1_04699.trc,37.48986612294753
C1_04700.trc,8.506251826479913
C1_04701.trc,33.63491163078075
C1_04702.trc,5.774754729140193
C1_04703.trc,3.7871781882393876
C1_04704.trc,5.051564480529264
C1_04705.trc,5.244122721815277
C1_04706.trc,6.1999372770745165
C1_04707.trc,7.285120897861654
C1_04708.trc,35.751459102632815
C1_04709.trc,36.02793734030985
C1_04710.trc,23.464404917770796
C1_04711.trc,40.079436142104456
C1_04712.trc,4.617211778695636
C1_04713.trc,13.104727846081815
C1_04714.trc,33.16727083505246
C1_04715.trc,69.26677052032473
C1_04716.trc,14.010110239934818
C1_04717.trc,55.57041302614856
C1_04718.trc,9.180803552610575
C1_04719.trc,11.203662461849284
C1_04720.trc,16.875561217386792
C1_04721.trc,11.75402857594766
C1_04722.trc,36.03252219067127
C1_04723.trc,7.331765539446633
C1_04724.trc,9.16545541375851
C1_04725.trc,27.36002256387072
C1_04726.trc,6.028309048929512
C1_04727.trc,14.790111067685205
C1_04728.trc,51.32356563028253
C1_04729.trc,3.779603196299661
C1_04730.trc,5.096813188439874
C1_04731.trc,4.564586997062421
C1_04732.trc,3.895217770371736
C1_04733.trc,6.386715405619107
C1_04734.trc,16.149182612596487
C1_04735.trc,10.758745652107457
C1_04736.trc,36.37358570474051
C1_04737.trc,15.621540806478343
C1_04738.trc,5.193690727368787
C1_04739.trc,4.416481003722612
C1_04740.trc,5.227578044533801
C1_04741.trc,13.542667789990281
C1_04742.trc,18.24818705948735
C1_04743.trc,6.1983427829538975
C1_04744.trc,41.6781089072002
C1_04745.trc,23.81084964676031
C1_04746.trc,6.3522300696789955
C1_04747.trc,4.716680501753213
C1_04748.trc,26.524407397267915
C1_04749.trc,28.912250130329216
C1_04750.trc,46.33977419796578
C1_04751.trc,11.767782685781228
C1_04752.trc,12.226255629269454
C1_04753.trc,5.892163085246573
C1_04754.trc,9.860140096781
C1_04755.trc,4.865584195329762
C1_04756.trc,12.178813597515822
C1_04757.trc,41.07471953104679
C1_04758.trc,4.190434164207305
C1_04759.trc,6.69967252621206
C1_04760.trc,6.330701811174659
C1_04761.trc,4.311829697745194
C1_04762.trc,5.041199243135402
C1_04763.trc,36.25577835540741
C1_04764.trc,9.35183361887213
C1_04765.trc,18.917955112445018
C1_04766.trc,34.81458108509294
C1_04767.trc,4.449769479239526
C1_04768.trc,39.39252559582704
C1_04769.trc,25.76015413092135
C1_04770.trc,5.837544947448674
C1_04771.trc,5.4201362858198125
C1_04772.trc,9.783196453418455
C1_04773.trc,5.999006916045415
C1_04774.trc,22.082608838291062
C1_04775.trc,13.405525052819428
C1_04776.trc,5.635418262652674
C1_04777.trc,4.966048833225166
C1_04778.trc,7.373227526557592
C1_04779.trc,37.6495333912314
C1_04780.trc,4.824520414349614
C1_04781.trc,17.424930581848656
C1_04782.trc,5.71654806129233
C1_04783.trc,44.51027043122822
C1_04784.trc,22.714901544912983
C1_04785.trc,4.802992382433495
C1_04786.trc,23.283208699292253
C1_04787.trc,22.103937856584505
C1_04788.trc,4.230500384603637
C1_04789.trc,12.756487903974527
C1_04790.trc,14.222203610148695
C1_04791.trc,6.350635337044459
C1_04792.trc,38.300962543622546
C1_04793.trc,4.434420815656857
C1_04794.trc,46.56382697770035
C1_04795.trc,10.57535587127197
C1_04796.trc,5.128308561687129
C1_04797.trc,29.829194407336754
C1_04798.trc,47.3848910139975
C1_04799.trc,9.224857200878018
C1_04800.trc,5.438873428294237
C1_04801.trc,17.743868009449585
C1_04802.trc,5.918275717084524
C1_04803.trc,8.001931929717758
C1_04804.trc,7.390569772893168
C1_04805.trc,4.0957495078706785
C1_04806.trc,4.319404475022406
C1_04807.trc,7.741001428874576
C1_04808.trc,22.097161089612126
C1_04809.trc,27.87610247490863
C1_04810.trc,20.072508052493934
C1_04811.trc,7.296283895120739
C1_04812.trc,18.49974863132246
C1_04813.trc,8.853494255706169
C1_04814.trc,7.057679019099154
C1_04815.trc,16.38738848346566
C1_04816.trc,57.388155824554715
C1_04817.trc,29.693447162589543
C1_04818.trc,4.8326939140179626
C1_04819.trc,14.277220359551057
C1_04820.trc,4.801796654951375
C1_04821.trc,11.84034127950094
C1_04822.trc,6.662196190043574
C1_04823.trc,6.81030368602102
C1_04824.trc,21.446928153656618
C1_04825.trc,28.71829638469387
C1_04826.trc,8.154623882508691
C1_04827.trc,4.7025274463957025
C1_04828.trc,58.87280812807673
C1_04829.trc,6.387313030846254
C1_04830.trc,5.892163335686183
C1_04831.trc,25.646532734128535
C1_04832.trc,5.885784393222355
C1_04833.trc,4.025982161363531
C1_04834.trc,8.607115672264554
C1_04835.trc,5.174952511581756
C1_04836.trc,4.418673421212773
C1_04837.trc,6.566117221927179
C1_04838.trc,4.747776810219569
C1_04839.trc,19.10054695452985
C1_04840.trc,51.093333172146416
C1_04841.trc,6.4614660232810195
C1_04842.trc,9.717415688058034
C1_04843.trc,11.767184917445734
C1_04844.trc,15.013566162564159
C1_04845.trc,3.9159490441810556
C1_04846.trc,4.503989494386487
C1_04847.trc,4.3335575065285195
C1_04848.trc,4.020799518815209
C1_04849.trc,3.969570169977145
C1_04850.trc,9.73934260586961
C1_04851.trc,39.1098671073151
C1_04852.trc,28.708927431834397
C1_04853.trc,3.9197363016370153
C1_04854.trc,8.03741440884234
C1_04855.trc,4.563789487636809
C1_04856.trc,44.493327392781886
C1_04857.trc,24.80394101176043
C1_04858.trc,3.753490600238803
C1_04859.trc,5.137278580948356
C1_04860.trc,35.602953519781515
C1_04861.trc,6.959804969047633
C1_04862.trc,18.653835849948795
C1_04863.trc,6.946649188057248
C1_04864.trc,21.441545770018173
C1_04865.trc,3.057210719479644
C1_04866.trc,4.788241797254406
C1_04867.trc,28.690986999763982
C1_04868.trc,7.823925391170796
C1_04869.trc,41.582028674960064
C1_04870.trc,6.4395386999957935
C1_04871.trc,6.118209626619497
C1_04872.trc,7.43223059474138
C1_04873.trc,21.582874221215402
C1_04874.trc,15.02333400131909
C1_04875.trc,31.032584597271928
C1_04876.trc,22.05749356430012
C1_04877.trc,4.352494270836105
C1_04878.trc,19.202208476699838
C1_04879.trc,14.336423300007617
C1_04880.trc,21.71463570768888
C1_04881.trc,4.449769872787478
C1_04882.trc,6.765054167163108
C1_04883.trc,15.519281205904768
C1_04884.trc,40.9706661722903
C1_04885.trc,8.103992802885339
C1_04886.trc,5.25688024897207
C1_04887.trc,4.155550383622468
C1_04888.trc,7.976417901013997
C1_04889.trc,16.060677479627348
C1_04890.trc,5.999406004677699
C1_04891.trc,15.43057705931295
C1_04892.trc,5.3130928570392
C1_04893.trc,37.32561277595559
C1_04894.trc,4.4312316008274015
C1_04895.trc,4.895883244810115
C1_04896.trc,17.336226554513786
C1_04897.trc,39.636910536887264
C1_04898.trc,17.834764967079522
C1_04899.trc,8.862464537332702
C1_04900.trc,4.514952965217972
C1_04901.trc,7.156349576817856
C1_04902.trc,13.62778455139891
C1_04903.trc,8.742663569469602
C1_04904.trc,36.11624369817021
C1_04905.trc,8.690038990573218
C1_04906.trc,17.56287082844511
C1_04907.trc,6.05482074554835
C1_04908.trc,37.83033132009929
C1_04909.trc,4.61721158788451
C1_04910.trc,4.838673708221032
C1_04911.trc,38.591992555592796
C1_04912.trc,5.186116117051315
C1_04913.trc,20.273438210786207
C1_04914.trc,32.937635882886546
C1_04915.trc,6.458674978805286
C1_04916.trc,8.849109349171677
C1_04917.trc,37.669666348123236
C1_04918.trc,9.229441908131108
C1_04919.trc,3.801530352625147
C1_04920.trc,4.18545057105876
C1_04921.trc,5.641797634441541
C1_04922.trc,14.245126943677313
C1_04923.trc,34.90946462386961
C1_04924.trc,3.724586685411206
C1_04925.trc,10.342333275012987
C1_04926.trc,10.805788690634374
C1_04927.trc,20.312707613447262
C1_04928.trc,7.761134254583758
C1_04929.trc,4.046314406169049
C1_04930.trc,40.394386583085016
C1_04931.trc,9.407049477302742
C1_04932.trc,35.179365585224765
C1_04933.trc,13.587319266221689
C1_04934.trc,4.309238072365798
C1_04935.trc,7.506582910866921
C1_04936.trc,4.618607199565093
C1_04937.trc,38.658172039888946
C1_04938.trc,6.69249606239692
C1_04939.trc,4.611630429137289
C1_04940.trc,37.575381054709894
C1_04941.trc,5.669703857502671
C1_04942.trc,30.333713150761863
C1_04943.trc,7.9040586071336705
C1_04944.trc,4.738009520046642
C1_04945.trc,19.62400241455976
C1_04946.trc,7.549041504506047
C1_04947.trc,23.53795971254503
C1_04948.trc,4.971431264566386
C1_04949.trc,16.381607118526194
C1_04950.trc,10.681004952495725
C1_04951.trc,4.907643628782436
C1_04952.trc,6.301997434700358
C1_04953.trc,4.701331122628806
C1_04954.trc,3.545184523257956
C1_04955.trc,40.10076518424928
C1_04956.trc,24.183010113283462
C1_04957.trc,8.70279669661544
C1_04958.trc,5.094222040088299
C1_04959.trc,25.24925685050607
C1_04960.trc,40.08740935210069
C1_04961.trc,8.352763306393317
C1_04962.trc,4.832893166154562
C1_04963.trc,20.488720771978148
C1_04964.trc,38.21305620459873
C1_04965.trc,19.048519821975173
C1_04966.trc,20.70599647467226
C1_04967.trc,4.681796506505855
C1_04968.trc,10.298280091847673
C1_04969.trc,38.516444476208044
C1_04970.trc,15.356223824908847
C1_04971.trc,9.673761486193735
C1_04972.trc,11.009908099533193
C1_04973.trc,39.79558180685344
C1_04974.trc,14.043001201011261
C1_04975.trc,40.216977490879756
C1_04976.trc,15.339878936420263
C1_04977.trc,22.698557002269567
C1_04978.trc,5.027444787456662
C1_04979.trc,5.011497806956498
C1_04980.trc,4.398341271812816
C1_04981.trc,14.323665987513348
C1_04982.trc,4.567377719544375
C1_04983.trc,10.344126866236167
C1_04984.trc,9.560339043395127
C1_04985.trc,33.414446820588424
C1_04986.trc,22.648722633050223
C1_04987.trc,4.596680448713253
C1_04988.trc,28.72746585882853
C1_04989.trc,9.529043363535212
C1_04990.trc,4.648507804400724
C1_04991.trc,5.842528254380527
C1_04992.trc,22.86201230317961
C1_04993.trc,27.067796347390534
C1_04994.trc,13.90167149761601
C1_04995.trc,4.693358294254837
C1_04996.trc,14.315293700810528
C1_04997.trc,7.154556045223157
C1_04998.trc,4.545849449114348
C1_04999.trc,23.26467030807521
C1_05000.trc,4.044121762090674
C1_05001.trc,12.045457414184888
C1_05002.trc,21.518489043684163
C1_05003.trc,18.650247844629448
C1_05004.trc,11.113762468518384
C1_05005.trc,4.159138424718912
C1_05006.trc,15.336689936253324
C1_05007.trc,6.474223013781509
C1_05008.trc,4.346513832645474
C1_05009.trc,23.743076073817193
C1_05010.trc,16.883734144621755
C1_05011.trc,7.7846561316180845
C1_05012.trc,7.90904149666618
C1_05013.trc,7.65050398920196
C1_05014.trc,8.386052533229059
C1_05015.trc,4.261995567039763
C1_05016.trc,23.02207905364372
C1_05017.trc,3.826646437563401
C1_05018.trc,50.96137295826693
C1_05019.trc,6.05880739824925
C1_05020.trc,8.469972803911055
C1_05021.trc,11.087051722499773
C1_05022.trc,5.899339322473501
C1_05023.trc,8.002330755984742
C1_05024.trc,8.647381645676699
C1_05025.trc,28.362881159415306
C1_05026.trc,20.88918616857246
C1_05027.trc,4.925584227812585
C1_05028.trc,12.156487686477528
C1_05029.trc,5.875817302330828
C1_05030.trc,13.103332007813012
C1_05031.trc,7.842463663130878
C1_05032.trc,7.685188302987674
C1_05033.trc,8.17973959775038
C1_05034.trc,4.353291434416548
C1_05035.trc,4.795417473973636
C1_05036.trc,41.35498563439024
C1_05037.trc,21.301612071851473
C1_05038.trc,31.790658065960006
C1_05039.trc,4.790633920057597
C1_05040.trc,19.330580923773876
C1_05041.trc,18.568719005060295
C1_05042.trc,16.686392087054397
C1_05043.trc,6.462661333363794
C1_05044.trc,4.235882970978898
C1_05045.trc,8.904723878835231
C1_05046.trc,4.736214986693513
C1_05047.trc,8.897348186734884
C1_05048.trc,5.677478137356084
C1_05049.trc,3.5507659085933945
C1_05050.trc,6.199339520664717
C1_05051.trc,10.679210347588425
C1_05052.trc,4.870766456255826
C1_05053.trc,27.73856114998472
C1_05054.trc,28.56042268378178
C1_05055.trc,37.0535198622124
C1_05056.trc,10.39515740418837
C1_05057.trc,5.357145730136435
C1_05058.trc,6.6109674613416765
C1_05059.trc,4.806979321351085
C1_05060.trc,37.40993254074352
C1_05061.trc,6.592628727734886
C1_05062.trc,7.887912505679562
C1_05063.trc,3.9639884864993213
C1_05064.trc,5.222793643893373
C1_05065.trc,9.165853822626149
C1_05066.trc,7.166716078335449
C1_05067.trc,4.584919337273506
C1_05068.trc,5.122926356934123
C1_05069.trc,4.058075219466413
C1_05070.trc,21.966396507809193
C1_05071.trc,6.282064051938907
C1_05072.trc,36.49717342918034
C1_05073.trc,18.03469903164853
C1_05074.trc,5.150235467573003
C1_05075.trc,8.670902986054726
C1_05076.trc,10.502798505898904
C1_05077.trc,8.478344744768705
C1_05078.trc,21.257758105045664
C1_05079.trc,13.18206975520365
C1_05080.trc,25.762147391680475
C1_05081.trc,17.509050545917997
C1_05082.trc,4.222327552774239
C1_05083.trc,6.1929607690120205
C1_05084.trc,11.104593173269162
C1_05085.trc,3.9960816996362425
C1_05086.trc,36.51690823956985
C1_05087.trc,4.413889068275127
C1_05088.trc,10.49701823812344
C1_05089.trc,24.039089989004076
C1_05090.trc,20.412574805000954
C1_05091.trc,14.243134124168925
C1_05092.trc,21.980549575092397
C1_05093.trc,15.698882465160567
C1_05094.trc,19.185463879442803
C1_05095.trc,4.258606766154223
C1_05096.trc,4.5494379791643045
C1_05097.trc,9.087913787397945
C1_05098.trc,12.40765114758739
C1_05099.trc,6.326914613347184
C1_05100.trc,4.583723490534432
C1_05101.trc,4.147576839706757
C1_05102.trc,25.1244726353396
C1_05103.trc,13.779080057710575
C1_05104.trc,3.841995220403025
C1_05105.trc,5.06173062082056
C1_05106.trc,7.219937602694337
C1_05107.trc,4.876746524749893
C1_05108.trc,25.368858458901304
C1_05109.trc,7.70671513040854
C1_05110.trc,17.747257168105982
C1_05111.trc,8.68266394246043
C1_05112.trc,17.866858382953268
C1_05113.trc,28.586933903372795
C1_05114.trc,3.3948854088119553
C1_05115.trc,20.26107962915335
C1_05116.trc,12.148514059081945
C1_05117.trc,4.653490646230451
C1_05118.trc,10.73043963679801
C1_05119.trc,5.627644781820861
C1_05120.trc,5.778541688453757
C1_05121.trc,22.013240628118982
C1_05122.trc,4.076812838968658
C1_05123.trc,24.34825926778199
C1_05124.trc,9.01894311551772
C1_05125.trc,5.252295303205068
C1_05126.trc,23.048191518521925
C1_05127.trc,6.280668476035406
C1_05128.trc,6.877878221490054
C1_05129.trc,6.737147312040118
C1_05130.trc,7.2719651645740555
C1_05131.trc,4.409902689865227
C1_05132.trc,12.471437960498344
C1_05133.trc,3.9910983211502176
C1_05134.trc,6.591432630556205
C1_05135.trc,22.491646381935276
C1_05136.trc,9.977748122423334
C1_05137.trc,4.570766281915999
C1_05138.trc,20.84752503665616
C1_05139.trc,7.117479572857163
C1_05140.trc,5.37369040741792
C1_05141.trc,6.351830730607102
C1_05142.trc,10.814360420284922
C1_05143.trc,7.170502930317751
C1_05144.trc,10.925390251326828
C1_05145.trc,27.089524597424596
C1_05146.trc,41.74787606289621
C1_05147.trc,5.111564274498175
C1_05148.trc,5.74903994566219
C1_05149.trc,5.550501409293891
C1_05150.trc,37.909866171441884
C1_05151.trc,4.917012629344688
C1_05152.trc,5.419338430549027
C1_05153.trc,32.571256733600066
C1_05154.trc,15.319746194190955
C1_05155.trc,8.59196612963583
C1_05156.trc,6.213093320430202
C1_05157.trc,23.04340804808576
C1_05158.trc,4.330168407500594
C1_05159.trc,8.131500104273917
C1_05160.trc,23.764205780345545
C1_05161.trc,25.815370526008262
C1_05162.trc,9.715023612957623
C1_05163.trc,18.72579611482533
C1_05164.trc,8.682265259301793
C1_05165.trc,4.623989368541016
C1_05166.trc,23.62128213141167
C1_05167.trc,29.918496548852286
C1_05168.trc,6.152495269172274
C1_05169.trc,6.582861258676518
C1_05170.trc,29.948198414356245
C1_05171.trc,8.927248708090646
C1_05172.trc,4.673823081847103
C1_05173.trc,17.5798139861484
C1_05174.trc,8.343593235973886
C1_05175.trc,23.671314584049444
C1_05176.trc,4.204587100307858
C1_05177.trc,4.270766059873393
C1_05178.trc,10.871769018199476
C1_05179.trc,13.390973254674813
C1_05180.trc,37.73664261437756
C1_05181.trc,10.254027465734621
C1_05182.trc,10.055488798183674
C1_05183.trc,5.723126017378849
C1_05184.trc,4.886314562786224
C1_05185.trc,27.86852819851063
C1_05186.trc,3.6448522957153107
C1_05187.trc,5.013291922910284
C1_05188.trc,5.894156536816828
C1_05189.trc,29.25989117115993
C1_05190.trc,11.10798137786992
C1_05191.trc,5.615484677154398
C1_05192.trc,6.808708285547537
C1_05193.trc,5.150235252910485
C1_05194.trc,4.113091837686121
C1_05195.trc,4.648906237119753
C1_05196.trc,17.11596018551077
C1_05197.trc,10.9672506950082
C1_05198.trc,5.868442373475
C1_05199.trc,9.239807515221532
C1_05200.trc,9.477415081098906
C1_05201.trc,8.933627805588522
C1_05202.trc,14.829379993318442
C1_05203.trc,28.51616984300621
C1_05204.trc,13.531505746786836
C1_05205.trc,7.78445691525857
C1_05206.trc,5.713358297880873
C1_05207.trc,8.789308878893536
C1_05208.trc,5.954155984940575
C1_05209.trc,8.239341555285051
C1_05210.trc,5.491697318955706
C1_05211.trc,6.413625046003451
C1_05212.trc,40.411330098559176
C1_05213.trc,8.860670504858785
C1_05214.trc,6.162461334453985
C1_05215.trc,10.083395856043492
C1_05216.trc,12.606587448835757
C1_05217.trc,6.367777901918391
C1_05218.trc,11.750839838146021
C1_05219.trc,5.1615977050429915
C1_05220.trc,9.435953702198423
C1_05221.trc,5.882594594033816
C1_05222.trc,4.166115135518231
C1_05223.trc,9.443727338064274
C1_05224.trc,4.5905007583860264
C1_05225.trc,5.625651127513787
C1_05226.trc,8.345387983989532
C1_05227.trc,3.924919254253421
C1_05228.trc,30.70766687458872
C1_05229.trc,15.626922188358352
C1_05230.trc,23.319287849588335
C1_05231.trc,29.585605759281183
C1_05232.trc,18.548785586521753
C1_05233.trc,6.113824433868314
C1_05234.trc,7.943726537919322
C1_05235.trc,11.363928285564558
C1_05236.trc,4.527909613328708
C1_05237.trc,7.523526629077904
C1_05238.trc,7.593293939807964
C1_05239.trc,4.619204979826284
C1_05240.trc,10.237881710125688
C1_05241.trc,13.698947604992211
C1_05242.trc,6.952828258248309
C1_05243.trc,7.000070978236866
C1_05244.trc,32.152850940712426
C1_05245.trc,19.38121171718054
C1_05246.trc,5.322461607161852
C1_05247.trc,10.433828000978417
C1_05248.trc,16.966060433988044
C1_05249.trc,5.130501265393978
C1_05250.trc,4.25960349193935
C1_05251.trc,5.640002993757154
C1_05252.trc,7.1340243693956005
C1_05253.trc,32.44886489167639
C1_05254.trc,17.86028004524449
C1_05255.trc,36.663220558206596
C1_05256.trc,11.536553191791905
C1_05257.trc,6.980137595475415
C1_05258.trc,8.536550398932448
C1_05259.trc,6.8992070608980525
C1_05260.trc,20.552507918808587
C1_05261.trc,4.293490415556408
C1_05262.trc,5.387843343518467
C1_05263.trc,7.350901198119951
C1_05264.trc,4.889902985504921
C1_05265.trc,4.617610223340359
C1_05266.trc,10.778280053567887
C1_05267.trc,5.5967469980236695
C1_05268.trc,15.742537322938121
C1_05269.trc,3.8996031062312677
C1_05270.trc,6.22824279150475
C1_05271.trc,36.44415014327393
C1_05272.trc,19.057490819143442
C1_05273.trc,26.714174856443496
C1_05274.trc,4.88850723071599
C1_05275.trc,21.772442702545376
C1_05276.trc,4.174885771460209
C1_05277.trc,11.551304301701599
C1_05278.trc,21.159286358212825
C1_05279.trc,20.875431891779154
C1_05280.trc,9.377747237087384
C1_05281.trc,3.1644534242482427
C1_05282.trc,5.365119154795187
C1_05283.trc,9.937083239264341
C1_05284.trc,19.517357692789176
C1_05285.trc,4.5833246046389755
C1_05286.trc,5.820401917472611
C1_05287.trc,28.852448574812776
C1_05288.trc,40.30667851829076
C1_05289.trc,4.278141942784869
C1_05290.trc,40.348539045452
C1_05291.trc,8.705985768336552
C1_05292.trc,13.969844922435927
C1_05293.trc,5.666515048146861
C1_05294.trc,4.791032662844715
C1_05295.trc,21.807327234449033
C1_05296.trc,4.072626946056854
C1_05297.trc,5.136880017046676
C1_05298.trc,6.656814545798257
C1_05299.trc,4.642328269107536
C1_05300.trc,4.821331783879236
C1_05301.trc,36.689134486489955
C1_05302.trc,8.098012782094058
C1_05303.trc,5.4037898708421945
C1_05304.trc,27.89264804661729
C1_05305.trc,13.50339904324247
C1_05306.trc,4.517942271997578
C1_05307.trc,11.842732901424917
C1_05308.trc,6.667180307922722
C1_05309.trc,9.267714549229956
C1_05310.trc,5.117743392392015
C1_05311.trc,6.927712054053102
C1_05312.trc,5.033025552655923
C1_05313.trc,18.95224058803806
C1_05314.trc,32.65079194271354
C1_05315.trc,14.386656054243208
C1_05316.trc,9.673960189748344
C1_05317.trc,3.738141447702616
C1_05318.trc,22.14719356610129
C1_05319.trc,3.8162809139528404
C1_05320.trc,31.750591380461547
C1_05321.trc,24.104670560097944
C1_05322.trc,4.486048585288255
C1_05323.trc,4.436015631771259
C1_05324.trc,20.06652791244569
C1_05325.trc,4.103125247673805
C1_05326.trc,4.3915640039612205
C1_05327.trc,4.238872563975194
C1_05328.trc,33.24780163700998
C1_05329.trc,5.135684074902038
C1_05330.trc,33.80374985198552
C1_05331.trc,14.72193817952159
C1_05332.trc,7.428044630275402
C1_05333.trc,7.614224644639319
C1_05334.trc,5.228973167260862
C1_05335.trc,9.588046419793304
C1_05336.trc,80.53860594189177
C1_05337.trc,9.449109936365234
C1_05338.trc,20.41895373553908
C1_05339.trc,20.159418512457012
C1_05340.trc,6.395286336248052
C1_05341.trc,12.867517973530331
C1_05342.trc,5.111962898028331
C1_05343.trc,7.305054841130806
C1_05344.trc,5.674089956606716
C1_05345.trc,34.598899339863166
C1_05346.trc,23.016497429794377
C1_05347.trc,7.371632209563977
C1_05348.trc,5.277411996353791
C1_05349.trc,6.481200249311435
C1_05350.trc,7.349904663145953
C1_05351.trc,34.632188984098235
C1_05352.trc,16.154763604383962
C1_05353.trc,34.404348350622925
C1_05354.trc,38.84455169993742
C1_05355.trc,34.37803488053087
C1_05356.trc,12.910574860235567
C1_05357.trc,8.639208229488219
C1_05358.trc,15.151506564194658
C1_05359.trc,5.282594400388207
C1_05360.trc,7.014622156245316
C1_05361.trc,28.030588066625523
C1_05362.trc,15.553566562240853
C1_05363.trc,16.012437592602936
C1_05364.trc,20.54333927947262
C1_05365.trc,8.609108837618113
C1_05366.trc,12.773232429677384
C1_05367.trc,36.05086153248854
C1_05368.trc,27.290852794887947
C1_05369.trc,4.558607059751009
C1_05370.trc,6.7146219819054895
C1_05371.trc,36.07159210268182
C1_05372.trc,6.86611699079335
C1_05373.trc,13.66904676164267
C1_05374.trc,25.364074260997704
C1_05375.trc,5.062726821875087
C1_05376.trc,33.35723757021604
C1_05377.trc,28.62540574890547
C1_05378.trc,5.406979896618954
C1_05379.trc,7.700138307263102
C1_05380.trc,6.7134255269559375
C1_05381.trc,13.940542062084397
C1_05382.trc,12.810308580049597
C1_05383.trc,12.018946182668177
C1_05384.trc,5.737877294248279
C1_05385.trc,4.315018793317698
C1_05386.trc,6.020933893485466
C1_05387.trc,7.373427124539364
C1_05388.trc,8.91010594047989
C1_05389.trc,6.231033931386051
C1_05390.trc,26.36135108958459
C1_05391.trc,6.190368988598577
C1_05392.trc,6.423591850678283
C1_05393.trc,8.662132147375925
C1_05394.trc,4.538274779168401
C1_05395.trc,55.175728302803364
C1_05396.trc,4.591896465472177
C1_05397.trc,8.108576949630734
C1_05398.trc,4.458341030004644
C1_05399.trc,24.61257842640236
C1_05400.trc,3.6484402414061843
C1_05401.trc,4.278141751973743
C1_05402.trc,28.82753189704516
C1_05403.trc,4.569769985455916
C1_05404.trc,19.803006251325233
C1_05405.trc,5.662129366442152
C1_05406.trc,15.068782342988555
C1_05407.trc,8.965322311715418
C1_05408.trc,38.50269033059739
C1_05409.trc,25.12965494396844
C1_05410.trc,4.682195189664485
C1_05411.trc,38.102025371798405
C1_05412.trc,23.559488102232013
C1_05413.trc,17.032040010234333
C1_05414.trc,13.97602418343812
C1_05415.trc,17.045594808302823
C1_05416.trc,13.025591534789498
C1_05417.trc,4.4419954379000215
C1_05418.trc,9.977747824280943
C1_05419.trc,3.3149518623850227
C1_05420.trc,7.435220664765501
C1_05421.trc,12.581272242943555
C1_05422.trc,4.558806812766817
C1_05423.trc,26.711185120338854
C1_05424.trc,8.980670951446696
C1_05425.trc,18.736559474870127
C1_05426.trc,7.111698899608044
C1_05427.trc,54.46788743331683
C1_05428.trc,7.631367185661864
C1_05429.trc,30.060224708817955
C1_05430.trc,4.257809328282784
C1_05431.trc,9.31595289783964
C1_05432.trc,8.34638454281492
C1_05433.trc,39.141561339150996
C1_05434.trc,15.630909723560722
C1_05435.trc,31.537899991472575
C1_05436.trc,7.503194718191863
C1_05437.trc,9.254159119099599
C1_05438.trc,8.628244973319255
C1_05439.trc,15.218284126894382
C1_05440.trc,37.103353670924044
C1_05441.trc,3.7756165078216695
C1_05442.trc,20.313704041090002
C1_05443.trc,5.9388078341628106
C1_05444.trc,8.279806482691406
C1_05445.trc,12.124594285984896
C1_05446.trc,7.333759062571064
C1_05447.trc,13.020009994420024
C1_05448.trc,21.0498511405485
C1_05449.trc,6.180801189076154
C1_05450.trc,6.8595391301124025
C1_05451.trc,9.058211349460613
C1_05452.trc,13.655890479773072
C1_05453.trc,6.736747972968231
C1_05454.trc,6.9827289704152005
C1_05455.trc,22.840284744835895
C1_05456.trc,7.492629024166144
C1_05457.trc,34.119098618353846
C1_05458.trc,6.577080358839186
C1_05459.trc,4.259005699752466
C1_05460.trc,11.387649784432046
C1_05461.trc,35.74627632890184
C1_05462.trc,4.06465309207306
C1_05463.trc,6.467844643751066
C1_05464.trc,4.586314781994352
C1_05465.trc,3.805516862217699
C1_05466.trc,10.082797646457259
C1_05467.trc,33.375776009135855
C1_05468.trc,7.820735544279472
C1_05469.trc,20.630049783683063
C1_05470.trc,5.340002938674285
C1_05471.trc,18.67018082191725
C1_05472.trc,4.620002381920639
C1_05473.trc,43.40435619254501
C1_05474.trc,5.26166423221315
C1_05475.trc,3.899603308968092
C1_05476.trc,6.390103586368468
C1_05477.trc,6.655219705832462
C1_05478.trc,5.4404679343405515
C1_05479.trc,4.612427783528862
C1_05480.trc,23.607527687658628
C1_05481.trc,4.904055969308255
C1_05482.trc,56.36217529925817
C1_05483.trc,12.41801608683886
C1_05484.trc,32.58162198291962
C1_05485.trc,4.824919693793026
C1_05486.trc,6.499140049319986
C1_05487.trc,4.020799363781164
C1_05488.trc,24.283873923291026
C1_05489.trc,41.23917153389057
C1_05490.trc,7.364855251780465
C1_05491.trc,11.003928162221777
C1_05492.trc,4.674620400461585
C1_05493.trc,28.69597024706736
C1_05494.trc,5.229570840190794
C1_05495.trc,21.90559945485428
C1_05496.trc,12.132566923547742
C1_05497.trc,3.8045200648783988
C1_05498.trc,17.488518750833485
C1_05499.trc,6.3749537933001434
C1_05500.trc,3.626114795470018
C1_05501.trc,8.226383702679064
C1_05502.trc,25.08340955797549
C1_05503.trc,11.487716645521678
C1_05504.trc,6.371166583546968
C1_05505.trc,4.450567274881838
C1_05506.trc,11.084859102272791
C1_05507.trc,22.57078313447833
C1_05508.trc,9.795555202011048
C1_05509.trc,4.837876270349591
C1_05510.trc,13.36844843734509
C1_05511.trc,5.343192225057918
C1_05512.trc,5.045982653943091
C1_05513.trc,14.488715377070363
C1_05514.trc,23.10599941973129
C1_05515.trc,4.779072180011405
C1_05516.trc,4.064453983044808
C1_05517.trc,21.87868883656289
C1_05518.trc,4.745184922474874
C1_05519.trc,14.319280079220425
C1_05520.trc,4.966846938935547
C1_05521.trc,6.979738459140348
C1_05522.trc,3.2312308676910106
C1_05523.trc,7.1990081739124046
C1_05524.trc,39.08375386726668
C1_05525.trc,4.984388294299379
C1_05526.trc,5.959737799601046
C1_05527.trc,18.3659945400031
C1_05528.trc,29.155837466558264
C1_05529.trc,13.309444749025129
C1_05530.trc,19.979019338301946
C1_05531.trc,16.228916191345085
C1_05532.trc,27.211717413799878
C1_05533.trc,12.474627246881976
C1_05534.trc,12.190374693574459
C1_05535.trc,4.41608215360424
C1_05536.trc,3.8232579825230326
C1_05537.trc,34.17192233012989
C1_05538.trc,35.477372510731165
C1_05539.trc,5.8540895651016776
C1_05540.trc,8.000736393046774
C1_05541.trc,8.516417656703137
C1_05542.trc,4.210766575972565
C1_05543.trc,10.077814756924752
C1_05544.trc,3.2770781071816346
C1_05545.trc,5.88737869653185
C1_05546.trc,5.149836593603242
C1_05547.trc,7.758344199940757
C1_05548.trc,19.137423960096715
C1_05549.trc,5.204852865977786
C1_05550.trc,58.373073403669785
C1_05551.trc,5.679072810362139
C1_05552.trc,12.09529141370767
C1_05553.trc,16.20499577426047
C1_05554.trc,14.494097557971976
C1_05555.trc,6.589638824670504
C1_05556.trc,62.5708847149123
C1_05557.trc,4.048706385863898
C1_05558.trc,5.876415177997586
C1_05559.trc,30.582882945638946
C1_05560.trc,11.815623197956674
C1_05561.trc,59.6211144854773
C1_05562.trc,23.353972330333786
C1_05563.trc,5.062527867880879
C1_05564.trc,4.384387826362779
C1_05565.trc,9.629309226321833
C1_05566.trc,16.318617206830375
C1_05567.trc,4.309437455685053
C1_05568.trc,10.08818020898113
C1_05569.trc,36.53484814690966
C1_05570.trc,13.387386060302758
C1_05571.trc,7.732031564647385
C1_05572.trc,20.572840640641928
C1_05573.trc,12.860142508018209
C1_05574.trc,13.020408904166873
C1_05575.trc,42.88967128497721
C1_05576.trc,5.751431770322993
C1_05577.trc,5.521000119678755
C1_05578.trc,37.67086255263319
C1_05579.trc,17.628252731761467
C1_05580.trc,16.652106003250882
C1_05581.trc,10.655090320596349
C1_05582.trc,23.42932157498128
C1_05583.trc,12.171238140473966
C1_05584.trc,7.071831645131619
C1_05585.trc,53.32130807296072
C1_05586.trc,7.044323163099174
C1_05587.trc,7.133226657233159
C1_05588.trc,4.253823128758315
C1_05589.trc,7.048110730623216
C1_05590.trc,4.614819500858407
C1_05591.trc,34.07962947460267
C1_05592.trc,33.89723792218994
C1_05593.trc,35.6501956196339
C1_05594.trc,25.585336699872585
C1_05595.trc,5.051365109135711
C1_05596.trc,4.405517222823044
C1_05597.trc,5.731697496589791
C1_05598.trc,14.93482910686387
C1_05599.trc,17.53934961924974
C1_05600.trc,3.96418790559566
C1_05601.trc,37.04275584625434
C1_05602.trc,8.790903182203026
C1_05603.trc,8.331434371579753
C1_05604.trc,4.233889352448909
C1_05605.trc,14.519612743468212
C1_05606.trc,4.630566954930965
C1_05607.trc,6.300003613433542
C1_05608.trc,12.962601611167983
C1_05609.trc,34.32062683119831
C1_05610.trc,4.461729950147136
C1_05611.trc,3.712626381463333
C1_05612.trc,4.8970789961436285
C1_05613.trc,5.8495050009569365
C1_05614.trc,19.651510658078287
C1_05615.trc,3.662792644305858
C1_05616.trc,21.319552050745447
C1_05617.trc,7.444190743655209
C1_05618.trc,19.206195129400736
C1_05619.trc,20.41257406560783
C1_05620.trc,24.29802670435753
C1_05621.trc,13.863598108653768
C1_05622.trc,16.894697889744236
C1_05623.trc,3.986712901810816
C1_05624.trc,9.420803885278701
C1_05625.trc,16.071441078186062
C1_05626.trc,9.131368069286685
C1_05627.trc,8.749042547710522
C1_05628.trc,9.927913955940815
C1_05629.trc,29.32228391080503
C1_05630.trc,7.906051474344844
C1_05631.trc,23.13450435325786
C1_05632.trc,5.73887398425632
C1_05633.trc,20.279019321830635
C1_05634.trc,5.427112555368402
C1_05635.trc,6.227844656928115
C1_05636.trc,5.684056653950291
C1_05637.trc,5.998409064230051
C1_05638.trc,13.89469495377643
C1_05639.trc,15.282470278877229
C1_05640.trc,4.677810080393168
C1_05641.trc,9.121003296994957
C1_05642.trc,4.197610103291833
C1_05643.trc,37.14641034296675
C1_05644.trc,24.352844141994822
C1_05645.trc,16.437820632946195
C1_05646.trc,32.63544276632595
C1_05647.trc,30.908796571234298
C1_05648.trc,15.00619048238951
C1_05649.trc,7.136017904445726
C1_05650.trc,12.593032185665143
C1_05651.trc,12.440142340266904
C1_05652.trc,40.79505161343818
C1_05653.trc,15.016357123560024
C1_05654.trc,5.522794056747109
C1_05655.trc,33.90062669922409
C1_05656.trc,5.949571599681269
C1_05657.trc,18.910978652085298
C1_05658.trc,13.517153320035776
C1_05659.trc,10.93097155318239
C1_05660.trc,8.777747448915429
C1_05661.trc,6.653226981729637
C1_05662.trc,7.183858464323948
C1_05663.trc,3.5641214783766775
C1_05664.trc,5.104587504070374
C1_05665.trc,15.451108210409897
C1_05666.trc,7.53588538959619
C1_05667.trc,19.085397364198343
C1_05668.trc,19.02479953952863
C1_05669.trc,5.873823946166141
C1_05670.trc,5.917478660835342
C1_05671.trc,6.878077425923873
C1_05672.trc,32.446870831895666
C1_05673.trc,4.769105220302526
C1_05674.trc,3.994885781342996
C1_05675.trc,4.876746727486719
C1_05676.trc,22.520948514819377
C1_05677.trc,17.268651494314142
C1_05678.trc,24.50154855958338
C1_05679.trc,4.959471473423422
C1_05680.trc,24.575302749602557
C1_05681.trc,5.169371674828321
C1_05682.trc,18.417622738959544
C1_05683.trc,5.0651194336317955
C1_05684.trc,36.40408394672899
C1_05685.trc,6.7604690544363715
C1_05686.trc,3.6520283302054075
C1_05687.trc,40.570200823398785
C1_05688.trc,7.387379937927536
C1_05689.trc,12.826255703658106
C1_05690.trc,5.033225305671737
C1_05691.trc,7.140602635550202
C1_05692.trc,41.778972562173706
C1_05693.trc,11.001337001944504
C1_05694.trc,14.28220389307113
C1_05695.trc,11.66632086892427
C1_05696.trc,5.926847697174682
C1_05697.trc,9.355621090990603
C1_05698.trc,12.559145536339082
C1_05699.trc,4.149570219722842
C1_05700.trc,8.886584266182393
C1_05701.trc,22.19503418560799
C1_05702.trc,3.8828592483673576
C1_05703.trc,33.28009442427728
C1_05704.trc,8.96073733017133
C1_05705.trc,5.228374707235023
C1_05706.trc,7.59249706244422
C1_05707.trc,6.0717646307190725
C1_05708.trc,33.057237288544954
C1_05709.trc,9.229043427709298
C1_05710.trc,4.535882751770772
C1_05711.trc,6.553559078089638
C1_05712.trc,5.2516973321327445
C1_05713.trc,14.362934471895853
C1_05714.trc,7.771101250069719
C1_05715.trc,57.110281879791536
C1_05716.trc,7.821932225817241
C1_05717.trc,8.865853362069627
C1_05718.trc,5.547511267715598
C1_05719.trc,5.296548227460504
C1_05720.trc,5.961132910402419
C1_05721.trc,5.150235169430618
C1_05722.trc,8.676085330460658
C1_05723.trc,21.405665001282916
C1_05724.trc,23.182144730795233
C1_05725.trc,5.092428210351203
C1_05726.trc,10.00067218341938
C1_05727.trc,3.775018489046569
C1_05728.trc,16.910644250108227
C1_05729.trc,4.5649859068092695
C1_05730.trc,35.0990328189829
C1_05731.trc,7.383193973461557
C1_05732.trc,50.41937873732342
C1_05733.trc,5.664920029295631
C1_05734.trc,6.9402704364045515
C1_05735.trc,44.976117910024314
C1_05736.trc,4.547843043792949
C1_05737.trc,20.276428209256153
C1_05738.trc,13.27814951041595
C1_05739.trc,7.863791369597793
C1_05740.trc,5.6441894710280405
C1_05741.trc,6.061000578983928
C1_05742.trc,52.11732060364357
C1_05743.trc,3.3976761551453034
C1_05744.trc,11.572433900898696
C1_05745.trc,7.680403270285387
C1_05746.trc,23.478557889648435
C1_05747.trc,9.26910924263198
C1_05748.trc,10.290705278793377
C1_05749.trc,24.751714722474723
C1_05750.trc,4.848640465193082
C1_05751.trc,4.148175132772862
C1_05752.trc,21.85018360489393
C1_05753.trc,16.968452079763416
C1_05754.trc,20.690448344290477
C1_05755.trc,6.461067363973778
C1_05756.trc,4.976414416464199
C1_05757.trc,4.334553421366346
C1_05758.trc,6.289239132373358
C1_05759.trc,9.847581630949687
C1_05760.trc,6.84319388385295
C1_05761.trc,6.625319566098957
C1_05762.trc,12.914162638966708
C1_05763.trc,35.60813589996453
C1_05764.trc,6.854755027614366
C1_05765.trc,7.246450050631996
C1_05766.trc,12.089111508717922
C1_05767.trc,20.896362632387596
C1_05768.trc,34.662288471373905
C1_05769.trc,15.831639926100362
C1_05770.trc,9.33229851379566
C1_05771.trc,40.653523015677216
C1_05772.trc,28.737233339812587
C1_05773.trc,4.561796143397813
C1_05774.trc,8.570637373707712
C1_05775.trc,19.95190950365105
C1_05776.trc,6.92631691940034
C1_05777.trc,3.8461815664912553
C1_05778.trc,11.558879436749676
C1_05779.trc,8.621467777021834
C1_05780.trc,6.0807345903518275
C1_05781.trc,7.466715871053018
C1_05782.trc,36.50275496954982
C1_05783.trc,6.736548947419849
C1_05784.trc,12.925923344932805
C1_05785.trc,5.521597744905903
C1_05786.trc,30.40367990443965
C1_05787.trc,6.866715200379584
C1_05788.trc,38.37431845595673
C1_05789.trc,19.871178793643672
C1_05790.trc,6.037877480513803
C1_05791.trc,3.3737558096148645
C1_05792.trc,5.090035956365361
C1_05793.trc,22.584138060274043
C1_05794.trc,6.158077059981357
C1_05795.trc,38.02966697234523
C1_05796.trc,8.537148656221458
C1_05797.trc,7.49402469547521
C1_05798.trc,5.931232365195263
C1_05799.trc,5.8471128900794405
C1_05800.trc,5.302129231173679
C1_05801.trc,8.543129130189174
C1_05802.trc,33.887669430977176
C1_05803.trc,72.11408231444888
C1_05804.trc,7.0421310676027975
C1_05805.trc,21.841014560084318
C1_05806.trc,4.366447167704146
C1_05807.trc,25.88095184842096
C1_05808.trc,6.736548923568456
C1_05809.trc,9.355023286878017
C1_05810.trc,25.670054503831597
C1_05811.trc,4.744786382424586
C1_05812.trc,62.72636624531841
C1_05813.trc,9.069574588689028
C1_05814.trc,4.045716411245339
C1_05815.trc,22.397360981190666
C1_05816.trc,17.590379226997683
C1_05817.trc,6.960602633507288
C1_05818.trc,15.33788571143823
C1_05819.trc,21.53124649928678
C1_05820.trc,6.63050223249867
C1_05821.trc,38.086078534406575
C1_05822.trc,14.175957675573745
C1_05823.trc,13.877751474079357
C1_05824.trc,19.972042329360228
C1_05825.trc,11.735888629375346
C1_05826.trc,38.02229148298172
C1_05827.trc,18.192373647383764
C1_05828.trc,13.798615544409301
C1_05829.trc,10.925590004342634
C1_05830.trc,23.107992263091063
C1_05831.trc,23.272244918392673
C1_05832.trc,32.405408844784695
C1_05833.trc,20.731511636317105
C1_05834.trc,5.93860826003243
C1_05835.trc,7.339739286099174
C1_05836.trc,17.644199807667192
C1_05837.trc,7.790436506724811
C1_05838.trc,10.8723667149808
C1_05839.trc,35.737704372663075
C1_05840.trc,12.502533815788274
C1_05841.trc,8.24552032733372
C1_05842.trc,17.510645075815702
C1_05843.trc,59.548157268227435
C1_05844.trc,25.068658638876922
C1_05845.trc,6.827844886350803
C1_05846.trc,34.8462751857462
C1_05847.trc,13.902668199549751
C1_05848.trc,7.315619473769611
C1_05849.trc,14.984064801394853
C1_05850.trc,5.938807607574599
C1_05851.trc,16.134430942179097
C1_05852.trc,7.609639317250067
C1_05853.trc,6.300003887724539
C1_05854.trc,15.579081676182911
C1_05855.trc,22.474304314485142
C1_05856.trc,32.62109100741383
C1_05857.trc,14.697220956627405
C1_05858.trc,5.983059828213995
C1_05859.trc,5.638607918732867
C1_05860.trc,7.844855511643074
C1_05861.trc,35.58102668544981
C1_05862.trc,27.485404511595604
C1_05863.trc,5.84691313706363
C1_05864.trc,18.94187597078037
C1_05865.trc,6.5764827216863395
C1_05866.trc,17.409382582649513
C1_05867.trc,8.474358425987283
C1_05868.trc,6.616947470207265
C1_05869.trc,7.973826192154732
C1_05870.trc,25.66726368594407
C1_05871.trc,5.001729896647399
C1_05872.trc,5.6314321108309935
C1_05873.trc,4.825916061807288
C1_05874.trc,5.433291768667802
C1_05875.trc,7.721666017185441
C1_05876.trc,9.230238737792073
C1_05877.trc,36.901227642041306
C1_05878.trc,36.172655105197514
C1_05879.trc,8.096217795564494
C1_05880.trc,6.215684647667208
C1_05881.trc,4.848640274381955
C1_05882.trc,4.928972372784868
C1_05883.trc,4.7595372657460615
C1_05884.trc,21.341877937932352
C1_05885.trc,7.112097296549983
C1_05886.trc,16.91243848531897
C1_05887.trc,4.057078374424329
C1_05888.trc,20.461212480756842
C1_05889.trc,17.45981455324462
C1_05890.trc,4.519935616236572
C1_05891.trc,4.460135217512599
C1_05892.trc,8.540536801193738
C1_05893.trc,8.546716896994612
C1_05894.trc,21.139552299142142
C1_05895.trc,38.148869921433224
C1_05896.trc,35.33006318009259
C1_05897.trc,17.63901714126748
C1_05898.trc,5.218208924714589
C1_05899.trc,19.900680119035897
C1_05900.trc,53.76144154344903
C1_05901.trc,6.282063097883254
C1_05902.trc,21.014170112903354
C1_05903.trc,12.36100570698081
C1_05904.trc,31.20142199560372
C1_05905.trc,6.567113578015739
C1_05906.trc,56.87406881650505
C1_05907.trc,35.96933316994721
C1_05908.trc,6.712628578038015
C1_05909.trc,26.24752958200509
C1_05910.trc,5.313690649226089
C1_05911.trc,11.809642735914652
C1_05912.trc,20.128122355569268
C1_05913.trc,11.15183535660142
C1_05914.trc,20.666129482561143
C1_05915.trc,5.115152160560575
C1_05916.trc,9.242199494916372
C1_05917.trc,4.303457625704892
C1_05918.trc,36.32594425389053
C1_05919.trc,16.075427862069613
C1_05920.trc,28.416900789484586
C1_05921.trc,19.297889560679202
C1_05922.trc,39.13358810530337
C1_05923.trc,4.406314350626396
C1_05924.trc,9.76924294833994
C1_05925.trc,4.398939075925397
C1_05926.trc,6.107047022908372
C1_05927.trc,4.980401534267221
C1_05928.trc,7.441798942845797
C1_05929.trc,12.335890075218988
C1_05930.trc,4.485650045237968
C1_05931.trc,7.85282881704487
C1_05932.trc,36.94787215244363
C1_05933.trc,7.818144825252939
C1_05934.trc,5.4641886103350465
C1_05935.trc,8.479739784015901
C1_05936.trc,19.98041460413736
C1_05937.trc,6.651632201392322
C1_05938.trc,4.997145893010346
C1_05939.trc,20.644402126954258
C1_05940.trc,4.902660274147804
C1_05941.trc,12.007184582274911
C1_05942.trc,5.2544880188376215
C1_05943.trc,11.640207760058502
C1_05944.trc,28.184475102911012
C1_05945.trc,4.766115496123581
C1_05946.trc,4.437211454658945
C1_05947.trc,24.28566794383924
C1_05948.trc,33.27610779542777
C1_05949.trc,10.356485781788493
C1_05950.trc,5.123724045245166
C1_05951.trc,6.259139573543513
C1_05952.trc,8.479939525106024
C1_05953.trc,27.415637725596145
C1_05954.trc,13.218947345129607
C1_05955.trc,7.410303784261062
C1_05956.trc,7.097346770999369
C1_05957.trc,6.22704663469759
C1_05958.trc,33.413649621230896
C1_05959.trc,5.401398415877959
C1_05960.trc,4.922195331521489
C1_05961.trc,42.51292680289129
C1_05962.trc,8.298344838131362
C1_05963.trc,4.32877284352279
C1_05964.trc,17.750844505586386
C1_05965.trc,7.227712299947099
C1_05966.trc,11.662134689795773
C1_05967.trc,6.924124001030967
C1_05968.trc,36.19717401808504
C1_05969.trc,6.218874279896014
C1_05970.trc,4.075217987077163
C1_05971.trc,8.668909737221295
C1_05972.trc,23.306929935794436
C1_05973.trc,4.222726486372483
C1_05974.trc,4.555417475224986
C1_05975.trc,36.10169182847141
C1_05976.trc,15.597221706235095
C1_05977.trc,19.242274852130215
C1_05978.trc,4.118872415529677
C1_05979.trc,6.718808399547898
C1_05980.trc,19.471311391973074
C1_05981.trc,15.77443083076201
C1_05982.trc,5.777744000142709
C1_05983.trc,20.87662847791135
C1_05984.trc,5.058541107848716
C1_05985.trc,47.77578845603534
C1_05986.trc,4.400134922664475
C1_05987.trc,3.690101301768312
C1_05988.trc,5.793890197002384
C1_05989.trc,9.528245818332511
C1_05990.trc,5.20963748128073
C1_05991.trc,5.1458498216453865
C1_05992.trc,8.135487114745684
C1_05993.trc,21.030515669230883
C1_05994.trc,17.726127139583852
C1_05995.trc,18.469449879984488
C1_05996.trc,14.98286899043286
C1_05997.trc,38.53159463897294
C1_05998.trc,31.52972746971126
C1_05999.trc,7.636350719181932
C1_06000.trc,4.701729829638838
C1_06001.trc,19.24646027993989
C1_06002.trc,57.088753525881636
C1_06003.trc,7.773892163362804
C1_06004.trc,23.426929392549606
C1_06005.trc,8.334424370049705
C1_06006.trc,37.704351115085394
C1_06007.trc,10.552831411713116
C1_06008.trc,4.390367692120019
C1_06009.trc,5.220202376284838
C1_06010.trc,7.751167819605486
C1_06011.trc,20.256693923597258
C1_06012.trc,40.80840646767973
C1_06013.trc,39.35106357293898
C1_06014.trc,18.521277044860827
C1_06015.trc,12.778415286888233
C1_06016.trc,4.127642991843178
C1_06017.trc,22.014237115390205
C1_06018.trc,7.654091481716402
C1_06019.trc,5.370899947301261
C1_06020.trc,5.373889993473994
C1_06021.trc,5.491896952714563
C1_06022.trc,21.99968565116506
C1_06023.trc,4.261796004835077
C1_06024.trc,29.446468998106706
C1_06025.trc,74.1698311949313
C1_06026.trc,5.426913172049151
C1_06027.trc,5.130700219388189
C1_06028.trc,14.53157282082786
C1_06029.trc,21.669386451196274
C1_06030.trc,3.73156345583901
C1_06031.trc,5.069902701331142
C1_06032.trc,16.153168669012604
C1_06033.trc,18.957025477631998
C1_06034.trc,6.533226594770207
C1_06035.trc,9.412830508322726
C1_06036.trc,4.767909528597494
C1_06037.trc,18.37037967312581
C1_06038.trc,6.148508413734547
C1_06039.trc,8.354157808984215
C1_06040.trc,4.553424357574208
C1_06041.trc,25.28095105849058
C1_06042.trc,14.981074540559602
C1_06043.trc,33.81511168398186
C1_06044.trc,6.274488916890827
C1_06045.trc,4.281131702740906
C1_06046.trc,5.4767473981601515
C1_06047.trc,8.957547781422395
C1_06048.trc,6.071365577863878
C1_06049.trc,38.383886100445125
C1_06050.trc,5.7946876348738225
C1_06051.trc,3.9131579877796274
C1_06052.trc,6.060402464803262
C1_06053.trc,5.6071128674793975
C1_06054.trc,16.24087601826513
C1_06055.trc,10.153562338885703
C1_06056.trc,6.787380066275706
C1_06057.trc,12.368780475787743
C1_06058.trc,4.602660040179499
C1_06059.trc,31.753979930907466
C1_06060.trc,18.622340524404333
C1_06061.trc,7.143193891233038
C1_06062.trc,3.9829254654694295
C1_06063.trc,36.90800450441925
C1_06064.trc,4.628573861131581
C1_06065.trc,15.561540141933648
C1_06066.trc,6.45548603826682
C1_06067.trc,37.79106179818125
C1_06068.trc,4.578341178450167
C1_06069.trc,42.26056736385972
C1_06070.trc,26.448061856160336
C1_06071.trc,9.697083407475425
C1_06072.trc,6.410236340523477
C1_06073.trc,14.967120641933132
C1_06074.trc,18.734566667287442
C1_06075.trc,4.663457999487279
C1_06076.trc,36.20733943090891
C1_06077.trc,12.009975924893038
C1_06078.trc,3.7831911896933184
C1_06079.trc,5.279404947044832
C1_06080.trc,4.578740374413707
C1_06081.trc,4.7946206323869776
C1_06082.trc,9.41063757802766
C1_06083.trc,8.783926531032185
C1_06084.trc,6.136548181340853
C1_06085.trc,7.515951470178436
C1_06086.trc,4.760733088633747
C1_06087.trc,38.5266107715334
C1_06088.trc,25.129655325590704
C1_06089.trc,10.194624951147686
C1_06090.trc,39.88966863522611
C1_06091.trc,20.44646171669232
C1_06092.trc,37.21876900478522
C1_06093.trc,7.560004605640969
C1_06094.trc,5.341996354467453
C1_06095.trc,27.49497254963194
C1_06096.trc,16.100544257075953
C1_06097.trc,22.900284514953416
C1_06098.trc,6.7997381947321305
C1_06099.trc,6.92492121231419
C1_06100.trc,4.859404743516445
C1_06101.trc,4.697344672664732
C1_06102.trc,18.45908492880733
C1_06103.trc,9.349840870917909
C1_06104.trc,4.92199572161402
C1_06105.trc,7.8615998107577205
C1_06106.trc,7.422064251713254
C1_06107.trc,5.9619302647939865
C1_06108.trc,28.067066162445556
C1_06109.trc,28.436235914957027
C1_06110.trc,13.035557862436507
C1_06111.trc,9.616153194891847
C1_06112.trc,10.549841329763304
C1_06113.trc,5.751830370001756
C1_06114.trc,5.831564723920564
C1_06115.trc,11.899344276130556
C1_06116.trc,4.6056503010147445
C1_06117.trc,7.87076880786455
C1_06118.trc,20.52659468221558
C1_06119.trc,16.59290345634228
C1_06120.trc,15.297221090644534
C1_06121.trc,4.296081862050374
C1_06122.trc,13.311239282378263
C1_06123.trc,15.07356660052063
C1_06124.trc,24.32792701105078
C1_06125.trc,38.220032760364006
C1_06126.trc,4.285915972198671
C1_06127.trc,5.345783957768573
C1_06128.trc,38.966345403829024
C1_06129.trc,4.285517277114348
C1_06130.trc,7.281134078201019
C1_06131.trc,5.061730370380959
C1_06132.trc,4.248042085812639
C1_06133.trc,35.80966505493894
C1_06134.trc,3.793357568498525
C1_06135.trc,4.689770014644479
C1_06136.trc,7.737413352001047
C1_06137.trc,36.77684177611399
C1_06138.trc,7.049705701771657
C1_06139.trc,36.097904129764714
C1_06140.trc,159.31608344150695
C1_06141.trc,9.223063049147147
C1_06142.trc,8.18372628622837
C1_06143.trc,5.3543552819454785
C1_06144.trc,5.000733266267832
C1_06145.trc,5.90492001611859
C1_06146.trc,8.269042180516653
C1_06147.trc,5.382660319347887
C1_06148.trc,6.682728020905167
C1_06149.trc,28.516966589187316
C1_06150.trc,6.217877589887974
C1_06151.trc,14.820608975754206
C1_06152.trc,4.407510781724566
C1_06153.trc,15.857554259857352
C1_06154.trc,10.96206768276332
C1_06155.trc,5.536149268759522
C1_06156.trc,4.5257164922225135
C1_06157.trc,6.594622179305134
C1_06158.trc,4.761132117637551
C1_06159.trc,20.497491825319468
C1_06160.trc,4.798009647935033
C1_06161.trc,4.620998916894635
C1_06162.trc,3.9592045151839406
C1_06163.trc,66.93593876340624
C1_06164.trc,7.415087874833403
C1_06165.trc,9.354226015966315
C1_06166.trc,7.112894519758905
C1_06167.trc,4.9602681122732655
C1_06168.trc,24.585468818339685
C1_06169.trc,26.648194671986737
C1_06170.trc,3.965782578601715
C1_06171.trc,7.07940624352339
C1_06172.trc,7.074622415316358
C1_06173.trc,13.711505021362322
C1_06174.trc,3.6418624761307967
C1_06175.trc,6.608376348767184
C1_06176.trc,5.163790039053283
C1_06177.trc,4.720866430442098
C1_06178.trc,5.659538098833624
C1_06179.trc,21.30121318595601
C1_06180.trc,4.3957496822105036
C1_06181.trc,25.15716353333215
C1_06182.trc,5.792694314486224
C1_06183.trc,4.387975533539741
C1_06184.trc,44.32827690606087
C1_06185.trc,19.917624063835095
C1_06186.trc,16.376823433427504
C1_06187.trc,3.593423790146207
C1_06188.trc,11.438879169047201
C1_06189.trc,27.89802948812578
C1_06190.trc,39.29644585254044
C1_06191.trc,32.00434633576816
C1_06192.trc,33.80693901911219
C1_06193.trc,5.470767293888993
C1_06194.trc,8.881402005256327
C1_06195.trc,39.70508412866691
C1_06196.trc,32.26846581292689
C1_06197.trc,10.663263569825085
C1_06198.trc,14.125326440916345
C1_06199.trc,14.046189783778857
C1_06200.trc,21.10068179430223
C1_06201.trc,4.992162228307629
C1_06202.trc,8.33203252153751
C1_06203.trc,5.598541602930974
C1_06204.trc,6.568110649646044
C1_06205.trc,5.07209563162621
C1_06206.trc,10.590306042507134
C1_06207.trc,4.248440566234446
C1_06208.trc,7.021997705237312
C1_06209.trc,14.231572241014387
C1_06210.trc,35.508269412026884
C1_06211.trc,7.11708061540753
C1_06212.trc,16.18486279351724
C1_06213.trc,3.4923605968194034
C1_06214.trc,17.465994267423234
C1_06215.trc,27.132780008798996
C1_06216.trc,16.04134135239648
C1_06217.trc,5.462793642642025
C1_06218.trc,5.421930377922205
C1_06219.trc,10.082399011001407
C1_06220.trc,16.06665736923598
C1_06221.trc,6.101066417758002
C1_06222.trc,4.529504238631987
C1_06223.trc,13.665458792100402
C1_06224.trc,12.408647157830774
C1_06225.trc,5.49967142337911
C1_06226.trc,22.211380326294606
C1_06227.trc,6.673160340639699
C1_06228.trc,6.899406313034654
C1_06229.trc,19.342539963598014
C1_06230.trc,4.567776199966186
C1_06231.trc,8.52160068087371
C1_06232.trc,9.133162221017557
C1_06233.trc,9.830637996218572
C1_06234.trc,8.048178186286492
C1_06235.trc,3.753290716040334
C1_06236.trc,13.990375799241882
C1_06237.trc,4.964454219847586
C1_06238.trc,38.691660697746705
C1_06239.trc,7.462131259205493
C1_06240.trc,11.509443965351487
C1_06241.trc,12.359012696661292
C1_06242.trc,5.499073070684532
C1_06243.trc,7.057878366641321
C1_06244.trc,5.827578262030792
C1_06245.trc,29.696037762359115
C1_06246.trc,28.671054094030353
C1_06247.trc,23.172178415073912
C1_06248.trc,9.577082746224995
C1_06249.trc,27.931518122132147
C1_06250.trc,5.564454866669627
C1_06251.trc,4.909039264314413
C1_06252.trc,28.087598041009922
C1_06253.trc,4.515949428637795
C1_06254.trc,22.33118111527227
C1_06255.trc,22.85882327916128
C1_06256.trc,6.381133626735715
C1_06257.trc,5.010301626297948
C1_06258.trc,5.96073437035213
C1_06259.trc,4.120467410529511
C1_06260.trc,20.95676094255541
C1_06261.trc,22.504005202082045
C1_06262.trc,4.576945852986274
C1_06263.trc,4.906846465201994
C1_06264.trc,6.577479137403385
C1_06265.trc,9.411236228864631
C1_06266.trc,11.85449357161393
C1_06267.trc,21.609186737251807
C1_06268.trc,4.79741111635502
C1_06269.trc,4.550035747499802
C1_06270.trc,39.83624635609296
C1_06271.trc,7.952496839941828
C1_06272.trc,7.16910744981982
C1_06273.trc,40.65272535121755
C1_06274.trc,11.809045563863942
C1_06275.trc,16.744597478852835
C1_06276.trc,5.371298761642549
C1_06277.trc,6.114023519045171
C1_06278.trc,4.396347724837
C1_06279.trc,29.824410137878985
C1_06280.trc,4.6933578530040965
C1_06281.trc,38.35697616191839
C1_06282.trc,10.403927765839349
C1_06283.trc,13.43044214798638
C1_06284.trc,13.93296696281341
C1_06285.trc,19.2568259108817
C1_06286.trc,4.003656786981534
C1_06287.trc,37.79983207635237
C1_06288.trc,5.719538322127577
C1_06289.trc,9.03987337909834
C1_06290.trc,4.136214924230553
C1_06291.trc,6.081133261584762
C1_06292.trc,6.495552342143022
C1_06293.trc,24.36081620712428
C1_06294.trc,41.20209451294258
C1_06295.trc,19.249650389196514
C1_06296.trc,17.8383529008447
C1_06297.trc,24.132378974031635
C1_06298.trc,6.947844736653932
C1_06299.trc,7.919607071434937
C1_06300.trc,6.5132935101511436
C1_06301.trc,60.12802438572426
C1_06302.trc,23.22141413345629
C1_06303.trc,6.446515840120157
C1_06304.trc,5.133092616482376
C1_06305.trc,4.595285027843798
C1_06306.trc,5.715551585946811
C1_06307.trc,15.955826241748682
C1_06308.trc,15.130974840664324
C1_06309.trc,8.479740165638166
C1_06310.trc,4.822726787349347
C1_06311.trc,6.48438897518738
C1_06312.trc,30.555573357972236
C1_06313.trc,4.560002599877418
C1_06314.trc,5.076082427435459
C1_06315.trc,6.014156112828967
C1_06316.trc,25.784273812068268
C1_06317.trc,5.8853853284414654
C1_06318.trc,7.934955544206477
C1_06319.trc,4.856414506532588
C1_06320.trc,5.620269316308734
C1_06321.trc,5.267843147370162
C1_06322.trc,24.803741175264754
C1_06323.trc,5.44963724151547
C1_06324.trc,37.42866974284642
C1_06325.trc,11.88758382060407
C1_06326.trc,13.962070475622777
C1_06327.trc,14.738482510957903
C1_06328.trc,15.269712477429442
C1_06329.trc,24.544206703501498
C1_06330.trc,12.976953644371095
C1_06331.trc,24.700285978391715
C1_06332.trc,39.10388720578077
C1_06333.trc,6.601997036606795
C1_06334.trc,7.701134711054447
C1_06335.trc,5.075086321786497
C1_06336.trc,6.498342539894374
C1_06337.trc,17.312903643399366
C1_06338.trc,20.21403612552431
C1_06339.trc,5.737677720117901
C1_06340.trc,7.69435713313477
C1_06341.trc,7.9505040442848305
C1_06342.trc,15.89363395873544
C1_06343.trc,13.383399276419206
C1_06344.trc,11.32924398370454
C1_06345.trc,4.140600140833134
C1_06346.trc,13.737817811689732
C1_06347.trc,15.666390902784494
C1_06348.trc,18.577290627379586
C1_06349.trc,14.863467015796484
C1_06350.trc,15.798351545989009
C1_06351.trc,7.892297471842533
C1_06352.trc,27.36082026410747
C1_06353.trc,8.789507677853702
C1_06354.trc,32.86667240342362
C1_06355.trc,6.268110570711786
C1_06356.trc,26.86746402898793
C1_06357.trc,4.747776583631356
C1_06358.trc,14.06552562479303
C1_06359.trc,3.3348854478833028
C1_06360.trc,44.00096778804191
C1_06361.trc,9.267315746814369
C1_06362.trc,5.516614926927567
C1_06363.trc,4.556215175461725
C1_06364.trc,4.242460509666074
C1_06365.trc,8.080271196686589
C1_06366.trc,13.826921058839531
C1_06367.trc,5.027046068520945
C1_06368.trc,4.094952368141627
C1_06369.trc,15.726191671205024
C1_06370.trc,12.107451065197704
C1_06371.trc,15.747919313028609
C1_06372.trc,5.013690343703614
C1_06373.trc,5.981664514675803
C1_06374.trc,5.929638431582329
C1_06375.trc,17.423735200211706
C1_06376.trc,6.915951061870307
C1_06377.trc,5.158607825829999
C1_06378.trc,17.87303741736724
C1_06379.trc,11.569643083011174
C1_06380.trc,14.776357208291241
C1_06381.trc,5.072893200680303
C1_06382.trc,5.487711119431241
C1_06383.trc,37.96548104695062
C1_06384.trc,5.720933933808166
C1_06385.trc,6.957013972274682
C1_06386.trc,5.453824183888484
C1_06387.trc,11.672699501320018
C1_06388.trc,14.633433094255238
C1_06389.trc,6.680734903254389
C1_06390.trc,41.856115302638806
C1_06391.trc,7.909440489892897
C1_06392.trc,5.573624483912626
C1_06393.trc,6.944855131731945
C1_06394.trc,12.006985318212616
C1_06395.trc,27.77543851332246
C1_06396.trc,5.868841008930849
C1_06397.trc,8.781734125467716
C1_06398.trc,15.736158726319456
C1_06399.trc,4.7252514323821595
C1_06400.trc,4.597477349928395
C1_06401.trc,6.417611639075873
C1_06402.trc,25.906266684616597
C1_06403.trc,3.3558156279840565
C1_06404.trc,25.457762024589464
C1_06405.trc,5.774753989747065
C1_06406.trc,5.984255889615589
C1_06407.trc,4.510368067153754
C1_06408.trc,6.581466135949452
C1_06409.trc,7.908244440416997
C1_06410.trc,5.276614296117053
C1_06411.trc,36.716443167803796
C1_06412.trc,39.9486719061467
C1_06413.trc,6.578276754160253
C1_06414.trc,12.674162711772224
C1_06415.trc,12.439544094903585
C1_06416.trc,49.79306589645875
C1_06417.trc,4.59089950117314
C1_06418.trc,10.507980611790925
C1_06419.trc,4.911431267860647
C1_06420.trc,4.540866607284619
C1_06421.trc,13.039943401032868
C1_06422.trc,6.818675567250192
C1_06423.trc,10.868778494998928
C1_06424.trc,10.765124725753939
C1_06425.trc,15.108650014864324
C1_06426.trc,6.147512486971025
C1_06427.trc,9.890239882199069
C1_06428.trc,10.366452538760552
C1_06429.trc,15.482204316139434
C1_06430.trc,4.162526927462058
C1_06431.trc,10.46412702660738
C1_06432.trc,14.160010671222192
C1_06433.trc,18.488187559115214
C1_06434.trc,12.723797137164626
C1_06435.trc,11.144260567398515
C1_06436.trc,16.404930053492002
C1_06437.trc,6.812694938248438
C1_06438.trc,7.972430747433886
C1_06439.trc,16.874764208840396
C1_06440.trc,19.258819338600567
C1_06441.trc,6.949239835529612
C1_06442.trc,7.466516583139327
C1_06443.trc,19.155364272910184
C1_06444.trc,37.797041938229505
C1_06445.trc,12.986122879991836
C1_06446.trc,5.114753703990157
C1_06447.trc,4.7252518617071955
C1_06448.trc,20.17755713527712
C1_06449.trc,10.7412041178582
C1_06450.trc,19.548255226146757
C1_06451.trc,14.197486101037818
C1_06452.trc,3.6707658900791738
C1_06453.trc,8.35595270010821
C1_06454.trc,32.406804432613896
C1_06455.trc,4.6265808627377565
C1_06456.trc,6.531233107422866
C1_06457.trc,7.076815369462816
C1_06458.trc,36.74714100777405
C1_06459.trc,4.7854510986238425
C1_06460.trc,34.21637393408852
C1_06461.trc,11.10479181719529
C1_06462.trc,17.931243298119192
C1_06463.trc,5.083258903176289
C1_06464.trc,39.561960261615106
C1_06465.trc,4.614420817699768
C1_06466.trc,13.929578603178612
C1_06467.trc,9.721003264052346
C1_06468.trc,10.280738700706756
C1_06469.trc,8.597946198129897
C1_06470.trc,7.267181109778802
C1_06471.trc,7.892297841539092
C1_06472.trc,6.219272831871995
C1_06473.trc,16.41330157695031
C1_06474.trc,5.864056357850817
C1_06475.trc,9.34984028655883
C1_06476.trc,37.419898558322444
C1_06477.trc,4.7651191758120985
C1_06478.trc,9.23123629837589
C1_06479.trc,37.98162716033042
C1_06480.trc,6.6699713643241525
C1_06481.trc,11.102001345152939
C1_06482.trc,4.053490476436229
C1_06483.trc,31.13524238012493
C1_06484.trc,10.604858234199709
C1_06485.trc,9.489374979573125
C1_06486.trc,13.586522019161379
C1_06487.trc,4.658474668704036
C1_06488.trc,40.0493361062468
C1_06489.trc,8.51581982873916
C1_06490.trc,21.69031694136512
C1_06491.trc,5.859870918115445
C1_06492.trc,22.74699496078673
C1_06493.trc,12.272899543386998
C1_06494.trc,41.732726985369624
C1_06495.trc,31.760159657011794
C1_06496.trc,26.867464494090058
C1_06497.trc,9.361800840946307
C1_06498.trc,4.94930496343556
C1_06499.trc,16.004863328130632
C1_06500.trc,4.926780158031532
C1_06501.trc,14.62286839006226
C1_06502.trc,4.874155424101098
C1_06503.trc,24.561548437032158
C1_06504.trc,3.9356830913260454
C1_06505.trc,6.130967201479066
C1_06506.trc,3.5521612936857623
C1_06507.trc,13.997552644679278
C1_06508.trc,13.886921198653619
C1_06509.trc,18.384931984075337
C1_06510.trc,4.060666797143028
C1_06511.trc,4.652494588284281
C1_06512.trc,29.667732080969152
C1_06513.trc,10.6602739649031
C1_06514.trc,28.956502231711653
C1_06515.trc,8.65615232932146
C1_06516.trc,5.254687008608918
C1_06517.trc,33.68055971354033
C1_06518.trc,5.112760037757383
C1_06519.trc,12.79037491107145
C1_06520.trc,5.708574684336356
C1_06521.trc,11.684659328240057
C1_06522.trc,32.99803471778496
C1_06523.trc,7.442197947998212
C1_06524.trc,9.259741112645509
C1_06525.trc,32.678898443521085
C1_06526.trc,15.771839777815998
C1_06527.trc,3.9974769654716584
C1_06528.trc,33.28208766118502
C1_06529.trc,3.9488394924525956
C1_06530.trc,13.16432877800666
C1_06531.trc,4.431829500345543
C1_06532.trc,5.632627504393632
C1_06533.trc,8.2798054213045
C1_06534.trc,8.740870443348552
C1_06535.trc,3.7409321105560833
C1_06536.trc,6.4859843160323845
C1_06537.trc,4.612826466687491
C1_06538.trc,6.935086887503367
C1_06539.trc,14.110176361631327
C1_06540.trc,28.952316648867935
C1_06541.trc,5.202062632449348
C1_06542.trc,9.043661161284902
C1_06543.trc,6.323126425686971
C1_06544.trc,7.000071049791044
C1_06545.trc,19.694169112064493
C1_06546.trc,4.217942240766098
C1_06547.trc,8.978477699157844
C1_06548.trc,22.18746021927808
C1_06549.trc,6.87608414131336
C1_06550.trc,4.786248584198065
C1_06551.trc,19.547457835978097
C1_06552.trc,7.189838592446493
C1_06553.trc,5.130501074582845
C1_06554.trc,6.521864094934916
C1_06555.trc,10.848047638588948
C1_06556.trc,10.049907377071158
C1_06557.trc,4.796215209987464
C1_06558.trc,4.094154691756278
C1_06559.trc,5.215218938170335
C1_06560.trc,34.77391633311662
C1_06561.trc,25.828526581289648
C1_06562.trc,21.34108040465535
C1_06563.trc,42.82229515492038
C1_06564.trc,7.092363487918911
C1_06565.trc,5.307710926577194
C1_06566.trc,3.4762143403312535
C1_06567.trc,9.856153014755064
C1_06568.trc,14.955161494777734
C1_06569.trc,5.798475309729124
C1_06570.trc,10.32259890587422
C1_06571.trc,36.70388510744613
C1_06572.trc,3.9560153480572664
C1_06573.trc,3.4893704910181995
C1_06574.trc,3.6029921621020216
C1_06575.trc,17.4438674534875
C1_06576.trc,6.164854244353081
C1_06577.trc,39.011993892062264
C1_06578.trc,2.6392039198187254
C1_06579.trc,7.2885100445923605
C1_06580.trc,4.786647136174047
C1_06581.trc,22.527925368727047
C1_06582.trc,11.927849316988384
C1_06583.trc,4.948507370530075
C1_06584.trc,18.442540120343185
C1_06585.trc,6.199339484887632
C1_06586.trc,4.705517623751087
C1_06587.trc,101.32712919833926
C1_06588.trc,7.687380279227101
C1_06589.trc,4.3110324268334885
C1_06590.trc,6.720403215662298
C1_06591.trc,15.890444398060804
C1_06592.trc,6.922728568235815
C1_06593.trc,14.680875316820003
C1_06594.trc,17.94639330585004
C1_06595.trc,4.730036059610797
C1_06596.trc,5.995419089611497
C1_06597.trc,18.28307129324862
C1_06598.trc,3.543191155167576
C1_06599.trc,11.16239992961175
C1_06600.trc,17.905329823012284
C1_06601.trc,4.448972422990344
C1_06602.trc,15.065394007205146
C1_06603.trc,36.53923324425527
C1_06604.trc,5.081265475457425
C1_06605.trc,3.942859256998792
C1_06606.trc,15.090709713976565
C1_06607.trc,22.20400459841717
C1_06608.trc,6.139538358696232
C1_06609.trc,4.586912621884021
C1_06610.trc,8.092031711841559
C1_06611.trc,9.98930977898966
C1_06612.trc,5.922262489042382
C1_06613.trc,10.39156925576067
C1_06614.trc,11.59575578640329
C1_06615.trc,4.291896148024002
C1_06616.trc,9.298013455601959
C1_06617.trc,35.87604309968134
C1_06618.trc,4.686381356867293
C1_06619.trc,5.8722288199836505
C1_06620.trc,5.152228931068959
C1_06621.trc,14.026256424868794
C1_06622.trc,6.7624628757031875
C1_06623.trc,8.933627495520431
C1_06624.trc,5.640999874576325
C1_06625.trc,23.106397792821845
C1_06626.trc,28.33337851027087
C1_06627.trc,36.81890132882362
C1_06628.trc,9.648047203594949
C1_06629.trc,5.487710546997851
C1_06630.trc,9.872100019106622
C1_06631.trc,5.329438306035476
C1_06632.trc,63.05188115197805
C1_06633.trc,6.7913662896515685
C1_06634.trc,9.540604674256363
C1_06635.trc,4.837677018212989
C1_06636.trc,5.133690635257483
C1_06637.trc,24.22865790982636
C1_06638.trc,5.074089226304812
C1_06639.trc,18.995098079498337
C1_06640.trc,6.755485055814177
C1_06641.trc,6.728575630092352
C1_06642.trc,6.227046849360106
C1_06643.trc,4.552028805522102
C1_06644.trc,6.506515681791859
C1_06645.trc,4.776281648340579
C1_06646.trc,6.009372272696231
C1_06647.trc,6.521066645137783
C1_06648.trc,14.851705904356738
C1_06649.trc,49.39339839091232
C1_06650.trc,25.430453045133234
C1_06651.trc,5.294355022874436
C1_06652.trc,10.043927821381995
C1_06653.trc,10.706917986351904
C1_06654.trc,11.068512878106302
C1_06655.trc,13.999944576671341
C1_06656.trc,13.7284487634247
C1_06657.trc,20.496693803088945
C1_06658.trc,6.574090300740761
C1_06659.trc,37.5438855145029
C1_06660.trc,4.509570390768404
C1_06661.trc,23.203673311293343
C1_06662.trc,10.523927484959827
C1_06663.trc,4.898673573744119
C1_06664.trc,13.134628057369497
C1_06665.trc,29.518628884816387
C1_06666.trc,4.794022303543788
C1_06667.trc,4.860799806615034
C1_06668.trc,22.667859138447927
C1_06669.trc,8.381268049108758
C1_06670.trc,4.21495232577602
C1_06671.trc,5.1147533462192865
C1_06672.trc,36.09670813991729
C1_06673.trc,5.859671296282283
C1_06674.trc,6.235219895852024
C1_06675.trc,15.433567141262762
C1_06676.trc,7.541865756232644
C1_06677.trc,34.235111923287334
C1_06678.trc,8.237347912903665
C1_06679.trc,11.518413459882108
C1_06680.trc,41.92249405099725
C1_06681.trc,6.933890909581641
C1_06682.trc,18.74174264214905
C1_06683.trc,35.5258105050254
C1_06684.trc,11.377084662839723
C1_06685.trc,16.105527456676544
C1_06686.trc,30.311985914411924
C1_06687.trc,5.433889680111647
C1_06688.trc,5.244720549779252
C1_06689.trc,5.325052433519642
C1_06690.trc,4.719670416743286
C1_06691.trc,10.93236656857819
C1_06692.trc,12.915956397149627
C1_06693.trc,23.752444704682887
C1_06694.trc,5.910700796698967
C1_06695.trc,17.398219633093216
C1_06696.trc,13.673631385415888
C1_06697.trc,12.693497968427318
C1_06698.trc,10.667050529138649
C1_06699.trc,6.008375833127798
C1_06700.trc,32.030259584286846
C1_06701.trc,6.135750815023586
C1_06702.trc,14.824795524579265
C1_06703.trc,5.66791007546836
C1_06704.trc,5.728109777487133
C1_06705.trc,15.856557068970098
C1_06706.trc,4.5000020903667695
C1_06707.trc,22.59290866043894
C1_06708.trc,14.556688440663985
C1_06709.trc,20.46918586963851
C1_06710.trc,7.304257128968365
C1_06711.trc,4.27714493078305
C1_06712.trc,5.020268395195695
C1_06713.trc,37.80800552831794
C1_06714.trc,12.353032652018618
C1_06715.trc,33.80235409719659
C1_06716.trc,3.9821281587806414
C1_06717.trc,45.66282951423322
C1_06718.trc,38.835381772626334
C1_06719.trc,20.59536518368065
C1_06720.trc,5.690036364673491
C1_06721.trc,33.42142311398841
C1_06722.trc,14.612702404804995
C1_06723.trc,5.5421295757675075
C1_06724.trc,4.452759752000471
C1_06725.trc,8.230769658674763
C1_06726.trc,40.82873903447904
C1_06727.trc,8.049573499824689
C1_06728.trc,5.239936483058301
C1_06729.trc,6.863326614156568
C1_06730.trc,4.2755504962909034
C1_06731.trc,12.963597943405162
C1_06732.trc,19.11529774244576
C1_06733.trc,7.181067455625298
C1_06734.trc,22.244868841044035
C1_06735.trc,5.721531785623523
C1_06736.trc,6.525253742544838
C1_06737.trc,11.880806218832994
C1_06738.trc,31.211985924626486
C1_06739.trc,14.727719389427012
C1_06740.trc,9.834226740931047
C1_06741.trc,6.931499800462571
C1_06742.trc,4.482859167721969
C1_06743.trc,9.863927330385565
C1_06744.trc,6.9538248170736985
C1_06745.trc,7.006250382347401
C1_06746.trc,4.620201860645452
C1_06747.trc,5.279404792010792
C1_06748.trc,6.6488412165450645
C1_06749.trc,5.548707460299845
C1_06750.trc,22.173107601715895
C1_06751.trc,5.122328719781271
C1_06752.trc,4.371231389459141
C1_06753.trc,13.381206405752616
C1_06754.trc,9.285455275987342
C1_06755.trc,33.745144811047105
C1_06756.trc,9.699674925523563
C1_06757.trc,9.639275852111238
C1_06758.trc,5.575418647569192
C1_06759.trc,11.403994887583151
C1_06760.trc,23.406996045565247
C1_06761.trc,17.85250539569451
C1_06762.trc,19.86280654271794
C1_06763.trc,8.072497584672126
C1_06764.trc,8.359141366355674
C1_06765.trc,5.749837204648196
C1_06766.trc,3.920732932016575
C1_06767.trc,15.303600271622274
C1_06768.trc,3.99767647997356
C1_06769.trc,4.724254635042858
C1_06770.trc,7.732030992213998
C1_06771.trc,3.467842208662472
C1_06772.trc,5.377079959622274
C1_06773.trc,4.261198379607928
C1_06774.trc,21.452110354954204
C1_06775.trc,25.778293672020016
C1_06776.trc,36.811326980871456
C1_06777.trc,12.20911242040796
C1_06778.trc,5.175750032933069
C1_06779.trc,7.802995437658258
C1_06780.trc,5.319072615465178
C1_06781.trc,5.8331597189204
C1_06782.trc,14.239545641821755
C1_06783.trc,4.608440928091138
C1_06784.trc,8.902331660626476
C1_06785.trc,6.430768386047596
C1_06786.trc,31.596705000089315
C1_06787.trc,20.756827843967738
C1_06788.trc,9.536019859672015
C1_06789.trc,37.4392349836957
C1_06790.trc,5.1342883201131055
C1_06791.trc,9.95661787923868
C1_06792.trc,23.28300936367578
C1_06793.trc,8.009307574115327
C1_06794.trc,34.93936493056286
C1_06795.trc,14.77496134617105
C1_06796.trc,8.463594064184056
C1_06797.trc,39.67079846226275
C1_06798.trc,5.035617309217972
C1_06799.trc,6.705453044427136
C1_06800.trc,5.615883348387333
C1_06801.trc,6.492961014906017
C1_06802.trc,9.270106004194197
C1_06803.trc,5.411763605569035
C1_06804.trc,22.37244410068623
C1_06805.trc,36.22906757361171
C1_06806.trc,7.450370422056741
C1_06807.trc,23.627461380488164
C1_06808.trc,21.09948551823812
C1_06809.trc,32.509462597089154
C1_06810.trc,4.336547075673421
C1_06811.trc,16.396358848572063
C1_06812.trc,4.5257164922225135
C1_06813.trc,4.85721183707277
C1_06814.trc,18.086725472512864
C1_06815.trc,7.849041869657002
C1_06816.trc,16.36486334414215
C1_06817.trc,7.41030379618676
C1_06818.trc,38.26647761315608
C1_06819.trc,12.485392014158858
C1_06820.trc,4.724852785000608
C1_06821.trc,10.899874505322899
C1_06822.trc,40.591130753059915
C1_06823.trc,9.124192619155673
C1_06824.trc,28.452182847754415
C1_06825.trc,12.64286718694635
C1_06826.trc,30.88348033973227
C1_06827.trc,7.076616117326209
C1_06828.trc,16.67861797416072
C1_06829.trc,21.604402777862113
C1_06830.trc,5.795086401512325
C1_06831.trc,35.16840123189181
C1_06832.trc,16.586923757544774
C1_06833.trc,9.499541477635297
C1_06834.trc,9.517880437830305
C1_06835.trc,35.805677913284526
C1_06836.trc,4.856414709269408
C1_06837.trc,5.22697967991352
C1_06838.trc,40.7713298522054
C1_06839.trc,8.447846431226054
C1_06840.trc,9.803528865183715
C1_06841.trc,5.605119594794577
C1_06842.trc,11.192699038720583
C1_06843.trc,31.214576822538447
C1_06844.trc,24.53563517658777
C1_06845.trc,16.647920169967556
C1_06846.trc,18.483802700283512
C1_06847.trc,6.236216180386416
C1_06848.trc,5.866249347774362
C1_06849.trc,6.441731439479733
C1_06850.trc,16.657687639025923
C1_06851.trc,22.227925313644175
C1_06852.trc,6.1770139196945095
C1_06853.trc,4.153955758319198
C1_06854.trc,4.5912984228456795
C1_06855.trc,3.3667792657752758
C1_06856.trc,10.705722211166991
C1_06857.trc,37.59092913738891
C1_06858.trc,38.37352145933604
C1_06859.trc,5.02425514330216
C1_06860.trc,10.26020691754794
C1_06861.trc,32.77298469946034
C1_06862.trc,13.56040873141018
C1_06863.trc,10.811968154373384
C1_06864.trc,8.519806600697015
C1_06865.trc,4.157145116257002
C1_06866.trc,6.190369680288922
C1_06867.trc,33.124812193710554
C1_06868.trc,6.8561504723352105
C1_06869.trc,14.7757587601911
C1_06870.trc,5.853491582103663
C1_06871.trc,11.512234294285484
C1_06872.trc,17.41775457120995
C1_06873.trc,13.577551976048765
C1_06874.trc,6.648841657795803
C1_06875.trc,3.7114303796902175
C1_06876.trc,4.717676881693167
C1_06877.trc,18.80752290663026
C1_06878.trc,39.85119652732813
C1_06879.trc,8.052164672027654
C1_06880.trc,4.533889264423433
C1_06881.trc,6.372960663723671
C1_06882.trc,5.334820188794703
C1_06883.trc,46.43126915051942
C1_06884.trc,9.440936901799013
C1_06885.trc,6.922330302476527
C1_06886.trc,5.578009772069382
C1_06887.trc,12.043065792260913
C1_06888.trc,32.54255273874802
C1_06889.trc,3.520466871038732
C1_06890.trc,4.893092558105249
C1_06891.trc,5.253292088618672
C1_06892.trc,27.237431219370855
C1_06893.trc,13.994562121478726
C1_06894.trc,3.707045043830683
C1_06895.trc,7.157147742156729
C1_06896.trc,29.23318074713509
C1_06897.trc,7.432828589665091
C1_06898.trc,5.655352504064211
C1_06899.trc,4.290700038919624
C1_06900.trc,13.655293093059836
C1_06901.trc,37.78607902790571
C1_06902.trc,4.703922640676941
C1_06903.trc,8.56724875170761
C1_06904.trc,9.461468446443916
C1_06905.trc,3.489769162251134
C1_06906.trc,5.955152794205567
C1_06907.trc,4.874753514430374
C1_06908.trc,4.56777678432527
C1_06909.trc,5.284986415860139
C1_06910.trc,5.840335634153539
C1_06911.trc,9.0010029577383
C1_06912.trc,16.32260473010705
C1_06913.trc,4.193224815135089
C1_06914.trc,24.38673111331465
C1_06915.trc,4.255218024897166
C1_06916.trc,46.398379012315964
C1_06917.trc,4.414686661180616
C1_06918.trc,39.51232594355396
C1_06919.trc,5.046580982786281
C1_06920.trc,32.10919676269952
C1_06921.trc,7.478077619569479
C1_06922.trc,15.638882122609658
C1_06923.trc,9.396085636774696
C1_06924.trc,4.575750137429851
C1_06925.trc,7.673227605491851
C1_06926.trc,10.343129818457257
C1_06927.trc,14.6234663015061
C1_06928.trc,37.99797252584681
C1_06929.trc,4.229504100069245
C1_06930.trc,20.850714811993317
C1_06931.trc,9.4419340092064
C1_06932.trc,9.215089385974482
C1_06933.trc,17.432106795224183
C1_06934.trc,3.5421944413081468
C1_06935.trc,7.690371219826996
C1_06936.trc,11.991039184436842
C1_06937.trc,8.28040420332412
C1_06938.trc,3.7728258091911067
C1_06939.trc,6.209106894317519
C1_06940.trc,6.669772064484763
C1_06941.trc,14.462204193256436
C1_06942.trc,40.07943596321904
C1_06943.trc,29.415971507437042
C1_06944.trc,15.145526436072116
C1_06945.trc,39.55677765484387
C1_06946.trc,5.4336909169285645
C1_06947.trc,21.521877510650214
C1_06948.trc,8.271434184062887
C1_06949.trc,6.604987714841388
C1_06950.trc,9.724193087092278
C1_06951.trc,12.029510707975724
C1_06952.trc,7.796815115269167
C1_06953.trc,4.1559490667811065
C1_06954.trc,5.1295045753859405
C1_06955.trc,10.593296923478555
C1_06956.trc,31.8179671765989
C1_06957.trc,17.489117318190576
C1_06958.trc,5.914887226267073
C1_06959.trc,27.37377648289317
C1_06960.trc,21.462874263581003
C1_06961.trc,3.6627926323801567
C1_06962.trc,11.06492457464456
C1_06963.trc,29.02467510794957
C1_06964.trc,32.296372906563796
C1_06965.trc,4.653490848967277
C1_06966.trc,4.368440845862615
C1_06967.trc,6.457478881626601
C1_06968.trc,4.793025649312838
C1_06969.trc,3.9875102084996032
C1_06970.trc,16.164730325578933
C1_06971.trc,14.943599385034977
C1_06972.trc,5.217610727054052
C1_06973.trc,4.170301362349516
C1_06974.trc,4.6714307205299965
C1_06975.trc,10.658080629134375
C1_06976.trc,11.280606582239653
C1_06977.trc,5.870634945999196
C1_06978.trc,25.446200690016912
C1_06979.trc,4.219138218687824
C1_06980.trc,5.76777731472483
C1_06981.trc,12.549577820296525
C1_06982.trc,11.743065260150223
C1_06983.trc,35.37431617590219
C1_06984.trc,23.96792681615382
C1_06985.trc,8.763394902907404
C1_06986.trc,5.662129354516459
C1_06987.trc,9.720405412236982
C1_06988.trc,38.34043131767716
C1_06989.trc,8.23356017841989
C1_06990.trc,4.35508513297099
C1_06991.trc,16.79542882429691
C1_06992.trc,5.261464705785549
C1_06993.trc,4.043124833568725
C1_06994.trc,4.320600715309428
C1_06995.trc,6.994888097174632
C1_06996.trc,5.275019456151258
C1_06997.trc,5.0960159533052565
C1_06998.trc,28.40195071365499
C1_06999.trc,13.075225781296465
C1_07000.trc,4.069437242273869
C1_07001.trc,22.980018964277793
C1_07002.trc,4.4461815096972614
C1_07003.trc,5.067112300842965
C1_07004.trc,5.1797369241478775
C1_07005.trc,12.568315213210564
C1_07006.trc,24.61636593429792
C1_07007.trc,10.029575108414246
C1_07008.trc,8.080072063806945
C1_07009.trc,7.635553317087586
C1_07010.trc,6.973758796119931
C1_07011.trc,37.53910154318753
C1_07012.trc,7.152362876414172
C1_07013.trc,6.499539114100881
C1_07014.trc,8.761800122570095
C1_07015.trc,6.9211337998241955
C1_07016.trc,38.05318895671083
C1_07017.trc,30.472451133372154
C1_07018.trc,7.7328286805250475
C1_07019.trc,4.468108403657448
C1_07020.trc,22.510782493785026
C1_07021.trc,16.587720420246
C1_07022.trc,15.500942150304198
C1_07023.trc,16.868385385633523
C1_07024.trc,8.850703819440907
C1_07025.trc,7.071034111854613
C1_07026.trc,4.546646910837177
C1_07027.trc,24.299621293883714
C1_07028.trc,24.88367519871951
C1_07029.trc,21.954834958574132
C1_07030.trc,20.353769951418247
C1_07031.trc,10.533894754736787
C1_07032.trc,5.9013326547867955
C1_07033.trc,5.804056444624945
C1_07034.trc,41.295583215208865
C1_07035.trc,5.24332521238966
C1_07036.trc,15.044862033235205
C1_07037.trc,15.498949199613152
C1_07038.trc,7.08977230379024
C1_07039.trc,4.331763271317774
C1_07040.trc,5.687844078365985
C1_07041.trc,4.862195406369924
C1_07042.trc,6.052030356985875
C1_07043.trc,8.021467118274101
C1_07044.trc,10.171103443809924
C1_07045.trc,9.188777490074237
C1_07046.trc,35.34302022175126
C1_07047.trc,6.213093690126765
C1_07048.trc,21.653239980045598
C1_07049.trc,15.609380976102875
C1_07050.trc,25.238891446152472
C1_07051.trc,6.253558701012986
C1_07052.trc,16.581939687368408
C1_07053.trc,40.52794151767334
C1_07054.trc,5.496680924029947
C1_07055.trc,7.726051865849884
C1_07056.trc,3.809104760205792
C1_07057.trc,6.667977197212166
C1_07058.trc,26.291383668067848
C1_07059.trc,9.541202633402989
C1_07060.trc,12.054626983725107
C1_07061.trc,4.96365739018662
C1_07062.trc,14.117950748816002
C1_07063.trc,4.619803404075036
C1_07064.trc,7.2604033648993855
C1_07065.trc,37.86880293904373
C1_07066.trc,4.6459162505755
C1_07067.trc,3.42139699809953
C1_07068.trc,21.3311138981229
C1_07069.trc,25.378227232875336
C1_07070.trc,14.162802085394492
C1_07071.trc,9.548179391905093
C1_07072.trc,6.298807492403467
C1_07073.trc,19.439816293016822
C1_07074.trc,4.67402252479483
C1_07075.trc,40.4629580351503
C1_07076.trc,5.234554242528209
C1_07077.trc,4.48246075885433
C1_07078.trc,14.533964800522702
C1_07079.trc,9.04605256854636
C1_07080.trc,5.066115789720363
C1_07081.trc,38.50149486548058
C1_07082.trc,9.126784172980901
C1_07083.trc,30.64367960504591
C1_07084.trc,47.43352889249021
C1_07085.trc,4.68359043164851
C1_07086.trc,11.175556545400822
C1_07087.trc,14.58658965371009
C1_07088.trc,10.947715995405382
C1_07089.trc,7.4441907317295115
C1_07090.trc,53.451674317450184
C1_07091.trc,4.276746676949453
C1_07092.trc,20.459219470437322
C1_07093.trc,19.572574207133037
C1_07094.trc,9.168444732463806
C1_07095.trc,37.45418430820648
C1_07096.trc,5.057344962967251
C1_07097.trc,5.228375005377416
C1_07098.trc,5.539139553446164
C1_07099.trc,42.23186341671047
C1_07100.trc,24.684538250028154
C1_07101.trc,4.72724475276976
C1_07102.trc,35.11537826797917
C1_07103.trc,10.62459272259543
C1_07104.trc,3.741530057777015
C1_07105.trc,4.866779839332012
C1_07106.trc,6.459671835773062
C1_07107.trc,40.37764251055857
C1_07108.trc,41.307543280642825
C1_07109.trc,4.529503892786815
C1_07110.trc,4.125251119479595
C1_07111.trc,14.126721527866323
C1_07112.trc,37.11371903950056
C1_07113.trc,4.44618150969726
C1_07114.trc,10.229907724959238
C1_07115.trc,7.629573332073392
C1_07116.trc,8.18611820629474
C1_07117.trc,23.134304910310135
C1_07118.trc,5.423723814111343
C1_07119.trc,6.742528944359738
C1_07120.trc,38.27126194224233
C1_07121.trc,4.499802766675993
C1_07122.trc,4.7960162440675616
C1_07123.trc,5.519205753285368
C1_07124.trc,5.739073188690138
C1_07125.trc,9.91156856657302
C1_07126.trc,5.996216205489156
C1_07127.trc,5.140468034291727
C1_07128.trc,9.440537932423686
C1_07129.trc,15.788384061549529
C1_07130.trc,4.409105061182661
C1_07131.trc,19.79702570580335
C1_07132.trc,10.953496287032241
C1_07133.trc,34.352122073262905
C1_07134.trc,9.505322079330243
C1_07135.trc,18.44493147990186
C1_07136.trc,7.219539456192006
C1_07137.trc,3.9396695889929054
C1_07138.trc,21.798356642754413
C1_07139.trc,4.350899061173748
C1_07140.trc,10.869576111755803
C1_07141.trc,31.82494369658709
C1_07142.trc,5.697411901739796
C1_07143.trc,9.285255821113914
C1_07144.trc,6.364787951151229
C1_07145.trc,25.0006853009923
C1_07146.trc,25.758161180230307
C1_07147.trc,8.676085366237745
C1_07148.trc,39.97319006771543
C1_07149.trc,32.76062552154271
C1_07150.trc,33.33351601172007
C1_07151.trc,14.659147901584634
C1_07152.trc,5.283790390235627
C1_07153.trc,16.20120843332465
C1_07154.trc,65.4811861106642
C1_07155.trc,20.957558034581677
C1_07156.trc,4.874155579135139
C1_07157.trc,14.549313964984592
C1_07158.trc,7.228509916703976
C1_07159.trc,8.097016008606143
C1_07160.trc,4.357676555613557
C1_07161.trc,14.024662014228046
C1_07162.trc,4.683391215289
C1_07163.trc,34.89012908099783
C1_07164.trc,4.440201787048363
C1_07165.trc,24.07198012720753
C1_07166.trc,8.428112002458812
C1_07167.trc,6.832230269913122
C1_07168.trc,4.525915696656334
C1_07169.trc,10.55721690260669
C1_07170.trc,5.52937189357667
C1_07171.trc,37.98043082463783
C1_07172.trc,4.70571650619112
C1_07173.trc,9.622332408191255
C1_07174.trc,3.883656376170716
C1_07175.trc,24.57510335435761
C1_07176.trc,28.791053610414007
C1_07177.trc,4.020002033240988
C1_07178.trc,7.815752690524051
C1_07179.trc,5.757013131807028
C1_07180.trc,4.70452081448609
C1_07181.trc,4.688773265007961
C1_07182.trc,23.181746321927594
C1_07183.trc,5.424122413790109
C1_07184.trc,9.871302855526174
C1_07185.trc,25.842479859779946
C1_07186.trc,7.27076882888146
C1_07187.trc,5.52139844506652
C1_07188.trc,6.30777815565226
C1_07189.trc,4.623988951141667
C1_07190.trc,13.209977302016988
C1_07191.trc,34.02182271826008
C1_07192.trc,18.863736158684958
C1_07193.trc,25.280751889833844
C1_07194.trc,33.171256939171364
C1_07195.trc,5.850701086209922
C1_07196.trc,6.736548971271235
C1_07197.trc,10.216552512946823
C1_07198.trc,4.850832882683243
C1_07199.trc,19.978421236046977
C1_07200.trc,13.534495125120618
C1_07201.trc,24.21749499604715
C1_07202.trc,24.90520314715576
C1_07203.trc,4.350699785185757
C1_07204.trc,11.863663153079845
C1_07205.trc,8.930438054102758
C1_07206.trc,38.16242420669681
C1_07207.trc,7.415486713026079
C1_07208.trc,9.377747582932553
C1_07209.trc,22.925599780474105
C1_07210.trc,7.126848823859022
C1_07211.trc,8.045188485958935
C1_07212.trc,18.403669043069893
C1_07213.trc,35.6621566510492
C1_07214.trc,41.68707849713638
C1_07215.trc,16.775096269423294
C1_07216.trc,4.845849384940262
C1_07217.trc,26.28699804599162
C1_07218.trc,23.835567776007366
C1_07219.trc,6.602994024757225
C1_07220.trc,6.229039764274063
C1_07221.trc,5.779737392084485
C1_07222.trc,9.040072833971767
C1_07223.trc,13.197219285906677
C1_07224.trc,8.410371335329907
C1_07225.trc,4.487045370701859
C1_07226.trc,37.06508137567037
C1_07227.trc,32.60574082926784
C1_07228.trc,4.970035998730975
C1_07229.trc,12.475624032295585
C1_07230.trc,5.288972997006861
C1_07231.trc,4.546846186825173
C1_07232.trc,8.251699647964386
C1_07233.trc,21.76566545854517
C1_07234.trc,22.575765773571224
C1_07235.trc,19.058487580705656
C1_07236.trc,4.28970309847198
C1_07237.trc,5.695219305364203
C1_07238.trc,23.120351452934397
C1_07239.trc,5.456215507670073
C1_07240.trc,4.291098745929646
C1_07241.trc,39.31916961193866
C1_07242.trc,3.6420616567132242
C1_07243.trc,5.886979929893345
C1_07244.trc,7.976815642042684
C1_07245.trc,3.8730918508631706
C1_07246.trc,30.43397895392001
C1_07247.trc,21.844203524474167
C1_07248.trc,37.302688798439405
C1_07249.trc,5.445451682523142
C1_07250.trc,4.505982111158055
C1_07251.trc,36.109665050393346
C1_07252.trc,6.733957703662706
C1_07253.trc,11.143861908091276
C1_07254.trc,25.292711156246195
C1_07255.trc,41.483556916201536
C1_07256.trc,5.206049058562031
C1_07257.trc,14.507851465068724
C1_07258.trc,17.85350239577064
C1_07259.trc,25.31005420160338
C1_07260.trc,5.930833741665104
C1_07261.trc,32.498299242059204
C1_07262.trc,14.7426689524517
C1_07263.trc,30.115439982889487
C1_07264.trc,8.261866181803644
C1_07265.trc,6.2302361715208265
C1_07266.trc,40.86043382682262
C1_07267.trc,24.00460471269244
C1_07268.trc,13.977020766114897
C1_07269.trc,11.280805572010953
C1_07270.trc,5.932229484528339
C1_07271.trc,8.525786156386172
C1_07272.trc,34.92182338438789
C1_07273.trc,10.934360151331099
C1_07274.trc,5.963126206938632
C1_07275.trc,4.465716674402207
C1_07276.trc,4.905451235143667
C1_07277.trc,9.723395792329184
C1_07278.trc,25.181083747679935
C1_07279.trc,41.38747738757745
C1_07280.trc,3.9253176154182725
C1_07281.trc,6.7536921324299515
C1_07282.trc,6.068973622020421
C1_07283.trc,28.174508489047312
C1_07284.trc,23.16918823771853
C1_07285.trc,23.254703849245544
C1_07286.trc,4.2857169108732105
C1_07287.trc,54.33273823119612
C1_07288.trc,14.612503331553828
C1_07289.trc,6.260933832605644
C1_07290.trc,11.967716511836331
C1_07291.trc,3.8603339659355087
C1_07292.trc,4.48584942855722
C1_07293.trc,26.995637045039928
C1_07294.trc,14.97330059462566
C1_07295.trc,7.657878965760575
C1_07296.trc,9.669176242284347
C1_07297.trc,19.608454391509227
C1_07298.trc,6.184189679893603
C1_07299.trc,14.457619187860956
C1_07300.trc,31.501222786624293
C1_07301.trc,5.836348945675555
C1_07302.trc,19.53171008376315
C1_07303.trc,10.547050857720953
C1_07304.trc,25.85384225228398
C1_07305.trc,16.339348242125787
C1_07306.trc,19.77509937235085
C1_07307.trc,36.22787146450734
C1_07308.trc,54.472272578365235
C1_07309.trc,5.830368841404404
C1_07310.trc,12.064393999607042
C1_07311.trc,11.211635898433734
C1_07312.trc,4.868574134171229
C1_07313.trc,4.05827434042036
C1_07314.trc,15.461274279147025
C1_07315.trc,15.427387677523749
C1_07316.trc,15.94745450362786
C1_07317.trc,24.345867502749673
C1_07318.trc,27.293245060799475
C1_07319.trc,27.232248481416963
C1_07320.trc,26.25151656862547
C1_07321.trc,49.085424040594916
C1_07322.trc,7.013824861482222
C1_07323.trc,4.67840751480919
C1_07324.trc,34.3744474595706
C1_07325.trc,4.540268326144213
C1_07326.trc,6.227844430339891
C1_07327.trc,7.576151219899989
C1_07328.trc,4.215948884601407
C1_07329.trc,11.024260478581473
C1_07330.trc,13.255225747562292
C1_07331.trc,18.3582207610289
C1_07332.trc,5.15741162132006
C1_07333.trc,4.985982979231137
C1_07334.trc,7.394755904318879
C1_07335.trc,23.420152291657757
C1_07336.trc,9.51528949221556
C1_07337.trc,3.868905588254797
C1_07338.trc,30.649860177874615
C1_07339.trc,16.80718895782962
C1_07340.trc,5.866647935527432
C1_07341.trc,8.888577348056081
C1_07342.trc,14.585592844445097
C1_07343.trc,6.593426117903543
C1_07344.trc,8.80465792409846
C1_07345.trc,33.30560978865895
C1_07346.trc,34.53491328674131
C1_07347.trc,39.16169418871157
C1_07348.trc,4.306247930787502
C1_07349.trc,4.393955768993546
C1_07350.trc,6.084721123795768
C1_07351.trc,6.025518457630211
C1_07352.trc,5.323059399348735
C1_07353.trc,5.28697905648309
C1_07354.trc,9.777416054460334
C1_07355.trc,22.788257600355525
C1_07356.trc,19.666062682811123
C1_07357.trc,39.65644607128878
C1_07358.trc,6.16166505337501
C1_07359.trc,36.823685526727225
C1_07360.trc,37.59092815948187
C1_07361.trc,5.6860496523441135
C1_07362.trc,5.179936128581694
C1_07363.trc,6.950237133748127
C1_07364.trc,29.246536185735724
C1_07365.trc,53.04004512457519
C1_07366.trc,14.317286651501568
C1_07367.trc,5.737279215844703
C1_07368.trc,8.467580597627997
C1_07369.trc,4.2625933473009505
C1_07370.trc,35.88421669475526
C1_07371.trc,5.835751189265758
C1_07372.trc,12.018945598309093
C1_07373.trc,32.19530943894599
C1_07374.trc,4.752162146079105
C1_07375.trc,34.689796178236136
C1_07376.trc,23.12314240200457
C1_07377.trc,10.17269775904511
C1_07378.trc,8.363128030982267
C1_07379.trc,39.46368832742655
C1_07380.trc,7.633560163659716
C1_07381.trc,5.782328683544406
C1_07382.trc,15.320344046006317
C1_07383.trc,8.238344137809579
C1_07384.trc,7.620004876637711
C1_07385.trc,26.987463783885495
C1_07386.trc,6.355818444694904
C1_07387.trc,3.3235232581161007
C1_07388.trc,4.376613546509361
C1_07389.trc,32.787336828069016
C1_07390.trc,3.6336895131187514
C1_07391.trc,6.6322962530468885
C1_07392.trc,30.328929024412435
C1_07393.trc,18.974367688190483
C1_07394.trc,3.6498357457555066
C1_07395.trc,4.4950192962398265
C1_07396.trc,30.527467417672383
C1_07397.trc,4.418872577943805
C1_07398.trc,16.486059542063575
C1_07399.trc,4.8281089563252655
C1_07400.trc,9.790770348194194
C1_07401.trc,16.087587537411043
C1_07402.trc,5.086049160556117
C1_07403.trc,5.509836526134899
C1_07404.trc,3.3408654925259773
C1_07405.trc,37.89072977337544
C1_07406.trc,5.778541127946063
C1_07407.trc,23.12473572740702
C1_07408.trc,30.145340766610566
C1_07409.trc,22.216164321461385
C1_07410.trc,4.795019482505345
C1_07411.trc,8.579009266862576
C1_07412.trc,8.271633471976575
C1_07413.trc,4.528906339113838
C1_07414.trc,4.496015509220042
C1_07415.trc,43.3405689741604
C1_07416.trc,5.012295018239724
C1_07417.trc,10.115489021477632
C1_07418.trc,7.564191070986162
C1_07419.trc,13.094162998780485
C1_07420.trc,28.8939106454036
C1_07421.trc,15.006390545473405
C1_07422.trc,10.572964547490384
C1_07423.trc,4.330168347872114
C1_07424.trc,35.47717250727574
C1_07425.trc,16.621807073027487
C1_07426.trc,10.839675459217387
C1_07427.trc,39.90402039413821
C1_07428.trc,36.715445523740115
C1_07429.trc,6.66259574377798
C1_07430.trc,3.5722941074692467
C1_07431.trc,8.11874243400878
C1_07432.trc,6.627113884789567
C1_07433.trc,4.652693745015309
C1_07434.trc,9.522066879324104
C1_07435.trc,5.375883492747027
C1_07436.trc,34.9915914106597
C1_07437.trc,6.104655007436438
C1_07438.trc,6.06678076327953
C1_07439.trc,9.459673125994886
C1_07440.trc,5.018275039031007
C1_07441.trc,5.7217307515434355
C1_07442.trc,4.132028792804837
C1_07443.trc,54.724232928764536
C1_07444.trc,4.439005928383596
C1_07445.trc,44.25073530355171
C1_07446.trc,3.848971800019697
C1_07447.trc,18.27669252967022
C1_07448.trc,16.710113037339884
C1_07449.trc,31.818166488363975
C1_07450.trc,9.48219948173933
C1_07451.trc,4.124453753162325
C1_07452.trc,4.820932552138607
C1_07453.trc,44.64143367233838
C1_07454.trc,4.114487067744451
C1_07455.trc,6.875286226414097
C1_07456.trc,7.685785379632831
C1_07457.trc,36.29405084147221
C1_07458.trc,8.06611821288326
C1_07459.trc,14.74027729475064
C1_07460.trc,14.75841659733539
C1_07461.trc,13.11329878863646
C1_07462.trc,7.150170542403885
C1_07463.trc,8.242132206212833
C1_07464.trc,13.439411582888532
C1_07465.trc,6.14292752927833
C1_07466.trc,18.640878450519242
C1_07467.trc,12.642268798474687
C1_07468.trc,4.1998026519646485
C1_07469.trc,6.9691736953188865
C1_07470.trc,35.661757419308564
C1_07471.trc,3.8027261516614415
C1_07472.trc,8.645787115778994
C1_07473.trc,5.852096387822423
C1_07474.trc,12.434361094584395
C1_07475.trc,23.67789287405544
C1_07476.trc,4.625185048320345
C1_07477.trc,5.026448061671532
C1_07478.trc,4.8548196307897085
C1_07479.trc,18.789383639822596
C1_07480.trc,4.592095467169166
C1_07481.trc,19.949517929429852
C1_07482.trc,4.702128965973898
C1_07483.trc,21.069585283099048
C1_07484.trc,8.220603816525843
C1_07485.trc,22.375432679998415
C1_07486.trc,4.902660357627671
C1_07487.trc,9.439541445152473
C1_07488.trc,4.8558165354602645
C1_07489.trc,6.563126889537754
C1_07490.trc,5.632229000120434
C1_07491.trc,11.001137654402346
C1_07492.trc,10.511768203166353
C1_07493.trc,24.395700762879322
C1_07494.trc,7.394356851463685
C1_07495.trc,5.552494312282146
C1_07496.trc,7.840868751610921
C1_07497.trc,4.461730081329783
C1_07498.trc,4.337543944566896
C1_07499.trc,15.504131055065569
C1_07500.trc,4.488640019856519
C1_07501.trc,5.324853503376822
C1_07502.trc,5.097809568379826
C1_07503.trc,4.732228083553005
C1_07504.trc,6.839406411734476
C1_07505.trc,9.529641286904749
C1_07506.trc,15.525261035884922
C1_07507.trc,7.659872584290566
C1_07508.trc,5.265451286932276
C1_07509.trc,4.246247934081761
C1_07510.trc,5.551697446844095
C1_07511.trc,4.604454168058978
C1_07512.trc,33.76009525657328
C1_07513.trc,6.032893780033995
C1_07514.trc,7.173692276329864
C1_07515.trc,20.886794057694964
C1_07516.trc,10.07103704782242
C1_07517.trc,12.878481432436123
C1_07518.trc,6.156880867397108
C1_07519.trc,8.754823459473547
C1_07520.trc,4.628573646469061
C1_07521.trc,7.431034294825873
C1_07522.trc,18.979749463618454
C1_07523.trc,8.80744778793033
C1_07524.trc,11.65735130283947
C1_07525.trc,10.437017692835699
C1_07526.trc,5.269438201998477
C1_07527.trc,38.96813922164043
C1_07528.trc,9.23223216551093
C1_07529.trc,6.3392727418036054
C1_07530.trc,8.793693534988417
C1_07531.trc,5.845518240924776
C1_07532.trc,5.298541213928626
C1_07533.trc,24.41802676932318
C1_07534.trc,5.979073127810306
C1_07535.trc,38.724551527640514
C1_07536.trc,26.222413890614792
C1_07537.trc,16.224132553949172
C1_07538.trc,20.377292126594966
C1_07539.trc,5.077278608094004
C1_07540.trc,5.255484577663006
C1_07541.trc,3.958606627591486
C1_07542.trc,35.94003017841302
C1_07543.trc,5.933225828691212
C1_07544.trc,5.614886491419554
C1_07545.trc,5.362328193799321
C1_07546.trc,5.68206285653487
C1_07547.trc,6.859140530433635
C1_07548.trc,6.015351959568042
C1_07549.trc,10.69854587853452
C1_07550.trc,8.200470322977711
C1_07551.trc,3.7134238670375583
C1_07552.trc,6.485386106446154
C1_07553.trc,7.332762205603282
C1_07554.trc,7.87176658311089
C1_07555.trc,7.994357343251681
C1_07556.trc,4.549636825827258
C1_07557.trc,5.667112828408049
C1_07558.trc,9.024923601411132
C1_07559.trc,4.677411564194278
C1_07560.trc,39.60561521479821
C1_07561.trc,6.459871147538135
C1_07562.trc,9.874890944325395
C1_07563.trc,11.513828824183195
C1_07564.trc,57.69473379994701
C1_07565.trc,16.06466366722612
C1_07566.trc,6.135950246045618
C1_07567.trc,7.762928740234104
C1_07568.trc,5.311298896119458
C1_07569.trc,4.607244926318023
C1_07570.trc,10.202000643248027
C1_07571.trc,17.861276389407358
C1_07572.trc,22.377427407618086
C1_07573.trc,36.33511381150507
C1_07574.trc,3.972161377957198
C1_07575.trc,20.069119549750788
C1_07576.trc,7.933161654840916
C1_07577.trc,6.895619150984265
C1_07578.trc,5.460800262625945
C1_07579.trc,11.673696656430183
C1_07580.trc,33.32175521034841
C1_07581.trc,5.514022955702999
C1_07582.trc,7.773094630085801
C1_07583.trc,31.76912997441541
C1_07584.trc,12.827850317035688
C1_07585.trc,4.6568793874875105
C1_07586.trc,23.58081721593101
C1_07587.trc,22.901680341296522
C1_07588.trc,9.712830312965995
C1_07589.trc,11.361935382576306
C1_07590.trc,13.839080436038568
C1_07591.trc,7.311832252090746
C1_07592.trc,15.705062227041974
C1_07593.trc,3.709835730535553
C1_07594.trc,53.032271357526696
C1_07595.trc,5.275418473229368
C1_07596.trc,5.882196161314787
C1_07597.trc,14.460409826863039
C1_07598.trc,5.449239226195788
C1_07599.trc,4.658075663551623
C1_07600.trc,3.756480169383706
C1_07601.trc,21.552973699859628
C1_07602.trc,6.775419380705579
C1_07603.trc,8.974092363298311
C1_07604.trc,5.76399002149179
C1_07605.trc,4.557211495773206
C1_07606.trc,26.11417446006107
C1_07607.trc,4.699338100383595
C1_07608.trc,22.381014792801277
C1_07609.trc,7.198808730964679
C1_07610.trc,6.052827496714923
C1_07611.trc,8.511633530353706
C1_07612.trc,22.79623119197402
C1_07613.trc,31.21098942542958
C1_07614.trc,7.169107306711469
C1_07615.trc,7.9104374422662405
C1_07616.trc,7.433625777096924
C1_07617.trc,3.949038410669722
C1_07618.trc,18.15130966366679
C1_07619.trc,5.395219095247294
C1_07620.trc,23.385666860312075
C1_07621.trc,19.789052352698768
C1_07622.trc,7.105320243360911
C1_07623.trc,33.31577542807103
C1_07624.trc,6.216282678368006
C1_07625.trc,5.027046020818155
C1_07626.trc,21.79436983501947
C1_07627.trc,24.484605151440473
C1_07628.trc,4.577743004641018
C1_07629.trc,34.45079317956362
C1_07630.trc,4.651497671688023
C1_07631.trc,10.513761964804692
C1_07632.trc,6.716615361921567
C1_07633.trc,4.92060077777239
C1_07634.trc,6.688509206959196
C1_07635.trc,5.555086366986586
C1_07636.trc,41.55133119276069
C1_07637.trc,12.337882942430154
C1_07638.trc,38.95518247812412
C1_07639.trc,4.931962812505551
C1_07640.trc,23.0013477679087
C1_07641.trc,13.22333281217179
C1_07642.trc,4.964853272702783
C1_07643.trc,7.6776133468250345
C1_07644.trc,4.279337861078118
C1_07645.trc,13.910641779242546
C1_07646.trc,39.25239200153615
C1_07647.trc,13.708316331263466
C1_07648.trc,4.412095143132476
C1_07649.trc,38.66315528719231
C1_07650.trc,4.044520695688914
C1_07651.trc,17.173169578991512
C1_07652.trc,4.378407829422885
C1_07653.trc,32.14946216367827
C1_07654.trc,27.881883756368232
C1_07655.trc,4.18545067839002
C1_07656.trc,4.069437278050964
C1_07657.trc,7.516749134638093
C1_07658.trc,5.745252509320798
C1_07659.trc,3.721397220142138
C1_07660.trc,6.283060598838603
C1_07661.trc,9.804924381458742
C1_07662.trc,3.962992023079501
C1_07663.trc,4.065450959269543
C1_07664.trc,9.841999553923912
C1_07665.trc,3.7082409382725428
C1_07666.trc,3.5541547452560187
C1_07667.trc,38.9862790131787
C1_07668.trc,14.104396427775333
C1_07669.trc,6.107844496556896
C1_07670.trc,6.778010874902329
C1_07671.trc,5.819006890151114
C1_07672.trc,20.14985049827207
C1_07673.trc,12.150108636682438
C1_07674.trc,5.646183220740685
C1_07675.trc,5.953159473817966
C1_07676.trc,58.83214374579694
C1_07677.trc,20.04858759963223
C1_07678.trc,5.863458839954929
C1_07679.trc,27.125604296302683
C1_07680.trc,6.039870669718752
C1_07681.trc,22.670251344730993
C1_07682.trc,4.3102350724419205
C1_07683.trc,27.14274632452031
C1_07684.trc,6.858941194817163
C1_07685.trc,15.699679926883402
C1_07686.trc,6.288841260162019
C1_07687.trc,5.205451326003625
C1_07688.trc,9.629309202470445
C1_07689.trc,68.52843091989621
C1_07690.trc,10.948512932397605
C1_07691.trc,6.19814289875543
C1_07692.trc,30.238429998622316
C1_07693.trc,4.865783841014316
C1_07694.trc,38.609933333508366
C1_07695.trc,28.086800519658617
C1_07696.trc,38.70920245858418
C1_07697.trc,6.404256510543323
C1_07698.trc,14.888383514678662
C1_07699.trc,5.399006436183116
C1_07700.trc,32.40780059789133
C1_07701.trc,5.382859965032437
C1_07702.trc,5.014687129117218
C1_07703.trc,11.985058519657994
C1_07704.trc,6.2804686037626345
C1_07705.trc,69.20916289686177
C1_07706.trc,19.86878674239465
C1_07707.trc,36.70627677707288
C1_07708.trc,6.979340169529671
C1_07709.trc,4.696547258644686
C1_07710.trc,12.535225310065595
C1_07711.trc,11.257483483769528
C1_07712.trc,29.91331369164145
C1_07713.trc,20.87343869064851
C1_07714.trc,12.947451973133703
C1_07715.trc,13.49482754018013
C1_07716.trc,7.3198054024585
C1_07717.trc,15.27609199232666
C1_07718.trc,32.2714561691677
C1_07719.trc,27.787597652007577
C1_07720.trc,7.481865282499085
C1_07721.trc,6.502727983085167
C1_07722.trc,9.32113619630122
C1_07723.trc,16.581342121769737
C1_07724.trc,3.9492380205771846
C1_07725.trc,16.96745502005881
C1_07726.trc,5.03482018141462
C1_07727.trc,11.347583098933592
C1_07728.trc,21.54699428727882
C1_07729.trc,12.956820675553566
C1_07730.trc,12.452302122939596
C1_07731.trc,15.801740227617591
C1_07732.trc,11.49828120660632
C1_07733.trc,38.58880355542585
C1_07734.trc,6.205319803821303
C1_07735.trc,20.66533227127792
C1_07736.trc,5.050368144836666
C1_07737.trc,4.717278103128969
C1_07738.trc,27.38175003873457
C1_07739.trc,23.361148388675275
C1_07740.trc,4.24246054544316
C1_07741.trc,20.86566485204582
C1_07742.trc,15.361606625946632
C1_07743.trc,10.351303008057522
C1_07744.trc,7.577746298379692
C1_07745.trc,15.910975811523057
C1_07746.trc,5.914090003058156
C1_07747.trc,9.642066753478623
C1_07748.trc,7.474489673878609
C1_07749.trc,11.849509954613993
C1_07750.trc,14.064728747429283
C1_07751.trc,28.39995727401043
C1_07752.trc,5.811631138422287
C1_07753.trc,20.105199069743435
C1_07754.trc,12.6203413678582
C1_07755.trc,4.998341393904251
C1_07756.trc,26.385071837133257
C1_07757.trc,44.40043647077677
C1_07758.trc,35.79471538458299
C1_07759.trc,12.63848158872151
C1_07760.trc,35.20069449618693
C1_07761.trc,6.971964811348798
C1_07762.trc,25.77111825766609
C1_07763.trc,9.41781425650532
C1_07764.trc,45.394723610961805
C1_07765.trc,11.624659391162805
C1_07766.trc,34.72647465913385
C1_07767.trc,6.921134193372149
C1_07768.trc,5.546713901398335
C1_07769.trc,4.278341075664514
C1_07770.trc,39.136976763080554
C1_07771.trc,12.160074379970368
C1_07772.trc,8.271234538378334
C1_07773.trc,4.218540211838416
C1_07774.trc,4.831896762363222
C1_07775.trc,16.071042645467042
C1_07776.trc,24.356231964973315
C1_07777.trc,9.49894376892828
C1_07778.trc,5.553093249335809
C1_07779.trc,11.107981473275483
C1_07780.trc,6.055418847803322
C1_07781.trc,61.258856280082114
C1_07782.trc,5.494687090837438
C1_07783.trc,16.048518030874135
C1_07784.trc,9.493960104225561
C1_07785.trc,4.643125373059505
C1_07786.trc,3.944852803974612
C1_07787.trc,7.613626136910705
C1_07788.trc,5.3236576924148356
C1_07789.trc,10.775489617302625
C1_07790.trc,4.796215293467337
C1_07791.trc,26.78753031560126
C1_07792.trc,31.469328956806624
C1_07793.trc,27.55497310684537
C1_07794.trc,20.450847422248412
C1_07795.trc,10.807981716335009
C1_07796.trc,30.130988626076185
C1_07797.trc,14.934228786429522
C1_07798.trc,15.541208600744163
C1_07799.trc,35.29996306075505
C1_07800.trc,11.718546824290504
C1_07801.trc,44.88342707495451
C1_07802.trc,38.497507831157414
C1_07803.trc,60.518324488751645
C1_07804.trc,40.14122990891881
C1_07805.trc,27.93590320755208
C1_07806.trc,3.908374219201071
C1_07807.trc,9.308976318222971
C1_07808.trc,4.15734427298804
C1_07809.trc,3.8772777199235806
C1_07810.trc,4.393556883098086
C1_07811.trc,4.991564495749218
C1_07812.trc,24.579688347827393
C1_07813.trc,3.4196030491054863
C1_07814.trc,31.016637485589122
C1_07815.trc,20.891578661072224
C1_07816.trc,42.04847447067366
C1_07817.trc,3.6627926085287665
C1_07818.trc,4.903458200972763
C1_07819.trc,28.106336089837217
C1_07820.trc,11.214626218897465
C1_07821.trc,14.892370513224739
C1_07822.trc,5.96073451346048
C1_07823.trc,11.29117148916946
C1_07824.trc,20.377092707498633
C1_07825.trc,32.409994553796224
C1_07826.trc,9.555953624055725
C1_07827.trc,35.442090309353
C1_07828.trc,4.825119100963671
C1_07829.trc,10.369044092585776
C1_07830.trc,4.831298409668639
C1_07831.trc,8.62904284051574
C1_07832.trc,38.36574709600276
C1_07833.trc,36.55916729485568
C1_07834.trc,16.85602693518332
C1_07835.trc,24.07237883421755
C1_07836.trc,17.64101074787178
C1_07837.trc,35.99405073868656
C1_07838.trc,38.97451846224664
C1_07839.trc,6.106648005830259
C1_07840.trc,16.36645768322873
C1_07841.trc,40.62202805982928
C1_07842.trc,13.582136993369936
C1_07843.trc,7.214555779563586
C1_07844.trc,14.586390389647796
C1_07845.trc,15.851773324242934
C1_07846.trc,10.857416746482464
C1_07847.trc,14.400011624026492
C1_07848.trc,16.213169106969076
C1_07849.trc,5.442860391063224
C1_07850.trc,24.770452520862406
C1_07851.trc,26.189722634851375
C1_07852.trc,4.652295097633768
C1_07853.trc,4.953490749016104
C1_07854.trc,39.2422260162789
C1_07855.trc,33.29205416771746
C1_07856.trc,4.881331494368284
C1_07857.trc,3.6881081125633584
C1_07858.trc,5.9916316890472
C1_07859.trc,5.52737859704046
C1_07860.trc,39.67378785252224
C1_07861.trc,5.190700514236319
C1_07862.trc,13.369844060951367
C1_07863.trc,13.559811130034417
C1_07864.trc,12.637285563097006
C1_07865.trc,10.79303160472832
C1_07866.trc,5.15661427885418
C1_07867.trc,27.078361564388427
C1_07868.trc,22.301081818807727
C1_07869.trc,12.851970260547894
C1_07870.trc,14.465592326303014
C1_07871.trc,8.133493901689343
C1_07872.trc,16.283734308747018
C1_07873.trc,23.95676359230652
C1_07874.trc,4.914022750131698
C1_07875.trc,5.665717085544815
C1_07876.trc,5.668308889809648
C1_07877.trc,4.401729869961523
C1_07878.trc,4.513956155952981
C1_07879.trc,7.547447058088211
C1_07880.trc,14.66951344904658
C1_07881.trc,58.229951408952175
C1_07882.trc,6.217080521713097
C1_07883.trc,3.530035064109108
C1_07884.trc,15.14154039158169
C1_07885.trc,9.466252906712823
C1_07886.trc,68.54477671473765
C1_07887.trc,4.13262676387716
C1_07888.trc,23.362344772070646
C1_07889.trc,6.790370160151221
C1_07890.trc,4.019403978688794
C1_07891.trc,13.852435111394685
C1_07892.trc,5.320667741647672
C1_07893.trc,11.572632998001247
C1_07894.trc,37.03458361070972
C1_07895.trc,10.445588468430607
C1_07896.trc,7.272761576835674
C1_07897.trc,4.006845727520001
C1_07898.trc,32.892187386183025
C1_07899.trc,6.635286680841881
C1_07900.trc,30.254975701513608
C1_07901.trc,35.285411334164614
C1_07902.trc,47.48216703334821
C1_07903.trc,45.720039480147356
C1_07904.trc,5.771963565407503
C1_07905.trc,31.06447824820417
C1_07906.trc,4.596679900131258
C1_07907.trc,26.29138426435263
C1_07908.trc,20.01111243218191
C1_07909.trc,20.92167792175967
C1_07910.trc,6.530635052870678
C1_07911.trc,5.781930203122599
C1_07912.trc,7.295286680382093
C1_07913.trc,25.238891696592077
C1_07914.trc,5.821598491679108
C1_07915.trc,6.3895052455995875
C1_07916.trc,3.805118369870193
C1_07917.trc,33.15750288896628
C1_07918.trc,31.298697716812047
C1_07919.trc,7.567380321592708
C1_07920.trc,16.100743735800766
C1_07921.trc,13.392767406405683
C1_07922.trc,35.957172886395306
C1_07923.trc,53.48436553743652
C1_07924.trc,15.856158218851727
C1_07925.trc,10.686984365076537
C1_07926.trc,5.005318641359873
C1_07927.trc,3.970367428963151
C1_07928.trc,4.525119022029408
C1_07929.trc,4.6092385806250995
C1_07930.trc,7.01741316494396
C1_07931.trc,13.623000436975188
C1_07932.trc,7.535885222636452
C1_07933.trc,29.473778454590757
C1_07934.trc,12.883265928482114
C1_07935.trc,32.01431228179291
C1_07936.trc,23.15184569324057
C1_07937.trc,11.621270649905739
C1_07938.trc,8.395021968131198
C1_07939.trc,11.099211218955762
C1_07940.trc,4.718474438821559
C1_07941.trc,11.957151843420439
C1_07942.trc,5.136281366209708
C1_07943.trc,14.003930955081236
C1_07944.trc,4.616613807623317
C1_07945.trc,7.276948161437821
C1_07946.trc,31.721289700753886
C1_07947.trc,14.496888280453932
C1_07948.trc,27.298826410357826
C1_07949.trc,6.833426557902932
C1_07950.trc,4.945517705979607
C1_07951.trc,16.456756741340516
C1_07952.trc,7.641533731426824
C1_07953.trc,9.156085447214915
C1_07954.trc,6.198940587066475
C1_07955.trc,43.61664881489548
C1_07956.trc,41.06216114869534
C1_07957.trc,6.642861720484383
C1_07958.trc,4.1974107676753665
C1_07959.trc,26.37211497436
C1_07960.trc,14.476357022025725
C1_07961.trc,11.42492598596246
C1_07962.trc,10.19602119489014
C1_07963.trc,5.833558366301942
C1_07964.trc,8.658145291938196
C1_07965.trc,34.41331795248481
C1_07966.trc,7.509373406760659
C1_07967.trc,6.516681810157465
C1_07968.trc,6.120003790276063
C1_07969.trc,18.0618086754883
C1_07970.trc,39.453522246763725
C1_07971.trc,6.477014404102419
C1_07972.trc,6.939871431252139
C1_07973.trc,5.965518604032815
C1_07974.trc,5.119936322687088
C1_07975.trc,14.803665710719653
C1_07976.trc,4.588108969502308
C1_07977.trc,24.32792678446256
C1_07978.trc,8.588378028910915
C1_07979.trc,5.48511974449145
C1_07980.trc,58.09101379258304
C1_07981.trc,42.87711353468761
C1_07982.trc,6.1883759425019695
C1_07983.trc,4.865185345211391
C1_07984.trc,4.448972494544519
C1_07985.trc,12.478414611669187
C1_07986.trc,23.55051743898322
C1_07987.trc,32.252718203820294
C1_07988.trc,39.30103050016504
C1_07989.trc,4.722461091522461
C1_07990.trc,27.271716873849318
C1_07991.trc,3.8591384769673
C1_07992.trc,5.633824102451529
C1_07993.trc,56.56569661782772
C1_07994.trc,5.321464988707986
C1_07995.trc,34.26919800363543
C1_07996.trc,9.645455375478727
C1_07997.trc,8.372895905514284
C1_07998.trc,5.224986454931484
C1_07999.trc,36.59205769542444
C1_08000.trc,15.359812760432451
C1_08001.trc,10.144392697791307
C1_08002.trc,4.481862668525058
C1_08003.trc,4.521131820746511
C1_08004.trc,6.1319638080072405
C1_08005.trc,22.12526738768284
C1_08006.trc,6.013957075354884
C1_08007.trc,4.708108903285311
C1_08008.trc,4.285916019901461
C1_08009.trc,4.422261736600214
C1_08010.trc,4.220534009253841
C1_08011.trc,9.629309309801707
C1_08012.trc,10.538280174076192
C1_08013.trc,9.032896835258756
C1_08014.trc,10.444990986311801
C1_08015.trc,23.36513562573526
C1_08016.trc,14.13270182294861
C1_08017.trc,12.48339819289204
C1_08018.trc,11.652766297443998
C1_08019.trc,20.394235892508732
C1_08020.trc,8.856484552318502
C1_08021.trc,4.084985348804274
C1_08022.trc,11.18791513895937
C1_08023.trc,11.329443128509883
C1_08024.trc,6.635086868197583
C1_08025.trc,5.861465018688113
C1_08026.trc,8.23455753626689
C1_08027.trc,6.3195390524294845
C1_08028.trc,11.853097888379171
C1_08029.trc,38.329268403897956
C1_08030.trc,5.244720859847339
C1_08031.trc,4.46212884796829
C1_08032.trc,9.486584841450254
C1_08033.trc,25.54028706521314
C1_08034.trc,6.208309420668989
C1_08035.trc,3.748905535214844
C1_08036.trc,5.499072605582401
C1_08037.trc,4.490234919450791
C1_08038.trc,35.94321995375018
C1_08039.trc,6.318741590706655
C1_08040.trc,4.48744405386049
C1_08041.trc,4.4916300541035525
C1_08042.trc,4.659471167900948
C1_08043.trc,30.15789906548214
C1_08044.trc,15.472238012343809
C1_08045.trc,27.290055905598496
C1_08046.trc,7.633958560601657
C1_08047.trc,4.5681750739359455
C1_08048.trc,2.927243981021806
C1_08049.trc,5.089837002371151
C1_08050.trc,27.702680548209187
C1_08051.trc,7.560403121839865
C1_08052.trc,10.984792133851894
C1_08053.trc,19.806992999431692
C1_08054.trc,13.504993394254745
C1_08055.trc,5.635618099148358
C1_08056.trc,8.64060431819663
C1_08057.trc,4.232892889029083
C1_08058.trc,7.244257084559842
C1_08059.trc,4.428241292289364
C1_08060.trc,5.876814266629865
C1_08061.trc,3.785782660038673
C1_08062.trc,8.700005878727918
C1_08063.trc,62.68590087666133
C1_08064.trc,23.184736558911453
C1_08065.trc,4.393158295345021
C1_08066.trc,5.536947004773352
C1_08067.trc,5.83495384679988
C1_08068.trc,4.644521103997044
C1_08069.trc,4.8416640167590606
C1_08070.trc,4.908640366493254
C1_08071.trc,8.882796794063918
C1_08072.trc,4.59867382872933
C1_08073.trc,7.128044467861276
C1_08074.trc,5.921265691703081
C1_08075.trc,9.244790917558946
C1_08076.trc,14.711174294746176
C1_08077.trc,11.221603537907258
C1_08078.trc,5.1633912604890835
C1_08079.trc,4.89668024143082
C1_08080.trc,5.904721085975766
C1_08081.trc,5.334222778230078
C1_08082.trc,33.855775684639376
C1_08083.trc,27.237231931457163
C1_08084.trc,17.144664573910767
C1_08085.trc,6.223857908821646
C1_08086.trc,8.104988550763427
C1_08087.trc,8.648378371461828
C1_08088.trc,5.3619302261824195
C1_08089.trc,4.172095418674827
C1_08090.trc,41.95319160475081
C1_08091.trc,15.899215463327826
C1_08092.trc,10.54465892572889
C1_08093.trc,4.824520939080218
C1_08094.trc,5.469770424995523
C1_08095.trc,15.664596596019578
C1_08096.trc,19.99018221630407
C1_08097.trc,38.88621292725927
C1_08098.trc,29.714376722554128
C1_08099.trc,4.398340937893341
C1_08100.trc,7.598476928201462
C1_08101.trc,6.041266138290989
C1_08102.trc,35.01431532509197
C1_08103.trc,31.131454562161284
C1_08104.trc,5.84193022367973
C1_08105.trc,7.366450270631687
C1_08106.trc,33.08534349121012
C1_08107.trc,23.646597611594867
C1_08108.trc,10.153960795456127
C1_08109.trc,6.09070133539818
C1_08110.trc,17.840944287710183
C1_08111.trc,4.919006068989244
C1_08112.trc,10.428047363506387
C1_08113.trc,5.67827539634209
C1_08114.trc,5.857678154780117
C1_08115.trc,5.961730869549043
C1_08116.trc,37.582358004023135
C1_08117.trc,8.927846941528268
C1_08118.trc,33.23683847624658
C1_08119.trc,33.7706595672183
C1_08120.trc,10.285322811675066
C1_08121.trc,6.8067149890113265
C1_08122.trc,8.25608569936565
C1_08123.trc,7.276549514056278
C1_08124.trc,11.46060646502561
C1_08125.trc,4.088374555163458
C1_08126.trc,16.60865077923219
C1_08127.trc,43.36588383420744
C1_08128.trc,57.00901945817952
C1_08129.trc,25.978426726360322
C1_08130.trc,11.900540122869629
C1_08131.trc,18.448718689655035
C1_08132.trc,20.90911974214504
C1_08133.trc,9.640870525117295
C1_08134.trc,40.049535644600084
C1_08135.trc,24.750518577593258
C1_08136.trc,6.3113657197208735
C1_08137.trc,6.214288988283843
C1_08138.trc,12.890043148630927
C1_08139.trc,3.905184443863918
C1_08140.trc,6.680734950957173
C1_08141.trc,4.519935687790743
C1_08142.trc,19.47529830703928
C1_08143.trc,18.917157400282573
C1_08144.trc,28.309657715019423
C1_08145.trc,5.5895716194468275
C1_08146.trc,3.912959212670856
C1_08147.trc,49.752202667516016
C1_08148.trc,14.872237735218333
C1_08149.trc,36.73896737692305
C1_08150.trc,8.985653674019467
C1_08151.trc,19.48287312009358
C1_08152.trc,20.251910262349952
C1_08153.trc,13.061472065010848
C1_08154.trc,5.721531654440876
C1_08155.trc,5.267445048570617
C1_08156.trc,40.82455309386446
C1_08157.trc,8.392032148546686
C1_08158.trc,4.138407711417276
C1_08159.trc,5.173757308830247
C1_08160.trc,6.486383094596583
C1_08161.trc,7.411898958146333
C1_08162.trc,5.101597791817124
C1_08163.trc,4.58232784307676
C1_08164.trc,25.10932298537962
C1_08165.trc,7.3742237514635045
C1_08166.trc,12.237019525970556
C1_08167.trc,4.827710261240939
C1_08168.trc,12.651637417414678
C1_08169.trc,25.026598728396433
C1_08170.trc,5.887777033845311
C1_08171.trc,10.745191068701489
C1_08172.trc,6.360402019006921
C1_08173.trc,14.754230752126372
C1_08174.trc,49.521370795298424
C1_08175.trc,27.61736471354939
C1_08176.trc,40.698373672491044
C1_08177.trc,5.148241777488842
C1_08178.trc,22.323805411246227
C1_08179.trc,5.26465413527753
C1_08180.trc,38.80887025489292
C1_08181.trc,22.599885824414695
C1_08182.trc,21.032906969161083
C1_08183.trc,4.410899129433663
C1_08184.trc,4.976015673677084
C1_08185.trc,6.191764290211075
C1_08186.trc,4.914221561017561
C1_08187.trc,7.194224154894237
C1_08188.trc,5.863857177268391
C1_08189.trc,20.375897027719294
C1_08190.trc,49.64137179046834
C1_08191.trc,4.544852675626439
C1_08192.trc,52.649546496878635
C1_08193.trc,16.787853772728706
C1_08194.trc,8.267646723870111
C1_08195.trc,7.782862087218472
C1_08196.trc,37.233519840403915
C1_08197.trc,27.42819546396003
C1_08198.trc,3.7632575326408677
C1_08199.trc,5.279604628506476
C1_08200.trc,4.478274901719621
C1_08201.trc,23.502477770076748
C1_08202.trc,14.315692348192073
C1_08203.trc,25.808991583544437
C1_08204.trc,21.136362476102207
C1_08205.trc,13.675226320787244
C1_08206.trc,9.361601600735403
C1_08207.trc,24.788591584933254
C1_08208.trc,8.421933301964321
C1_08209.trc,24.429587471833862
C1_08210.trc,11.556487302020791
C1_08211.trc,19.970448443450085
C1_08212.trc,21.87031665719133
C1_08213.trc,7.824922009624663
C1_08214.trc,4.36844053579453
C1_08215.trc,4.998341417755644
C1_08216.trc,41.13671303895127
C1_08217.trc,50.828017323518
C1_08218.trc,13.406322323731132
C1_08219.trc,8.302929163762188
C1_08220.trc,6.65721344361941
C1_08221.trc,5.285384872430553
C1_08222.trc,37.20421792218234
C1_08223.trc,3.7257824128933272
C1_08224.trc,20.251311957358162
C1_08225.trc,6.549571817178265
C1_08226.trc,9.68751552447313
C1_08227.trc,4.892693541027139
C1_08228.trc,59.328290918060965
C1_08229.trc,15.526059070041143
C1_08230.trc,36.15252226756262
C1_08231.trc,12.513697182743917
C1_08232.trc,5.76339209812225
C1_08233.trc,18.420214292784767
C1_08234.trc,4.095351289814177
C1_08235.trc,11.017084718382378
C1_08236.trc,8.27920867857883
C1_08237.trc,13.224927222812545
C1_08238.trc,6.749705181586659
C1_08239.trc,26.996633532311144
C1_08240.trc,16.61164071807366
C1_08241.trc,27.10168396269794
C1_08242.trc,10.840871627950243
C1_08243.trc,6.405053507164027
C1_08244.trc,13.939545419779144
C1_08245.trc,24.462678114371943
C1_08246.trc,4.026779623086364
C1_08247.trc,10.413894868656566
C1_08248.trc,34.73066080248525
C1_08249.trc,8.412962424053005
C1_08250.trc,8.075487404256641
C1_08251.trc,6.252163029703924
C1_08252.trc,6.372561968639337
C1_08253.trc,9.59502360762045
C1_08254.trc,7.7818659338667295
C1_08255.trc,37.547473758336174
C1_08256.trc,6.691299595521675
C1_08257.trc,6.234222824221726
C1_08258.trc,4.391962388977467
C1_08259.trc,39.61777412689512
C1_08260.trc,5.041796999545197
C1_08261.trc,4.203789662436417
C1_08262.trc,19.698753580803672
C1_08263.trc,4.353490972769841
C1_08264.trc,5.986249245780277
C1_08265.trc,11.132100832428613
C1_08266.trc,5.076880020340939
C1_08267.trc,18.19436646689215
C1_08268.trc,16.594896228147885
C1_08269.trc,12.729776680928087
C1_08270.trc,7.128243970437477
C1_08271.trc,21.844004630108437
C1_08272.trc,11.909510869598293
C1_08273.trc,6.489372639890099
C1_08274.trc,10.696353413341575
C1_08275.trc,22.649121662054032
C1_08276.trc,6.066781156827481
C1_08277.trc,25.025402845880265
C1_08278.trc,5.3278434422182945
C1_08279.trc,28.08899390313012
C1_08280.trc,29.43291473669451
C1_08281.trc,7.878742602219866
C1_08282.trc,37.47391828379729
C1_08283.trc,4.156148211586444
C1_08284.trc,28.445206244286336
C1_08285.trc,4.691962229397815
C1_08286.trc,18.50493110691104
C1_08287.trc,9.488578281094814
C1_08288.trc,24.959820867554313
C1_08289.trc,10.742399869191711
C1_08290.trc,19.380413933463927
C1_08291.trc,4.298673535132554
C1_08292.trc,17.89775521269481
C1_08293.trc,4.389171964637902
C1_08294.trc,4.401331294134155
C1_08295.trc,6.351631657355936
C1_08296.trc,7.62478903876422
C1_08297.trc,7.468310532133376
C1_08298.trc,6.828642300370852
C1_08299.trc,13.75037547849945
C1_08300.trc,4.569770116638566
C1_08301.trc,63.291084941201895
C1_08302.trc,9.69489078724844
C1_08303.trc,6.447911034401396
C1_08304.trc,27.00261380354204
C1_08305.trc,13.709711191625232
C1_08306.trc,4.102925721246212
C1_08307.trc,50.845558905470035
C1_08308.trc,4.404121658845243
C1_08309.trc,4.192626581697462
C1_08310.trc,6.112229689308084
C1_08311.trc,23.629255436813466
C1_08312.trc,3.9470450187279464
C1_08313.trc,4.763125926978673
C1_08314.trc,8.609308053977625
C1_08315.trc,14.669712725034568
C1_08316.trc,9.389309144093316
C1_08317.trc,4.579338118897812
C1_08318.trc,4.098739685226062
C1_08319.trc,8.98824551406138
C1_08320.trc,10.92778223102167
C1_08321.trc,17.165395907348568
C1_08322.trc,27.72042165658883
C1_08323.trc,9.551568252419107
C1_08324.trc,6.8142903983504
C1_08325.trc,4.942726876166392
C1_08326.trc,4.170301386200901
C1_08327.trc,27.467464938175276
C1_08328.trc,5.824587881938589
C1_08329.trc,14.306921628770223
C1_08330.trc,32.43092417338928
C1_08331.trc,5.513823775120572
C1_08332.trc,8.227580694284914
C1_08333.trc,28.257631858514184
C1_08334.trc,3.5836562018308884
C1_08335.trc,4.057477272245482
C1_08336.trc,4.082792859759943
C1_08337.trc,19.812972984445892
C1_08338.trc,34.28753764359508
C1_08339.trc,14.872237532481511
C1_08340.trc,11.36512468088563
C1_08341.trc,12.198547310741327
C1_08342.trc,8.267048776649183
C1_08343.trc,33.835842421134885
C1_08344.trc,6.20531998270674
C1_08345.trc,12.300806625098208
C1_08346.trc,12.242201667639666
C1_08347.trc,5.478740324999796
C1_08348.trc,11.452035283957052
C1_08349.trc,23.79570065271358
C1_08350.trc,13.631372544792573
C1_08351.trc,9.307979854803152
C1_08352.trc,29.261685573330404
C1_08353.trc,6.670568703334609
C1_08354.trc,6.291631803758543
C1_08355.trc,15.503932566173484
C1_08356.trc,7.329174188358232
C1_08357.trc,15.317354345678758
C1_08358.trc,27.732979597689546
C1_08359.trc,10.435024288968231
C1_08360.trc,9.114624688450599
C1_08361.trc,5.221597904485556
C1_08362.trc,36.508935017647914
C1_08363.trc,4.108108447274397
C1_08364.trc,4.295882908056165
C1_08365.trc,4.862593994122989
C1_08366.trc,7.363460403344399
C1_08367.trc,5.723325376846708
C1_08368.trc,33.54919727992205
C1_08369.trc,9.952831385027245
C1_08370.trc,6.132561564417037
C1_08371.trc,5.718341879103729
C1_08372.trc,4.869371428934323
C1_08373.trc,18.013768803845004
C1_08374.trc,22.609254252543558
C1_08375.trc,15.39170642329039
C1_08376.trc,5.449239011533268
C1_08377.trc,7.409307452023894
C1_08378.trc,6.491365984129089
C1_08379.trc,20.332641055837197
C1_08380.trc,5.220601262180296
C1_08381.trc,4.5004012505532245
C1_08382.trc,30.61098859972211
C1_08383.trc,4.9674449815620525
C1_08384.trc,11.76220174169653
C1_08385.trc,4.820933208051858
C1_08386.trc,10.893496027961202
C1_08387.trc,3.7365470132104672
C1_08388.trc,28.96866220519546
C1_08389.trc,18.899217683753896
C1_08390.trc,24.80832590636923
C1_08391.trc,57.00662706108533
C1_08392.trc,8.72831169130054
C1_08393.trc,8.649374727550391
C1_08394.trc,10.14718382574692
C1_08395.trc,16.70871750913917
C1_08396.trc,4.122061880798744
C1_08397.trc,20.35994996373926
C1_08398.trc,11.272035246137062
C1_08399.trc,10.965855071401917
C1_08400.trc,42.36681367676267
C1_08401.trc,36.75670906966176
C1_08402.trc,20.764601622941935
C1_08403.trc,36.41126038669273
C1_08404.trc,14.45323378044725
C1_08405.trc,20.63543229850415
C1_08406.trc,6.713027511636259
C1_08407.trc,24.15849191593766
C1_08408.trc,22.26400475015696
C1_08409.trc,8.58877689095498
C1_08410.trc,18.376759343057074
C1_08411.trc,4.503988838473232
C1_08412.trc,15.446723101138575
C1_08413.trc,5.892960141495758
C1_08414.trc,8.241533579227255
C1_08415.trc,5.7867142579178505
C1_08416.trc,4.99435480083183
C1_08417.trc,27.308793119627094
C1_08418.trc,4.905251458276463
C1_08419.trc,5.066116087862755
C1_08420.trc,5.238740409731013
C1_08421.trc,6.461266508779116
C1_08422.trc,6.603392946429764
C1_08423.trc,7.025983940538866
C1_08424.trc,5.7135582297821195
C1_08425.trc,17.612306228289125
C1_08426.trc,9.228046356079002
C1_08427.trc,14.455227232017497
C1_08428.trc,6.866116847685002
C1_08429.trc,6.7604692810245846
C1_08430.trc,33.78820107761617
C1_08431.trc,6.449505862441497
C1_08432.trc,6.113225639922995
C1_08433.trc,16.87954841866969
C1_08434.trc,4.5171455019650875
C1_08435.trc,36.564150327496534
C1_08436.trc,10.694957908992247
C1_08437.trc,14.257287096046564
C1_08438.trc,6.877878412301184
C1_08439.trc,5.992030741902388
C1_08440.trc,14.585592224308929
C1_08441.trc,7.102130623057798
C1_08442.trc,30.010390923957697
C1_08443.trc,11.534958518785857
C1_08444.trc,39.438571705832004
C1_08445.trc,6.482396608855421
C1_08446.trc,10.890705365107724
C1_08447.trc,21.13217640430497
C1_08448.trc,37.54288936115116
C1_08449.trc,37.01963243771612
C1_08450.trc,3.3299019739917126
C1_08451.trc,19.486261944830495
C1_08452.trc,9.877282876317459
C1_08453.trc,4.610633500615339
C1_08454.trc,7.811766359816929
C1_08455.trc,11.641603669881478
C1_08456.trc,29.272449505808595
C1_08457.trc,40.55425402178404
C1_08458.trc,16.059081900268424
C1_08459.trc,6.616349320249511
C1_08460.trc,5.163790325269977
C1_08461.trc,4.943325002272756
C1_08462.trc,41.17079946514452
C1_08463.trc,12.764461877215272
C1_08464.trc,9.637282865643112
C1_08465.trc,27.977764152112666
C1_08466.trc,5.55269393411531
C1_08467.trc,5.720734276197909
C1_08468.trc,11.018280648601317
C1_08469.trc,5.466381838772504
C1_08470.trc,9.697083598286554
C1_08471.trc,8.280802743374405
C1_08472.trc,6.206117050881613
C1_08473.trc,46.54827961056307
C1_08474.trc,6.401465489918983
C1_08475.trc,8.876816928306674
C1_08476.trc,11.769776375865392
C1_08477.trc,6.335485687084473
C1_08478.trc,7.415287818660348
C1_08479.trc,4.382394768340476
C1_08480.trc,6.704655773515435
C1_08481.trc,11.369509360831907
C1_08482.trc,38.57245836879489
C1_08483.trc,5.694222758464507
C1_08484.trc,9.582066828327061
C1_08485.trc,8.877414553533825
C1_08486.trc,8.819009671084874
C1_08487.trc,4.357477315402655
C1_08488.trc,5.4476439926820435
C1_08489.trc,11.845524172488863
C1_08490.trc,24.983741391970185
C1_08491.trc,9.817482561073362
C1_08492.trc,17.563668791047157
C1_08493.trc,16.736226181982744
C1_08494.trc,24.97198073370687
C1_08495.trc,4.980202174799362
C1_08496.trc,5.432494533533191
C1_08497.trc,8.8295748046029
C1_08498.trc,6.822263823009151
C1_08499.trc,13.166122846257661
C1_08500.trc,5.555086605500499
C1_08501.trc,6.128375361437151
C1_08502.trc,38.35996637505085
C1_08503.trc,5.995020859629298
C1_08504.trc,12.640076249801876
C1_08505.trc,6.042462163915497
C1_08506.trc,33.62913141070806
C1_08507.trc,33.382552609148505
C1_08508.trc,12.722600992283168
C1_08509.trc,29.763213996291782
C1_08510.trc,39.931927463923714
C1_08511.trc,40.977643157380626
C1_08512.trc,8.33861026296151
C1_08513.trc,8.94160107521323
C1_08514.trc,5.084055661283079
C1_08515.trc,12.42280030859385
C1_08516.trc,5.257079524960061
C1_08517.trc,5.3194717040974675
C1_08518.trc,5.445451921037053
C1_08519.trc,4.7360157584083025
C1_08520.trc,10.069841201083346
C1_08521.trc,4.950500905580197
C1_08522.trc,5.257278955982091
C1_08523.trc,4.513557067320693
C1_08524.trc,3.6169453690381426
C1_08525.trc,4.816148700080179
C1_08526.trc,5.660535170463923
C1_08527.trc,6.740137322435764
C1_08528.trc,7.9433275089155195
C1_08529.trc,5.393026343837658
C1_08530.trc,6.659605530645516
C1_08531.trc,5.346780421188398
C1_08532.trc,6.291631946866888
C1_08533.trc,25.760353609646163
C1_08534.trc,4.697942822622485
C1_08535.trc,5.3710997718712505
C1_08536.trc,6.657213741761796
C1_08537.trc,10.929775622963446
C1_08538.trc,10.803396114654749
C1_08539.trc,5.31727882150518
C1_08540.trc,35.23398263778438
C1_08541.trc,3.8174771423141776
C1_08542.trc,9.612963467257476
C1_08543.trc,52.32861686990548
C1_08544.trc,18.917556357732206
C1_08545.trc,4.996946390434143
C1_08546.trc,5.1899031836961385
C1_08547.trc,17.753835136118198
C1_08548.trc,6.299804253965679
C1_08549.trc,11.33482577451362
C1_08550.trc,13.317020206066989
C1_08551.trc,4.934753821204195
C1_08552.trc,4.0275771205862805
C1_08553.trc,3.6607994073981223
C1_08554.trc,4.201397372673483
C1_08555.trc,5.927445119665007
C1_08556.trc,9.537215873370828
C1_08557.trc,6.8023302494365705
C1_08558.trc,6.295817696670346
C1_08559.trc,38.84056435554618
C1_08560.trc,26.416167954788502
C1_08561.trc,22.512974768166842
C1_08562.trc,20.445464967055795
C1_08563.trc,9.00578700060786
C1_08564.trc,38.86946847311059
C1_08565.trc,19.037556172258256
C1_08566.trc,9.249774403376234
C1_08567.trc,24.01297652236744
C1_08568.trc,10.874758336904778
C1_08569.trc,4.981996266901758
C1_08570.trc,9.027913814543595
C1_08571.trc,23.289985752481318
C1_08572.trc,15.816291763396908
C1_08573.trc,5.078075867080015
C1_08574.trc,6.730568843148693
C1_08575.trc,8.92166690535587
C1_08576.trc,5.280800594502509
C1_08577.trc,5.325651096282305
C1_08578.trc,6.069173148448019
C1_08579.trc,5.167178994972863
C1_08580.trc,5.74585032535908
C1_08581.trc,5.9748875091895055
C1_08582.trc,28.402947355960247
C1_08583.trc,29.28560587115806
C1_08584.trc,18.104466461635546
C1_08585.trc,4.79222884350326
C1_08586.trc,4.842859601132835
C1_08587.trc,5.664322225183053
C1_08588.trc,4.132427475963471
C1_08589.trc,5.287378240520939
C1_08590.trc,5.363723805479908
C1_08591.trc,7.140602742881461
C1_08592.trc,32.76182136828179
C1_08593.trc,27.089125461089534
C1_08594.trc,5.00850737916151
C1_08595.trc,13.6554919039457
C1_08596.trc,6.628908358514216
C1_08597.trc,8.3045239440995
C1_08598.trc,17.93722330698478
C1_08599.trc,8.113759222482493
C1_08600.trc,28.577764870488878
C1_08601.trc,6.9418653479245185
C1_08602.trc,17.676891456978566
C1_08603.trc,6.025916902274935
C1_08604.trc,5.89894015036135
C1_08605.trc,5.1283086332413035
C1_08606.trc,45.39691557527553
C1_08607.trc,8.806052188175448
C1_08608.trc,16.328185686117443
C1_08609.trc,14.729912057356776
C1_08610.trc,43.91983878842384
C1_08611.trc,3.572294226726206
C1_08612.trc,13.631372258575878
C1_08613.trc,20.50147870460859
C1_08614.trc,10.529110664164445
C1_08615.trc,32.26547583830834
C1_08616.trc,29.127133901031257
C1_08617.trc,8.388045555474266
C1_08618.trc,10.764127165170123
C1_08619.trc,6.388509306910368
C1_08620.trc,6.737745104227008
C1_08621.trc,5.2096373500980775
C1_08622.trc,6.589040460050228
C1_08623.trc,7.011632837540012
C1_08624.trc,6.426582481210096
C1_08625.trc,5.928441761970263
C1_08626.trc,15.849182247445524
C1_08627.trc,4.524520788591785
C1_08628.trc,23.260085934741603
C1_08629.trc,12.891040148707054
C1_08630.trc,19.29669332039217
C1_08631.trc,4.735617242209409
C1_08632.trc,8.566849841960753
C1_08633.trc,6.000003343688151
C1_08634.trc,10.077415727920945
C1_08635.trc,25.728260134143945
C1_08636.trc,3.273091478332126
C1_08637.trc,4.625583624147721
C1_08638.trc,5.41415618154866
C1_08639.trc,5.713956567095584
C1_08640.trc,5.984256378569107
C1_08641.trc,6.269903839941176
C1_08642.trc,7.1332269076727695
C1_08643.trc,14.464795079242705
C1_08644.trc,21.759685068057326
C1_08645.trc,4.68777665847979
C1_08646.trc,11.609510397116075
C1_08647.trc,7.2350871691744505
C1_08648.trc,22.376829078774904
C1_08649.trc,25.235303393130334
C1_08650.trc,8.292364101798341
C1_08651.trc,9.734558300634749
C1_08652.trc,5.500069522178659
C1_08653.trc,42.9989073459105
C1_08654.trc,24.97138313233112
C1_08655.trc,11.923264895951988
C1_08656.trc,4.397145198485528
C1_08657.trc,8.75143488517623
C1_08658.trc,21.479818172603114
C1_08659.trc,9.929907300179808
C1_08660.trc,10.467116846191892
C1_08661.trc,4.326580032484678
C1_08662.trc,5.116547867646723
C1_08663.trc,12.450307753090776
C1_08664.trc,8.847913526283994
C1_08665.trc,24.79576797719421
C1_08666.trc,18.90380284418342
C1_08667.trc,4.306846223853606
C1_08668.trc,8.587380993057703
C1_08669.trc,5.212029496752662
C1_08670.trc,5.178939891750089
C1_08671.trc,5.606116344431095
C1_08672.trc,4.729637245269513
C1_08673.trc,7.558808735050503
C1_08674.trc,5.215218914318946
C1_08675.trc,10.3708380892826
C1_08676.trc,6.176415853216621
C1_08677.trc,45.896650478567906
C1_08678.trc,19.675431456785166
C1_08679.trc,6.947247230683746
C1_08680.trc,4.791431357929038
C1_08681.trc,25.060086945003462
C1_08682.trc,19.404334756022187
C1_08683.trc,14.560675928163576
C1_08684.trc,4.887511101215644
C1_08685.trc,4.059470318342085
C1_08686.trc,10.381402626515843
C1_08687.trc,20.86347161168267
C1_08688.trc,38.88621240252867
C1_08689.trc,6.746515644763422
C1_08690.trc,4.514952822109625
C1_08691.trc,21.82666168015682
C1_08692.trc,10.56977491526158
C1_08693.trc,7.695951996951951
C1_08694.trc,4.574753566678762
C1_08695.trc,5.97269426882635
C1_08696.trc,28.716103716764103
C1_08697.trc,4.959870061176492
C1_08698.trc,5.459803536840816
C1_08699.trc,11.251702071127285
C1_08700.trc,31.32660413068431
C1_08701.trc,5.186714374340329
C1_08702.trc,26.182546540732794
C1_08703.trc,9.121202000549559
C1_08704.trc,24.622146667175524
C1_08705.trc,5.466780402674184
C1_08706.trc,14.614695808672467
C1_08707.trc,12.764461352484668
C1_08708.trc,37.22295477844006
C1_08709.trc,22.183074621053247
C1_08710.trc,26.20686536668505
C1_08711.trc,8.265852488659368
C1_08712.trc,48.220705623548035
C1_08713.trc,10.62718335814209
C1_08714.trc,24.917163427252234
C1_08715.trc,10.24685171746122
C1_08716.trc,4.234287999830458
C1_08717.trc,4.320998826034678
C1_08718.trc,9.807315502503496
C1_08719.trc,6.090103233143211
C1_08720.trc,4.474088448300121
C1_08721.trc,5.707378611009065
C1_08722.trc,33.26972861445003
C1_08723.trc,14.633632572980051
C1_08724.trc,5.2566807344701685
C1_08725.trc,5.697013528649249
C1_08726.trc,4.217543748418594
C1_08727.trc,7.123260174552108
C1_08728.trc,7.896682497633978
C1_08729.trc,10.052897852568925
C1_08730.trc,30.797965276787252
C1_08731.trc,31.46294976390319
C1_08732.trc,5.694621429697448
C1_08733.trc,9.782399504500537
C1_08734.trc,4.502393962730354
C1_08735.trc,5.348175758577989
C1_08736.trc,10.798213495957818
C1_08737.trc,13.50957832809605
C1_08738.trc,6.648044029113234
C1_08739.trc,7.061665361731966
C1_08740.trc,4.431430829112603
C1_08741.trc,33.66660616075903
C1_08742.trc,5.235551063718899
C1_08743.trc,4.785251333682334
C1_08744.trc,29.99484216151404
C1_08745.trc,38.52920221802736
C1_08746.trc,23.596364988541932
C1_08747.trc,5.726515021001207
C1_08748.trc,6.55814379726842
C1_08749.trc,10.70532340875141
C1_08750.trc,19.113902273873528
C1_08751.trc,5.9408005940427255
C1_08752.trc,4.775883000959032
C1_08753.trc,8.413959805751395
C1_08754.trc,5.994422423454845
C1_08755.trc,4.8966806707558606
C1_08756.trc,5.727112586599878
C1_08757.trc,16.743202713896636
C1_08758.trc,29.545738504804763
C1_08759.trc,8.337613716061812
C1_08760.trc,12.459079044946012
C1_08761.trc,5.210235583535703
C1_08762.trc,20.47476750541354
C1_08763.trc,9.035887346533613
C1_08764.trc,16.060278414846458
C1_08765.trc,18.225264024101122
C1_08766.trc,6.869904355580564
C1_08767.trc,27.76088708487441
C1_08768.trc,38.20767342741233
C1_08769.trc,39.654851004734766
C1_08770.trc,31.25883010456476
C1_08771.trc,36.24042975145323
C1_08772.trc,14.543333252502963
C1_08773.trc,24.960219825003943
C1_08774.trc,6.1833929337125015
C1_08775.trc,53.285427304225465
C1_08776.trc,4.920600467704302
C1_08777.trc,3.9191381039764766
C1_08778.trc,19.481079159173834
C1_08779.trc,9.03588722727666
C1_08780.trc,4.879736642476791
C1_08781.trc,10.648114003344974
C1_08782.trc,16.86001349247865
C1_08783.trc,5.065118956603972
C1_08784.trc,30.195971941639478
C1_08785.trc,32.98109144082471
C1_08786.trc,6.930901233105477
C1_08787.trc,4.700334563803414
C1_08788.trc,4.613623332125548
C1_08789.trc,6.081731089548736
C1_08790.trc,34.844879896059396
C1_08791.trc,14.596357122768458
C1_08792.trc,10.830904775572625
C1_08793.trc,15.197354399970061
C1_08794.trc,14.970310655784195
C1_08795.trc,13.301073523709219
C1_08796.trc,37.10614463191992
C1_08797.trc,11.240340716158768
C1_08798.trc,6.774821266524912
C1_08799.trc,6.21528620302249
C1_08800.trc,21.79775870745918
C1_08801.trc,4.352493710328413
C1_08802.trc,4.545251740407327
C1_08803.trc,8.080869346644345
C1_08804.trc,3.8079090804264575
C1_08805.trc,4.68239427484135
C1_08806.trc,17.03084449741473
C1_08807.trc,4.9084411739851355
C1_08808.trc,7.42545346999813
C1_08809.trc,7.665852247310984
C1_08810.trc,33.50972934066611
C1_08811.trc,7.459739446470378
C1_08812.trc,13.763133232244453
C1_08813.trc,17.21263799527526
C1_08814.trc,22.598489521043767
C1_08815.trc,4.612427700048997
C1_08816.trc,6.4395387119214895
C1_08817.trc,21.8896527724965
C1_08818.trc,5.8156176360891445
C1_08819.trc,4.00285918215036
C1_08820.trc,10.130040402222903
C1_08821.trc,23.782743336763893
C1_08822.trc,7.059472729579286
C1_08823.trc,16.194431427838353
C1_08824.trc,7.089772196458987
C1_08825.trc,8.493095162988055
C1_08826.trc,35.65398347337463
C1_08827.trc,4.539072288594016
C1_08828.trc,9.395688038854361
C1_08829.trc,27.962215890548226
C1_08830.trc,39.201362715782
C1_08831.trc,8.669905878647338
C1_08832.trc,38.30714194773309
C1_08833.trc,5.054155461921097
C1_08834.trc,3.727576695806845
C1_08835.trc,3.6299020767773627
C1_08836.trc,4.3485071411073815
C1_08837.trc,26.86945732552414
C1_08838.trc,21.313771616010236
C1_08839.trc,10.106917756929207
C1_08840.trc,12.14093956802144
C1_08841.trc,4.064454173855932
C1_08842.trc,24.423010243214772
C1_08843.trc,17.49310382778313
C1_08844.trc,17.427921140826292
C1_08845.trc,7.655287197272825
C1_08846.trc,7.354290690695831
C1_08847.trc,5.4960827621465
C1_08848.trc,39.18940206598895
C1_08849.trc,24.802345885577946
C1_08850.trc,11.903331155419673
C1_08851.trc,9.446318689152672
C1_08852.trc,5.996016690987252
C1_08853.trc,22.594104757617618
C1_08854.trc,27.573511211845705
C1_08855.trc,4.448174794307777
C1_08856.trc,31.90128908266062
C1_08857.trc,5.211630670485682
C1_08858.trc,17.533967843821774
C1_08859.trc,36.44993117429392
C1_08860.trc,3.5625266384108794
C1_08861.trc,16.517952775596463
C1_08862.trc,8.70897588606345
C1_08863.trc,7.926184657824893
C1_08864.trc,38.28242422395968
C1_08865.trc,20.012308314698075
C1_08866.trc,24.834837674542243
C1_08867.trc,4.77329151868798
C1_08868.trc,12.51050780095472
C1_08869.trc,30.56055732081735
C1_08870.trc,7.706915455857744
C1_08871.trc,12.189776257400004
C1_08872.trc,4.717078839066671
C1_08873.trc,12.38213541350916
C1_08874.trc,10.559010970857695
C1_08875.trc,4.6325609908603065
C1_08876.trc,15.173633211170657
C1_08877.trc,5.053756635654116
C1_08878.trc,8.868245413318643
C1_08879.trc,5.113956194564543
C1_08880.trc,34.4607601034954
C1_08881.trc,10.840074476295495
C1_08882.trc,31.517967336178547
C1_08883.trc,20.369119044325963
C1_08884.trc,26.4020151379449
C1_08885.trc,4.246048514985429
C1_08886.trc,34.459364348706465
C1_08887.trc,10.788247204087892
C1_08888.trc,14.568250455001175
C1_08889.trc,4.279536922403588
C1_08890.trc,6.7273797237248
C1_08891.trc,8.188709581234525
C1_08892.trc,6.755486546526123
C1_08893.trc,9.307980439162229
C1_08894.trc,7.676416915726875
C1_08895.trc,22.67503542337764
C1_08896.trc,25.354905049228353
C1_08897.trc,33.790393673991765
C1_08898.trc,26.10580237609507
C1_08899.trc,7.4487757132736006
C1_08900.trc,4.302261301937994
C1_08901.trc,4.768308128276258
C1_08902.trc,6.376947113687742
C1_08903.trc,11.319675731005692
C1_08904.trc,12.613563706458656
C1_08905.trc,14.84612431628448
C1_08906.trc,4.9907664615929965
C1_08907.trc,4.590700153630971
C1_08908.trc,6.54438953240081
C1_08909.trc,6.996682105797159
C1_08910.trc,10.696552534295513
C1_08911.trc,5.091430900206998
C1_08912.trc,32.66813411749494
C1_08913.trc,4.004453735899459
C1_08914.trc,18.905397302526946
C1_08915.trc,6.6063827540885836
C1_08916.trc,6.255352041796563
C1_08917.trc,4.35966991177825
C1_08918.trc,5.975485277525001
C1_08919.trc,5.09402308609409
C1_08920.trc,18.59921727090016
C1_08921.trc,21.671778252005684
C1_08922.trc,11.936818942701663
C1_08923.trc,17.658153575111008
C1_08924.trc,40.494453312992
C1_08925.trc,38.02029837725664
C1_08926.trc,40.64395492993809
C1_08927.trc,4.6239891777298805
C1_08928.trc,4.3923609290277525
C1_08929.trc,17.305129947905037
C1_08930.trc,5.139870194402061
C1_08931.trc,4.096546814559468
C1_08932.trc,7.374822104158085
C1_08933.trc,36.24880101254622
C1_08934.trc,6.40186412537483
C1_08935.trc,6.459472345122551
C1_08936.trc,16.85961480932002
C1_08937.trc,6.997279921835435
C1_08938.trc,4.988972524524647
C1_08939.trc,38.53318883495118
C1_08940.trc,7.280735395042383
C1_08941.trc,19.10293871956217
C1_08942.trc,33.451522970960646
C1_08943.trc,5.126315157819654
C1_08944.trc,6.82146558611611
C1_08945.trc,5.0812654873831224
C1_08946.trc,8.303925806067449
C1_08947.trc,21.643671918157875
C1_08948.trc,14.73609075785127
C1_08949.trc,4.12963647919052
C1_08950.trc,4.789038948909153
C1_08951.trc,5.277810262113086
C1_08952.trc,5.464787034583797
C1_08953.trc,5.543524853528609
C1_08954.trc,9.736950494992112
C1_08955.trc,4.1501680953895965
C1_08956.trc,12.552169302567583
C1_08957.trc,6.41561812787714
C1_08958.trc,10.20937585832056
C1_08959.trc,10.51754912685508
C1_08960.trc,5.329238791533577
C1_08961.trc,10.876751883880598
C1_08962.trc,32.759429436289714
C1_08963.trc,5.617478283758691
C1_08964.trc,11.402998448014719
C1_08965.trc,11.945191300958658
C1_08966.trc,10.38359544947965
C1_08967.trc,7.049306887430376
C1_08968.trc,4.365450561175977
C1_08969.trc,6.429970351891376
C1_08970.trc,14.02466202615374
C1_08971.trc,8.472762846628363
C1_08972.trc,25.938958405482143
C1_08973.trc,5.8792060555135786
C1_08974.trc,30.44574000573128
C1_08975.trc,12.13057353160597
C1_08976.trc,4.010832523329242
C1_08977.trc,8.087447028439863
C1_08978.trc,23.417959409065467
C1_08979.trc,4.8607997231351625
C1_08980.trc,28.322615102523294
C1_08981.trc,8.101002732861222
C1_08982.trc,3.1146195201310256
C1_08983.trc,4.867776505488662
C1_08984.trc,5.171165623822368
C1_08985.trc,9.901601976560706
C1_08986.trc,11.79887953090389
C1_08987.trc,4.335550337962605
C1_08988.trc,11.543729118950743
C1_08989.trc,5.24472076444177
C1_08990.trc,31.691189712598998
C1_08991.trc,7.085187489205897
C1_08992.trc,11.48293172015065
C1_08993.trc,26.55291260508548
C1_08994.trc,35.459033550536155
C1_08995.trc,15.964996169059768
C1_08996.trc,4.877544296540805
C1_08997.trc,5.9160834427027105
C1_08998.trc,36.95664219210083
C1_08999.trc,5.083856683437484
C1_09000.trc,4.2316965771878845
C1_09001.trc,7.2219317221035455
C1_09002.trc,11.143662644028977
C1_09003.trc,5.661730516323784
C1_09004.trc,4.529902528242662
C1_09005.trc,25.27078481086801
C1_09006.trc,12.692302288647983
C1_09007.trc,18.08014713480409
C1_09008.trc,9.649442433653277
C1_09009.trc,4.061065313341917
C1_09010.trc,28.59191750844704
C1_09011.trc,4.75614848871192
C1_09012.trc,4.240865765105843
C1_09013.trc,8.74884337905379
C1_09014.trc,10.15116990601443
C1_09015.trc,31.842086440346463
C1_09016.trc,24.368192948685834
C1_09017.trc,4.387377657872985
C1_09018.trc,6.521066979057261
C1_09019.trc,14.062137491746457
C1_09020.trc,7.758942147161682
C1_09021.trc,9.935289648041167
C1_09022.trc,6.697877980933232
C1_09023.trc,4.4892385514365305
C1_09024.trc,25.19364205847721
C1_09025.trc,18.428586591413282
C1_09026.trc,14.30253631676208
C1_09027.trc,19.38619494063252
C1_09028.trc,31.240690623094576
C1_09029.trc,8.54731498732389
C1_09030.trc,3.7449187155542063
C1_09031.trc,22.324603075705888
C1_09032.trc,34.666474757833676
C1_09033.trc,8.732298546738265
C1_09034.trc,44.832197451825444
C1_09035.trc,37.1701308758529
C1_09036.trc,4.217543915378331
C1_09037.trc,3.582659666856891
C1_09038.trc,12.083929677116899
C1_09039.trc,4.106314605611617
C1_09040.trc,12.829444954264655
C1_09041.trc,4.676613732774883
C1_09042.trc,5.663724588030205
C1_09043.trc,39.2328574092646
C1_09044.trc,38.94601355257146
C1_09045.trc,5.294554573153423
C1_09046.trc,7.629971788643803
C1_09047.trc,10.832300196442082
C1_09048.trc,8.895355546111926
C1_09049.trc,8.902331577146605
C1_09050.trc,4.380400911296572
C1_09051.trc,7.317812237104941
C1_09052.trc,6.894024573383773
C1_09053.trc,5.35156477412604
C1_09054.trc,7.429040974438268
C1_09055.trc,12.4489129404318
C1_09056.trc,9.112630724075439
C1_09057.trc,6.467445686301437
C1_09058.trc,9.202331823040605
C1_09059.trc,5.4269133032317995
C1_09060.trc,4.859006096134898
C1_09061.trc,23.198092510316997
C1_09062.trc,5.5461159899544885
C1_09063.trc,7.691166964249663
C1_09064.trc,13.421272614223252
C1_09065.trc,6.671764824364679
C1_09066.trc,4.87275987204899
C1_09067.trc,4.160334247606593
C1_09068.trc,5.716149712053175
C1_09069.trc,8.031234503852597
C1_09070.trc,4.594886428165034
C1_09071.trc,4.658474060493564
C1_09072.trc,4.831098585098653
C1_09073.trc,25.869589467842633
C1_09074.trc,36.6315260759311
C1_09075.trc,8.265852429030893
C1_09076.trc,8.290968990996967
C1_09077.trc,15.768848861067493
C1_09078.trc,14.539545351059449
C1_09079.trc,5.447245357226188
C1_09080.trc,26.706401149023474
C1_09081.trc,5.725517961296605
C1_09082.trc,13.911239571429435
C1_09083.trc,9.515289277553038
C1_09084.trc,4.339138319430562
C1_09085.trc,5.60830888117821
C1_09086.trc,6.8716988412309075
C1_09087.trc,39.76747554455982
C1_09088.trc,28.507996879994167
C1_09089.trc,6.4514988131325355
C1_09090.trc,50.838980973234904
C1_09091.trc,114.47172476399966
C1_09092.trc,6.292428454534074
C1_09093.trc,13.29688745191198
C1_09094.trc,4.759139202723596
C1_09095.trc,23.043009066784734
C1_09096.trc,16.55881730444002
C1_09097.trc,23.948990087623322
C1_09098.trc,30.240224591603912
C1_09099.trc,31.880159984342754
C1_09100.trc,11.7279154432305
C1_09101.trc,6.487379558016406
C1_09102.trc,6.631299837329848
C1_09103.trc,5.276415330197149
C1_09104.trc,15.62811832131412
C1_09105.trc,7.597081042229875
C1_09106.trc,6.549571793326869
C1_09107.trc,9.355222515163227
C1_09108.trc,40.55405364863206
C1_09109.trc,5.204853462262566
C1_09110.trc,19.830115370434395
C1_09111.trc,37.7228892916399
C1_09112.trc,4.676215323907247
C1_09113.trc,4.646912606664066
C1_09114.trc,21.810117277166338
C1_09115.trc,41.62827396554747
C1_09116.trc,12.830242797609747
C1_09117.trc,36.052056961828264
C1_09118.trc,30.829859965255014
C1_09119.trc,52.68941309544181
C1_09120.trc,50.956787392363765
C1_09121.trc,26.578826068266697
C1_09122.trc,54.46130940567615
C1_09123.trc,21.60101406045645
C1_09124.trc,47.13532265521874
C1_09125.trc,5.786116274919838
C1_09126.trc,9.023328439451554
C1_09127.trc,37.47531456331683
C1_09128.trc,24.35782712693289
C1_09129.trc,14.975094603248188
C1_09130.trc,3.7335568954835643
C1_09131.trc,27.697896433785463
C1_09132.trc,7.305453476586651
C1_09133.trc,5.121131966689335
C1_09134.trc,10.557814861753313
C1_09135.trc,35.583419058692606
C1_09136.trc,5.7103684902220575
C1_09137.trc,28.562016700874583
C1_09138.trc,5.133092568779597
C1_09139.trc,3.8214636399810358
C1_09140.trc,7.869972145163324
C1_09141.trc,5.68604966426981
C1_09142.trc,7.7904373415235035
C1_09143.trc,15.503533382135645
C1_09144.trc,12.387716643810549
C1_09145.trc,18.193768567374
C1_09146.trc,37.06547982031508
C1_09147.trc,7.137811650702948
C1_09148.trc,4.5791388548355165
C1_09149.trc,5.12133171970515
C1_09150.trc,5.551298405914596
C1_09151.trc,7.68937365924318
C1_09152.trc,15.326124933917951
C1_09153.trc,4.947510823630386
C1_09154.trc,7.740204563436523
C1_09155.trc,32.817237027431
C1_09156.trc,33.24022788534259
C1_09157.trc,41.04442025497823
C1_09158.trc,4.781863033676011
C1_09159.trc,4.799603605399351
C1_09160.trc,7.228509892852584
C1_09161.trc,4.124852436320966
C1_09162.trc,3.9308992988960934
C1_09163.trc,37.703752559653985
C1_09164.trc,5.473757125399202
C1_09165.trc,24.365800730477087
C1_09166.trc,6.174422628234586
C1_09167.trc,40.35451966252807
C1_09168.trc,6.905984710371909
C1_09169.trc,5.763790518915583
C1_09170.trc,41.11418764918815
C1_09171.trc,5.918076560353489
C1_09172.trc,5.7930929857191575
C1_09173.trc,3.8920288417589646
C1_09174.trc,8.173760030135533
C1_09175.trc,16.203002477724255
C1_09176.trc,9.175222012241097
C1_09177.trc,6.204920691337629
C1_09178.trc,69.42185402348545
C1_09179.trc,8.386251797291353
C1_09180.trc,4.976813004217266
C1_09181.trc,14.56844961173221
C1_09182.trc,7.568576538028338
C1_09183.trc,5.159205415280058
C1_09184.trc,20.30294006090903
C1_09185.trc,6.476615136584698
C1_09186.trc,9.593628115196823
C1_09187.trc,30.405075003315325
C1_09188.trc,36.11464883435303
C1_09189.trc,9.347249376721162
C1_09190.trc,10.02140253895015
C1_09191.trc,4.543457350162548
C1_09192.trc,4.807378195320851
C1_09193.trc,4.258806221027648
C1_09194.trc,6.784190267087165
C1_09195.trc,4.016214632676686
C1_09196.trc,7.4282438227835215
C1_09197.trc,4.396347820242563
C1_09198.trc,6.933891183872635
C1_09199.trc,5.47953801331084
C1_09200.trc,16.617621048933028
C1_09201.trc,26.7825470205951
C1_09202.trc,6.326515667823251
C1_09203.trc,10.251834976690297
C1_09204.trc,58.586561944313516
C1_09205.trc,23.52460403543049
C1_09206.trc,31.88952836476884
C1_09207.trc,5.229571197961658
C1_09208.trc,26.719158592700385
C1_09209.trc,6.240004046052842
C1_09210.trc,40.35192820410841
C1_09211.trc,23.034836103772694
C1_09212.trc,7.828908638474173
C1_09213.trc,28.33178464821212
C1_09214.trc,4.351895906215831
C1_09215.trc,29.302947878979726
C1_09216.trc,9.498744194797899
C1_09217.trc,21.638887505591757
C1_09218.trc,30.71583968256673
C1_09219.trc,38.25013202105146
C1_09220.trc,22.951911950665338
C1_09221.trc,9.86791381612673
C1_09222.trc,10.734028059516705
C1_09223.trc,10.944127751572115
C1_09224.trc,4.018606755479877
C1_09225.trc,40.77511759861486
C1_09226.trc,9.8930303900185
C1_09227.trc,5.688043032360196
C1_09228.trc,5.455418284461151
C1_09229.trc,11.178745485939281
C1_09230.trc,28.347133156760755
C1_09231.trc,14.90373269106625
C1_09232.trc,7.825918938146616
C1_09233.trc,28.12128552167926
C1_09234.trc,23.40181356997666
C1_09235.trc,8.950570617446637
C1_09236.trc,15.142138183768576
C1_09237.trc,11.365324433901446
C1_09238.trc,9.408445410977112
C1_09239.trc,3.8290384649610245
C1_09240.trc,5.574222717350249
C1_09241.trc,7.6794069022711255
C1_09242.trc,26.067131314202886
C1_09243.trc,30.778830023587584
C1_09244.trc,37.34295553509606
C1_09245.trc,33.834247974717044
C1_09246.trc,9.184391593707018
C1_09247.trc,4.560600356287216
C1_09248.trc,15.411640116119925
C1_09249.trc,5.763790781280887
C1_09250.trc,8.893959528957694
C1_09251.trc,37.416111634785956
C1_09252.trc,7.67741354610644
C1_09253.trc,5.097212265146461
C1_09254.trc,37.68421729954347
C1_09255.trc,10.718878528813688
C1_09256.trc,15.929912361168123
C1_09257.trc,31.101355408805084
C1_09258.trc,22.872377635979042
C1_09259.trc,6.013757620481458
C1_09260.trc,16.80240511769689
C1_09261.trc,3.580068291917097
C1_09262.trc,3.9155502417654713
C1_09263.trc,17.871442982875095
C1_09264.trc,8.142264668813974
C1_09265.trc,8.576019328021108
C1_09266.trc,15.327918859060604
C1_09267.trc,4.849637250606686
C1_09268.trc,6.588841506056018
C1_09269.trc,3.4969452802211065
C1_09270.trc,5.824388641727687
C1_09271.trc,33.56833405961075
C1_09272.trc,28.858428846043665
C1_09273.trc,5.540932965783908
C1_09274.trc,40.17232694485261
C1_09275.trc,4.792029436332618
C1_09276.trc,40.65471910093018
C1_09277.trc,30.4860052397503
C1_09278.trc,12.919943848872125
C1_09279.trc,6.809306423579592
C1_09280.trc,4.834886009514342
C1_09281.trc,4.16591581182746
C1_09282.trc,11.386054622472473
C1_09283.trc,3.5503672731375406
C1_09284.trc,59.55892095026602
C1_09285.trc,9.554358915272585
C1_09286.trc,5.246115624803533
C1_09287.trc,31.425076449950538
C1_09288.trc,9.794757919173652
C1_09289.trc,37.18647695691105
C1_09290.trc,53.43811876806286
C1_09291.trc,26.492713022323663
C1_09292.trc,5.983060329093204
C1_09293.trc,5.7805349015101
C1_09294.trc,5.4173452174926835
C1_09295.trc,19.287922803707144
C1_09296.trc,4.315417810395811
C1_09297.trc,9.163860549941324
C1_09298.trc,17.91729035354837
C1_09299.trc,36.661825399702444
C1_09300.trc,3.8988061096105664
C1_09301.trc,14.66791847789813
C1_09302.trc,6.335086646154973
C1_09303.trc,7.526316946086209
C1_09304.trc,21.622941753438237
C1_09305.trc,20.89117957243993
C1_09306.trc,14.867453740051555
C1_09307.trc,14.145459278551224
C1_09308.trc,7.077413018541353
C1_09309.trc,9.100670563235914
C1_09310.trc,13.6090468364911
C1_09311.trc,21.115033600917126
C1_09312.trc,26.176167657897455
C1_09313.trc,10.675024311568269
C1_09314.trc,28.577564747776503
C1_09315.trc,10.651502768453424
C1_09316.trc,10.142598868054222
C1_09317.trc,39.8043527528635
C1_09318.trc,4.307842651496342
C1_09319.trc,6.134156392457138
C1_09320.trc,4.97282663773306
C1_09321.trc,4.3162147235366435
C1_09322.trc,24.647262835593647
C1_09323.trc,9.798943883639629
C1_09324.trc,26.136898565304477
C1_09325.trc,7.873360182804336
C1_09326.trc,40.42548301080833
C1_09327.trc,7.107313361011682
C1_09328.trc,25.077429155561948
C1_09329.trc,13.279146582046254
C1_09330.trc,35.265677644790486
C1_09331.trc,4.493026035480709
C1_09332.trc,6.360801036085024
C1_09333.trc,30.208330845266115
C1_09334.trc,54.97120981719795
C1_09335.trc,5.951764506124945
C1_09336.trc,19.576161842755837
C1_09337.trc,4.326380935382121
C1_09338.trc,14.109977467265594
C1_09339.trc,4.51136442324232
C1_09340.trc,7.32538700245645
C1_09341.trc,26.537364105007132
C1_09342.trc,6.587446085186567
C1_09343.trc,10.623795201244116
C1_09344.trc,16.672039839188766
C1_09345.trc,26.544540044091665
C1_09346.trc,17.519017243261565
C1_09347.trc,22.223738836373286
C1_09348.trc,18.022937800951826
C1_09349.trc,5.514621022180889
C1_09350.trc,11.335024895467573
C1_09351.trc,7.862795836382227
C1_09352.trc,17.26586105804888
C1_09353.trc,52.56981242917651
C1_09354.trc,4.38199570355959
C1_09355.trc,5.8235917166611575
C1_09356.trc,4.4417963765745565
C1_09357.trc,12.7491124265367
C1_09358.trc,4.274154848833231
C1_09359.trc,8.945786646131255
C1_09360.trc,7.208177218722019
C1_09361.trc,4.575750161281242
C1_09362.trc,8.944790421225342
C1_09363.trc,36.335113561065455
C1_09364.trc,5.697611106173614
C1_09365.trc,23.085068178243628
C1_09366.trc,16.17908258537025
C1_09367.trc,18.463469453719554
C1_09368.trc,3.6831247817801107
C1_09369.trc,4.654687005774435
C1_09370.trc,8.505254695221138
C1_09371.trc,12.542202259378836
C1_09372.trc,23.65138170216721
C1_09373.trc,24.07477093316935
C1_09374.trc,9.793561762366487
C1_09375.trc,5.691232545332045
C1_09376.trc,6.171033493429574
C1_09377.trc,38.5449502683847
C1_09378.trc,8.135088920540571
C1_09379.trc,41.772194602631764
C1_09380.trc,7.220735696479037
C1_09381.trc,33.91378293339091
C1_09382.trc,35.304946808937636
C1_09383.trc,13.940541907050356
C1_09384.trc,35.56707329962825
C1_09385.trc,26.47377632957026
C1_09386.trc,11.76818165515656
C1_09387.trc,8.279806327657365
C1_09388.trc,24.39629919905377
C1_09389.trc,7.560204227474133
C1_09390.trc,34.77830182401018
C1_09391.trc,9.625322561695238
C1_09392.trc,38.698438371071944
C1_09393.trc,8.812231532657506
C1_09394.trc,7.313027824538823
C1_09395.trc,39.12601332802616
C1_09396.trc,12.902002784739846
C1_09397.trc,10.609642050481048
C1_09398.trc,33.503350696344675
C1_09399.trc,5.017277955475014
C1_09400.trc,27.563943018775337
C1_09401.trc,9.315554691708837
C1_09402.trc,6.22943907949456
C1_09403.trc,7.8905035466998745
C1_09404.trc,26.902347952681115
C1_09405.trc,18.775430301703814
C1_09406.trc,7.406516741467636
C1_09407.trc,6.216880732920197
C1_09408.trc,7.210170694143665
C1_09409.trc,6.66159883910742
C1_09410.trc,10.247250209808723
C1_09411.trc,15.301606808126328
C1_09412.trc,4.661663239545938
C1_09413.trc,8.114956047128603
C1_09414.trc,37.2215599538554
C1_09415.trc,16.36685683148949
C1_09416.trc,8.698011914352762
C1_09417.trc,18.918951337350933
C1_09418.trc,5.253491197646925
C1_09419.trc,5.531565074311349
C1_09420.trc,3.4485066896420804
C1_09421.trc,4.174885795311603
C1_09422.trc,4.487245087940586
C1_09423.trc,3.4100349156635863
C1_09424.trc,30.457700095016627
C1_09425.trc,30.622948784413023
C1_09426.trc,3.9229255283921707
C1_09427.trc,34.66866738998634
C1_09428.trc,38.438903326875305
C1_09429.trc,4.064254540097079
C1_09430.trc,22.58074958138229
C1_09431.trc,24.23623219815005
C1_09432.trc,4.988374982777368
C1_09433.trc,16.365660543499683
C1_09434.trc,16.650511354096224
C1_09435.trc,5.993026692517303
C1_09436.trc,42.58030194311539
C1_09437.trc,14.495692851114198
C1_09438.trc,11.660340609619075
C1_09439.trc,35.09723850029229
C1_09440.trc,6.079738472777176
C1_09441.trc,4.470101783673524
C1_09442.trc,7.040934922721328
C1_09443.trc,4.373822549736408
C1_09444.trc,19.466926032262155
C1_09445.trc,14.063134157903102
C1_09446.trc,25.24606762375092
C1_09447.trc,26.148859203171813
C1_09448.trc,27.75012285425382
C1_09449.trc,13.23010991306365
C1_09450.trc,23.576830050425205
C1_09451.trc,7.937546680632357
C1_09452.trc,17.04439904504362
C1_09453.trc,4.582527345652966
C1_09454.trc,4.394354631037613
C1_09455.trc,5.312095630374863
C1_09456.trc,8.076484249298725
C1_09457.trc,14.207652491768727
C1_09458.trc,10.504791551995508
C1_09459.trc,4.686979125202786
C1_09460.trc,40.8458820644551
C1_09461.trc,9.582664680142422
C1_09462.trc,7.947314328576159
C1_09463.trc,4.1706998904741015
C1_09464.trc,6.35382468305657
C1_09465.trc,4.7132912715426345
C1_09466.trc,12.559544064463676
C1_09467.trc,5.6611325333257705
C1_09468.trc,7.2544228670802795
C1_09469.trc,9.894026913066803
C1_09470.trc,6.333292923749143
C1_09471.trc,26.46121814995563
C1_09472.trc,5.654156502291093
C1_09473.trc,7.424257551704879
C1_09474.trc,5.520999976570415
C1_09475.trc,17.026458648750292
C1_09476.trc,17.76140920977937
C1_09477.trc,4.4386069232311804
C1_09478.trc,4.638939492073396
C1_09479.trc,6.006781005087699
C1_09480.trc,4.403324626447452
C1_09481.trc,8.95316293451638
C1_09482.trc,6.646847812677594
C1_09483.trc,5.750634511336983
C1_09484.trc,6.769239487641528
C1_09485.trc,5.8196045392296485
C1_09486.trc,5.5572789872135715
C1_09487.trc,50.55094029189566
C1_09488.trc,3.743124683080285
C1_09489.trc,8.444059018736064
C1_09490.trc,37.37504831890794
C1_09491.trc,8.756817006449372
C1_09492.trc,5.420534730464534
C1_09493.trc,5.082063044511521
C1_09494.trc,20.857691105393293
C1_09495.trc,3.84119805682258
C1_09496.trc,6.778210532512576
C1_09497.trc,6.0089737445716445
C1_09498.trc,38.876245967550396
C1_09499.trc,9.216683689283968
C1_09500.trc,5.558873254745975
C1_09501.trc,4.1099024320455335
C1_09502.trc,9.656418655499081
C1_09503.trc,5.052959483999374
C1_09504.trc,8.81063795681544
C1_09505.trc,5.420933222812037
C1_09506.trc,12.261936370697907
C1_09507.trc,4.4326267354801585
C1_09508.trc,6.660004249581232
C1_09509.trc,26.32566908403241
C1_09510.trc,19.27835471796804
C1_09511.trc,27.303013042662755
C1_09512.trc,4.503191686818488
C1_09513.trc,35.7556453056127
C1_09514.trc,6.232229682719561
C1_09515.trc,58.84888732936986
C1_09516.trc,38.205680083173334
C1_09517.trc,8.261467844490182
C1_09518.trc,28.83929293693074
C1_09519.trc,45.245420709496024
C1_09520.trc,4.116280885555847
C1_09521.trc,6.91495474155883
C1_09522.trc,37.33099529077667
C1_09523.trc,9.886053834253218
C1_09524.trc,7.802596563688499
C1_09525.trc,6.951433290555286
C1_09526.trc,6.788774664272172
C1_09527.trc,5.341597444720602
C1_09528.trc,4.18226116541817
C1_09529.trc,23.199686920957745
C1_09530.trc,7.859406689651518
C1_09531.trc,44.57246309586373
C1_09532.trc,8.109972394351582
C1_09533.trc,5.265849743502695
C1_09534.trc,4.645716938810423
C1_09535.trc,35.10062745621187
C1_09536.trc,5.16658096427206
C1_09537.trc,67.40098756405857
C1_09538.trc,34.91743817971102
C1_09539.trc,11.71276648496086
C1_09540.trc,66.32796389290384
C1_09541.trc,20.92825593747466
C1_09542.trc,22.442809084346234
C1_09543.trc,3.886447086726975
C1_09544.trc,8.01668315888441
C1_09545.trc,4.7746870111116095
C1_09546.trc,8.179341296214007
C1_09547.trc,26.46560321152416
C1_09548.trc,15.541805367321233
C1_09549.trc,6.061797718712976
C1_09550.trc,10.404525772688757
C1_09551.trc,4.758142369607214
C1_09552.trc,11.231569603188968
C1_09553.trc,37.94893592841839
C1_09554.trc,8.444457570712043
C1_09555.trc,25.22214684889543
C1_09556.trc,3.994885614383261
C1_09557.trc,17.40599388909524
C1_09558.trc,20.229584172426236
C1_09559.trc,22.67304170944208
C1_09560.trc,31.650923608004213
C1_09561.trc,40.37584835882772
C1_09562.trc,17.664133512422428
C1_09563.trc,7.558808890084545
C1_09564.trc,24.129388748973472
C1_09565.trc,12.978548281600062
C1_09566.trc,4.24963681844717
C1_09567.trc,6.954024582015208
C1_09568.trc,4.8404680388373365
C1_09569.trc,38.57684370465442
C1_09570.trc,4.451763157397993
C1_09571.trc,24.299222670353565
C1_09572.trc,4.277145038114309
C1_09573.trc,8.792098432657326
C1_09574.trc,10.61960884323019
C1_09575.trc,14.334031034096078
C1_09576.trc,10.961669464706812
C1_09577.trc,10.494226812025438
C1_09578.trc,4.379204766415112
C1_09579.trc,3.7618623264339286
C1_09580.trc,4.529504202854897
C1_09581.trc,8.022264496517062
C1_09582.trc,14.837552992107575
C1_09583.trc,8.513228382245195
C1_09584.trc,39.57591404098462
C1_09585.trc,4.165118743652582
C1_09586.trc,37.34056356732692
C1_09587.trc,16.76772112590496
C1_09588.trc,19.602474525751987
C1_09589.trc,12.660009751820283
C1_09590.trc,12.4917703841893
C1_09591.trc,35.209265247930446
C1_09592.trc,34.9401623565086
C1_09593.trc,5.203059549045602
C1_09594.trc,30.924743563660147
C1_09595.trc,6.281066884903044
C1_09596.trc,38.697242691292615
C1_09597.trc,5.627046214463767
C1_09598.trc,8.580803275485101
C1_09599.trc,4.841065723692961
C1_09600.trc,6.842196871851131
C1_09601.trc,6.337877261305673
C1_09602.trc,10.004259544751175
C1_09603.trc,14.588383268784664
C1_09604.trc,6.0604020951067
C1_09605.trc,3.506314054195141
C1_09606.trc,3.6980747979812354
C1_09607.trc,4.966448351182493
C1_09608.trc,13.460541826073193
C1_09609.trc,6.257744665478967
C1_09610.trc,6.560535586152141
C1_09611.trc,5.629638078357072
C1_09612.trc,5.867445599987087
C1_09613.trc,27.427996593445695
C1_09614.trc,8.362530954337114
C1_09615.trc,5.101199192138355
C1_09616.trc,35.18973073913876
C1_09617.trc,26.340220750994373
C1_09618.trc,3.6837229317378655
C1_09619.trc,6.4905689159542135
C1_09620.trc,4.603058938000653
C1_09621.trc,14.813632634651443
C1_09622.trc,25.242678548574382
C1_09623.trc,4.709304487659086
C1_09624.trc,6.3735585870932105
C1_09625.trc,6.31555175574103
C1_09626.trc,5.902528668485608
C1_09627.trc,19.16014789838039
C1_09628.trc,10.904858384688145
C1_09629.trc,7.131632473180625
C1_09630.trc,5.201464589822855
C1_09631.trc,13.439412691978218
C1_09632.trc,4.128440465491703
C1_09633.trc,9.341867565516118
C1_09634.trc,27.766866604786475
C1_09635.trc,5.65455468457051
C1_09636.trc,5.660335667887715
C1_09637.trc,6.233425267093331
C1_09638.trc,10.567782143455972
C1_09639.trc,13.232103185748468
C1_09640.trc,4.031563761361486
C1_09641.trc,23.394237969826456
C1_09642.trc,7.9616664452591355
C1_09643.trc,7.5021970979795665
C1_09644.trc,10.169110075719539
C1_09645.trc,4.1162814102864465
C1_09646.trc,30.271320244157025
C1_09647.trc,4.605650265237663
C1_09648.trc,26.774972493757495
C1_09649.trc,5.229770271212826
C1_09650.trc,4.765716824890642
C1_09651.trc,40.263821110310346
C1_09652.trc,5.652760842907728
C1_09653.trc,14.386256894056748
C1_09654.trc,3.672360634639405
C1_09655.trc,18.885663362713235
C1_09656.trc,5.582395096003215
C1_09657.trc,4.755750127547069
C1_09658.trc,23.99264445644735
C1_09659.trc,3.35900496207047
C1_09660.trc,3.8282411344208462
C1_09661.trc,16.759148895375194
C1_09662.trc,10.976021211693222
C1_09663.trc,52.84369978086726
C1_09664.trc,14.215625427473963
C1_09665.trc,5.574820366428789
C1_09666.trc,6.259139847834507
C1_09667.trc,35.24733880385244
C1_09668.trc,5.369504490654721
C1_09669.trc,20.30194310853569
C1_09670.trc,17.60831971869658
C1_09671.trc,18.935895496812645
C1_09672.trc,7.159938321530336
C1_09673.trc,4.351896061249873
C1_09674.trc,4.649503969678162
C1_09675.trc,5.347577608620232
C1_09676.trc,6.703658868844874
C1_09677.trc,12.25834782872225
C1_09678.trc,4.760733350999053
C1_09679.trc,8.280005233948796
C1_09680.trc,26.23497183171551
C1_09681.trc,16.048118846836292
C1_09682.trc,59.328090783422894
C1_09683.trc,11.072499232664812
C1_09684.trc,12.371371803024752
C1_09685.trc,3.8513642448166663
C1_09686.trc,5.510634202520249
C1_09687.trc,46.897714302245454
C1_09688.trc,39.329933878336334
C1_09689.trc,7.741201265370259
C1_09690.trc,38.61850457420542
C1_09691.trc,10.916818366642234
C1_09692.trc,7.084390432956719
C1_09693.trc,21.36779119837674
C1_09694.trc,7.363858168224471
C1_09695.trc,13.596887769360151
C1_09696.trc,36.46049590233829
C1_09697.trc,5.049770293021299
C1_09698.trc,15.846790303527774
C1_09699.trc,40.82335716364551
C1_09700.trc,3.825251171727985
C1_09701.trc,14.415957948613395
C1_09702.trc,14.680676219717446
C1_09703.trc,6.870901415285166
C1_09704.trc,4.424254544182901
C1_09705.trc,8.58219873213164
C1_09706.trc,5.476747243126105
C1_09707.trc,23.574437498296966
C1_09708.trc,16.025195477530588
C1_09709.trc,8.165188157376633
C1_09710.trc,4.757145142942873
C1_09711.trc,28.529325922138995
C1_09712.trc,5.914688009907563
C1_09713.trc,9.132763991035358
C1_09714.trc,5.576415110989017
C1_09715.trc,5.851099912476906
C1_09716.trc,42.3616306406664
C1_09717.trc,21.81191156007986
C1_09718.trc,5.535352343692992
C1_09719.trc,13.031969964448415
C1_09720.trc,5.581996460547362
C1_09721.trc,19.530713322200935
C1_09722.trc,15.46645735102039
C1_09723.trc,27.19776332436228
C1_09724.trc,33.02693794092221
C1_09725.trc,8.461201869826688
C1_09726.trc,38.02368690385118
C1_09727.trc,4.344321140864318
C1_09728.trc,5.864654376625918
C1_09729.trc,8.65894290869507
C1_09730.trc,7.29468893589799
C1_09731.trc,41.01671271162031
C1_09732.trc,4.980401212273444
C1_09733.trc,23.890185806474005
C1_09734.trc,5.521797199779329
C1_09735.trc,5.356149517156216
C1_09736.trc,36.1971735649086
C1_09737.trc,4.992760390191073
C1_09738.trc,13.359678063768413
C1_09739.trc,5.588375021388934
C1_09740.trc,6.620336104133063
C1_09741.trc,26.294373547280834
C1_09742.trc,41.04123008609312
C1_09743.trc,33.53644032519863
C1_09744.trc,6.275684334304864
C1_09745.trc,69.7067047863792
C1_09746.trc,38.99205987723894
C1_09747.trc,4.00365648883915
C1_09748.trc,4.771099280083255
C1_09749.trc,11.774161580542279
C1_09750.trc,25.015634935571157
C1_09751.trc,5.265451143823931
C1_09752.trc,4.844454369544453
C1_09753.trc,25.31065194608748
C1_09754.trc,4.705317834958185
C1_09755.trc,4.44418818930966
C1_09756.trc,4.564786320753194
C1_09757.trc,8.935222717108486
C1_09758.trc,5.31688004294098
C1_09759.trc,27.149324387938083
C1_09760.trc,6.039272424355431
C1_09761.trc,10.312631946165343
C1_09762.trc,6.344256394580631
C1_09763.trc,13.515957413668222
C1_09764.trc,33.70567681216271
C1_09765.trc,18.746327313625056
C1_09766.trc,8.798677187765444
C1_09767.trc,15.255161824151594
C1_09768.trc,12.46246746420929
C1_09769.trc,11.255290589251548
C1_09770.trc,27.56533910748374
C1_09771.trc,4.381597068103733
C1_09772.trc,9.396883659005223
C1_09773.trc,32.37411293833657
C1_09774.trc,5.583790779237972
C1_09775.trc,4.194819404661275
C1_09776.trc,18.73496512385785
C1_09777.trc,5.925252582917889
C1_09778.trc,7.730436987046896
C1_09779.trc,22.328988351936935
C1_09780.trc,41.52940396488103
C1_09781.trc,34.06029457571844
C1_09782.trc,5.088441629204478
C1_09783.trc,3.9310983125187824
C1_09784.trc,18.666792760424837
C1_09785.trc,14.73947991650768
C1_09786.trc,13.079013253414942
C1_09787.trc,8.478942286515984
C1_09788.trc,5.971697602669701
C1_09789.trc,39.554983932438034
C1_09790.trc,33.50773602027852
C1_09791.trc,4.562992216725107
C1_09792.trc,8.829574279872288
C1_09793.trc,11.854095556294247
C1_09794.trc,42.75053503660764
C1_09795.trc,7.954490840094078
C1_09796.trc,4.8655840402957224
C1_09797.trc,40.58176228915397
C1_09798.trc,22.42148035226949
C1_09799.trc,10.673031015032063
C1_09800.trc,5.190501297876805
C1_09801.trc,6.33209680271907
C1_09802.trc,5.180932866292517
C1_09803.trc,28.31563740189123
C1_09804.trc,3.6181413231084827
C1_09805.trc,5.071497839439325
C1_09806.trc,26.18772906402417
C1_09807.trc,8.797680342723362
C1_09808.trc,6.169638513810855
C1_09809.trc,7.461931518115372
C1_09810.trc,4.193424114974471
C1_09811.trc,31.083015315668995
C1_09812.trc,18.988918961604497
C1_09813.trc,20.819418857842397
C1_09814.trc,5.471963188330851
C1_09815.trc,7.64193204488889
C1_09816.trc,22.68579824676614
C1_09817.trc,4.19262691561694
C1_09818.trc,4.835085822158632
C1_09819.trc,4.394753326121943
C1_09820.trc,11.35196843479312
C1_09821.trc,4.342925624589298
C1_09822.trc,6.030900233058179
C1_09823.trc,4.073025426478665
C1_09824.trc,10.983795384215377
C1_09825.trc,6.178010442742808
C1_09826.trc,4.32837445850655
C1_09827.trc,7.108709091949226
C1_09828.trc,29.10560582141236
C1_09829.trc,8.134689867685374
C1_09830.trc,5.655352265550299
C1_09831.trc,4.914222216930819
C1_09832.trc,20.122740615918396
C1_09833.trc,4.420268058441742
C1_09834.trc,13.013830709566447
C1_09835.trc,4.890102094533176
C1_09836.trc,38.09903642278966
C1_09837.trc,4.796215150358986
C1_09838.trc,5.902528477674476
C1_09839.trc,11.650573331371843
C1_09840.trc,13.193033190258046
C1_09841.trc,3.703058248021437
C1_09842.trc,6.769041010675139
C1_09843.trc,7.617612777685908
C1_09844.trc,37.4621581144875
C1_09845.trc,18.511111071529264
C1_09846.trc,13.842867705420216
C1_09847.trc,4.623590792713639
C1_09848.trc,4.993358432817569
C1_09849.trc,38.674518061318594
C1_09850.trc,5.001132402602901
C1_09851.trc,14.765592631825495
C1_09852.trc,5.869438467198261
C1_09853.trc,26.028659063196574
C1_09854.trc,38.49053125154075
C1_09855.trc,6.151698248700177
C1_09856.trc,4.652294882971247
C1_09857.trc,6.900004439141014
C1_09858.trc,6.795353526711546
C1_09859.trc,11.189708956770767
C1_09860.trc,4.596480445257835
C1_09861.trc,5.283989773554879
C1_09862.trc,22.511180914578357
C1_09863.trc,15.00300133911422
C1_09864.trc,11.372101797158603
C1_09865.trc,8.345188803407108
C1_09866.trc,34.98840155184268
C1_09867.trc,14.063931071043934
C1_09868.trc,29.456037226954162
C1_09869.trc,24.111050027292386
C1_09870.trc,5.74385718385691
C1_09871.trc,4.335949211932364
C1_09872.trc,36.63292173531447
C1_09873.trc,32.1283325406298
C1_09874.trc,5.039205421868585
C1_09875.trc,26.664540669565007
C1_09876.trc,10.531901815971446
C1_09877.trc,68.5268365927353
C1_09878.trc,8.676683671229538
C1_09879.trc,5.319272022635827
C1_09880.trc,4.500600121067567
C1_09881.trc,5.5825945985794245
C1_09882.trc,5.93222870935813
C1_09883.trc,20.33044831635326
C1_09884.trc,33.152719239644675
C1_09885.trc,54.33293741177855
C1_09886.trc,13.156754310797531
C1_09887.trc,6.9000042721812775
C1_09888.trc,6.3540235774223
C1_09889.trc,11.528181167454388
C1_09890.trc,5.5072454612631905
C1_09891.trc,24.164472032134515
C1_09892.trc,38.71279053545771
C1_09893.trc,6.100668330884147
C1_09894.trc,6.2234586174525415
C1_09895.trc,4.49402251082622
C1_09896.trc,5.486714453274587
C1_09897.trc,5.639205794399625
C1_09898.trc,17.48353519346202
C1_09899.trc,7.540869102001697
C1_09900.trc,26.30533713736928
C1_09901.trc,23.733507522975955
C1_09902.trc,4.206979223111047
C1_09903.trc,9.272697677276373
C1_09904.trc,5.7426613490435345
C1_09905.trc,5.015484459657398
C1_09906.trc,7.287513092219026
C1_09907.trc,14.983068457231987
C1_09908.trc,5.102993272315059
C1_09909.trc,7.178675726370063
C1_09910.trc,4.642328102147801
C1_09911.trc,7.621599716603502
C1_09912.trc,21.109851149179935
C1_09913.trc,7.21794529599086
C1_09914.trc,8.30392633079805
C1_09915.trc,20.00254121533627
C1_09916.trc,12.720806435078643
C1_09917.trc,4.559404437993967
C1_09918.trc,6.872894795301247
C1_09919.trc,38.83817265014232
C1_09920.trc,5.839737579601355
C1_09921.trc,38.29059719889743
C1_09922.trc,5.709969878617599
C1_09923.trc,54.81273820484202
C1_09924.trc,6.943858501352382
C1_09925.trc,5.404786882844018
C1_09926.trc,30.07158683895669
C1_09927.trc,10.661469382317128
C1_09928.trc,4.193623247854114
C1_09929.trc,28.112913461564652
C1_09930.trc,18.258154162304578
C1_09931.trc,9.996684576662838
C1_09932.trc,27.345670471039142
C1_09933.trc,27.87789687707911
C1_09934.trc,24.054239340821667
C1_09935.trc,15.205726316976321
C1_09936.trc,34.511988891825766
C1_09937.trc,10.147183229462138
C1_09938.trc,35.43531242136523
C1_09939.trc,31.029593799780386
C1_09940.trc,6.57110029034512
C1_09941.trc,4.090367470077412
C1_09942.trc,49.327018676572536
C1_09943.trc,40.8887389477049
C1_09944.trc,36.05923333023783
C1_09945.trc,9.258345620221874
C1_09946.trc,5.729903535670049
C1_09947.trc,11.430307141254257
C1_09948.trc,11.85828110336088
C1_09949.trc,6.678342696971328
C1_09950.trc,39.95285871733708
C1_09951.trc,17.680877728057204
C1_09952.trc,14.890576492676516
C1_09953.trc,40.241894454864074
C1_09954.trc,7.803393977708545
C1_09955.trc,24.8025455431882
C1_09956.trc,11.802467440817683
C1_09957.trc,3.9494371534568344
C1_09958.trc,10.285921152443949
C1_09959.trc,3.2571446528660095
C1_09960.trc,5.5150199677048235
C1_09961.trc,5.966515055526947
C1_09962.trc,5.249504986196765
C1_09963.trc,40.99638025215228
C1_09964.trc,5.024255119450768
C1_09965.trc,21.290847483460016
C1_09966.trc,16.33575996251544
C1_09967.trc,27.748528372058903
C1_09968.trc,48.61180263971626
C1_09969.trc,8.998013114302402
C1_09970.trc,19.1438027594522
C1_09971.trc,6.150502235001365
C1_09972.trc,20.754236504805032
C1_09973.trc,6.631100108165426
C1_09974.trc,11.06771565489738
C1_09975.trc,23.459620743718588
C1_09976.trc,4.97701267375321
C1_09977.trc,5.6097042066421
C1_09978.trc,4.589703117777761
C1_09979.trc,22.568988636902283
C1_09980.trc,4.680401395704484
C1_09981.trc,15.02891541050591
C1_09982.trc,8.201267963585977
C1_09983.trc,15.139148495366715
C1_09984.trc,5.417146024984561
C1_09985.trc,5.718541703673714
C1_09986.trc,5.759803913917464
C1_09987.trc,14.976888743053362
C1_09988.trc,6.108043724842104
C1_09989.trc,5.894355514662429
C1_09990.trc,12.984328799815142
C1_09991.trc,8.532165516249343
C1_09992.trc,6.987711859947712
C1_09993.trc,4.470102177221477
C1_09994.trc,3.535217837840082
C1_09995.trc,37.39179268957676
C1_09996.trc,5.208242060411273
C1_09997.trc,4.189238102805708
C1_09998.trc,6.712628625740801
C1_09999.trc,6.523458565204153
C1_10000.trc,33.10188846663398
C1_10001.trc,4.262792790248682
C1_10002.trc,16.902671028186294
C1_10003.trc,12.87030845749838
C1_10004.trc,5.252095907960122
C1_10005.trc,4.503590608491029
C1_10006.trc,33.37896489004584
C1_10007.trc,30.963813583001958
C1_10008.trc,33.150128031664615
C1_10009.trc,4.864188941420044
C1_10010.trc,9.547980103991405
C1_10011.trc,13.303664791317747
C1_10012.trc,5.454421022019725
C1_10013.trc,15.233433717225886
C1_10014.trc,38.09205946155073
C1_10015.trc,7.8548224117234735
C1_10016.trc,12.679345020401072
C1_10017.trc,15.058816074970025
C1_10018.trc,3.632493475568541
C1_10019.trc,24.851980334821743
C1_10020.trc,27.745338596721748
C1_10021.trc,24.718425698375817
C1_10022.trc,12.639877260030577
C1_10023.trc,38.315713331538454
C1_10024.trc,4.500002316954984
C1_10025.trc,4.528906398742315
C1_10026.trc,4.124254679911159
C1_10027.trc,5.422926495496858
C1_10028.trc,23.568059450260307
C1_10029.trc,9.517880497458782
C1_10030.trc,4.53707915901754
C1_10031.trc,9.295222184538009
C1_10032.trc,22.96586555114942
C1_10033.trc,6.328309831479815
C1_10034.trc,6.393692104492727
C1_10035.trc,8.716550997260136
C1_10036.trc,19.55563047699637
C1_10037.trc,5.00591598037033
C1_10038.trc,4.700932761463955
C1_10039.trc,31.18108883251964
C1_10040.trc,4.596680102868081
C1_10041.trc,22.322011319143833
C1_10042.trc,13.995758516799793
C1_10043.trc,17.724732016856787
C1_10044.trc,5.810635080476113
C1_10045.trc,6.95980500482472
C1_10046.trc,8.011102167096931
C1_10047.trc,4.472095306797953
C1_10048.trc,16.05828517793872
C1_10049.trc,4.904055921605473
C1_10050.trc,37.94574664203475
C1_10051.trc,4.121862700216321
C1_10052.trc,39.6658143443836
C1_10053.trc,31.011255042322205
C1_10054.trc,51.808549686030496
C1_10055.trc,3.608373889827203
C1_10056.trc,13.323398945793995
C1_10057.trc,5.604322526619699
C1_10058.trc,14.766788466638872
C1_10059.trc,11.277018529217518
C1_10060.trc,4.386381051344818
C1_10061.trc,33.172453012498664
C1_10062.trc,24.578093245496298
C1_10063.trc,14.451240245397125
C1_10064.trc,19.312839207183764
C1_10065.trc,53.409414296183016
C1_10066.trc,14.106788514801437
C1_10067.trc,7.209174027987017
C1_10068.trc,5.369105950604435
C1_10069.trc,8.138278290404072
C1_10070.trc,5.6970133855409015
C1_10071.trc,7.999340817143274
C1_10072.trc,10.937748821033981
C1_10073.trc,4.629570944687577
C1_10074.trc,5.11096613646612
C1_10075.trc,5.4877105589235455
C1_10076.trc,35.88182414262703
C1_10077.trc,5.76040243357178
C1_10078.trc,7.942928503763106
C1_10079.trc,6.878077318592613
C1_10080.trc,5.69521912647877
C1_10081.trc,4.740400939233794
C1_10082.trc,5.159205582239801
C1_10083.trc,5.388241645054843
C1_10084.trc,32.13491139114349
C1_10085.trc,7.3182110514462275
C1_10086.trc,4.8689727457756895
C1_10087.trc,50.07213611728604
C1_10088.trc,9.144723972989446
C1_10089.trc,5.080268845077866
C1_10090.trc,38.90833839359141
C1_10091.trc,7.023792023927922
C1_10092.trc,8.742863441742374
C1_10093.trc,13.149776920233563
C1_10094.trc,16.107321191008072
C1_10095.trc,11.811637022283598
C1_10096.trc,39.82707673884996
C1_10097.trc,6.418010143349073
C1_10098.trc,6.374754910860101
C1_10099.trc,5.14664750995644
C1_10100.trc,4.585716775144945
C1_10101.trc,5.144853227042911
C1_10102.trc,22.356496440421427
C1_10103.trc,9.750505746237035
C1_10104.trc,7.395353326809203
C1_10105.trc,23.103009063490475
C1_10106.trc,26.471781530396395
C1_10107.trc,25.838293835685498
C1_10108.trc,5.139869753151323
C1_10109.trc,9.788379429886254
C1_10110.trc,23.782544299289814
C1_10111.trc,13.094162796043664
C1_10112.trc,6.876083676211228
C1_10113.trc,5.021863187458707
C1_10114.trc,24.486398945400484
C1_10115.trc,13.408714601568361
C1_10116.trc,20.686461822772227
C1_10117.trc,37.90069627990788
C1_10118.trc,14.141871440191613
C1_10119.trc,32.099030658185306
C1_10120.trc,12.857750325586537
C1_10121.trc,7.887314152984988
C1_10122.trc,4.145185074674433
C1_10123.trc,8.10319495954025
C1_10124.trc,24.959422697200594
C1_10125.trc,5.145849976679432
C1_10126.trc,5.485716868839384
C1_10127.trc,9.03269707031725
C1_10128.trc,9.00140171245111
C1_10129.trc,4.145782759530062
C1_10130.trc,6.483193319259433
C1_10131.trc,4.74937131626589
C1_10132.trc,7.555818736580558
C1_10133.trc,20.83536589797104
C1_10134.trc,21.20194413243438
C1_10135.trc,6.529240252137395
C1_10136.trc,8.89974032146377
C1_10137.trc,58.118322831667754
C1_10138.trc,19.51576330599981
C1_10139.trc,3.1764135254592936
C1_10140.trc,54.49997988320924
C1_10141.trc,35.11916574009765
C1_10142.trc,6.151498793826756
C1_10143.trc,4.937344754893252
C1_10144.trc,20.861677626911536
C1_10145.trc,4.328972119510785
C1_10146.trc,25.52713106956024
C1_10147.trc,28.58693426114366
C1_10148.trc,65.19573790142873
C1_10149.trc,6.5124960365026165
C1_10150.trc,37.269400275219716
C1_10151.trc,8.431500934527001
C1_10152.trc,4.5470457490298575
C1_10153.trc,3.688706119412767
C1_10154.trc,8.586384422306619
C1_10155.trc,6.944257089105452
C1_10156.trc,7.691366562231435
C1_10157.trc,4.9166135049353175
C1_10158.trc,5.601331502539935
C1_10159.trc,9.907581556101249
C1_10160.trc,13.761339450210144
C1_10161.trc,5.549305335966601
C1_10162.trc,15.595028525500418
C1_10163.trc,9.995688125168709
C1_10164.trc,6.0566147780222686
C1_10165.trc,16.26659077789174
C1_10166.trc,3.879669675767035
C1_10167.trc,34.88215581137311
C1_10168.trc,8.132297399037013
C1_10169.trc,27.115039162784658
C1_10170.trc,6.140535287218184
C1_10171.trc,37.73923465715631
C1_10172.trc,40.24927036162694
C1_10173.trc,5.363524958816954
C1_10174.trc,8.078078314094306
C1_10175.trc,20.244932824083204
C1_10176.trc,5.808840570974372
C1_10177.trc,26.00832691379662
C1_10178.trc,4.879935870762004
C1_10179.trc,34.553849621723835
C1_10180.trc,11.028247429424761
C1_10181.trc,11.034426559244299
C1_10182.trc,6.7612670647412045
C1_10183.trc,5.016879522755987
C1_10184.trc,9.136950086683983
C1_10185.trc,4.061862679659188
C1_10186.trc,24.441149331137005
C1_10187.trc,5.077677291252644
C1_10188.trc,39.62475117161393
C1_10189.trc,6.080934152556511
C1_10190.trc,5.71754488248302
C1_10191.trc,31.5446776886492
C1_10192.trc,5.809238908287834
C1_10193.trc,38.536577289991534
C1_10194.trc,6.6615985290393365
C1_10195.trc,21.034900492285512
C1_10196.trc,11.435689524892698
C1_10197.trc,9.574691470146192
C1_10198.trc,15.664796659103475
C1_10199.trc,5.372494274462148
C1_10200.trc,24.308790899201025
C1_10201.trc,5.359338529248854
C1_10202.trc,6.219870910275574
C1_10203.trc,18.89682582331601
C1_10204.trc,8.841534178346512
C1_10205.trc,35.047405073202896
C1_10206.trc,5.151032714633315
C1_10207.trc,4.631563656864704
C1_10208.trc,4.777078728441151
C1_10209.trc,11.172766276095302
C1_10210.trc,4.100932365081524
C1_10211.trc,32.32228659633322
C1_10212.trc,23.751647183331574
C1_10213.trc,16.148783058862072
C1_10214.trc,16.26778739980103
C1_10215.trc,6.02751164683516
C1_10216.trc,11.395822449301711
C1_10217.trc,4.406314434106269
C1_10218.trc,18.983337886337143
C1_10219.trc,3.6199357014275724
C1_10220.trc,5.069703437268846
C1_10221.trc,13.59409643866772
C1_10222.trc,29.229193426595245
C1_10223.trc,37.618437440535914
C1_10224.trc,9.375554771894445
C1_10225.trc,26.84095265436287
C1_10226.trc,4.663856360652135
C1_10227.trc,19.03257336620561
C1_10228.trc,5.63422227280525
C1_10229.trc,13.056089800629367
C1_10230.trc,35.86308685704426
C1_10231.trc,12.3177505937488
C1_10232.trc,8.923860169570416
C1_10233.trc,17.13150866173773
C1_10234.trc,10.515157302194275
C1_10235.trc,19.05629387524037
C1_10236.trc,22.649320484865584
C1_10237.trc,14.60831714049964
C1_10238.trc,6.726582095042231
C1_10239.trc,4.550434025184784
C1_10240.trc,6.384123410543144
C1_10241.trc,12.585657411843352
C1_10242.trc,8.090038427231047
C1_10243.trc,4.98897276303856
C1_10244.trc,40.892725803142625
C1_10245.trc,5.484520950546132
C1_10246.trc,18.321343361914074
C1_10247.trc,8.012297608362356
C1_10248.trc,43.78648236657901
C1_10249.trc,13.016621682488008
C1_10250.trc,36.48541329564763
C1_10251.trc,40.75099825138743
C1_10252.trc,13.506787796425224
C1_10253.trc,32.31730251423116
C1_10254.trc,8.767779892921768
C1_10255.trc,14.178549372507318
C1_10256.trc,4.250035239240495
C1_10257.trc,5.145849738165521
C1_10258.trc,10.958479593964096
C1_10259.trc,26.36952327742643
C1_10260.trc,7.659473781874972
C1_10261.trc,6.803125791122412
C1_10262.trc,4.964454029036457
C1_10263.trc,10.99734904934279
C1_10264.trc,9.697681163885226
C1_10265.trc,6.449904414417479
C1_10266.trc,40.46196181024439
C1_10267.trc,4.016613745160356
C1_10268.trc,7.802198262152123
C1_10269.trc,7.7866499051821165
C1_10270.trc,37.04853654335484
C1_10271.trc,38.60235804342626
C1_10272.trc,18.572506310219033
C1_10273.trc,3.969769696404742
C1_10274.trc,4.980999362231195
C1_10275.trc,20.54134510043493
C1_10276.trc,10.308645102653314
C1_10277.trc,4.987577079803799
C1_10278.trc,4.903657119189883
C1_10279.trc,5.118740475948011
C1_10280.trc,22.01842307985618
C1_10281.trc,8.221400753518076
C1_10282.trc,7.970038099900089
C1_10283.trc,8.377280895528646
C1_10284.trc,5.069703830816799
C1_10285.trc,11.208446719381362
C1_10286.trc,4.148972200947739
C1_10287.trc,4.5179422958489655
C1_10288.trc,5.16279362333624
C1_10289.trc,5.9507675656773
C1_10290.trc,7.9082444165656085
C1_10291.trc,4.562793346210766
C1_10292.trc,64.00550284849638
C1_10293.trc,4.6255836360734195
C1_10294.trc,11.502268073969738
C1_10295.trc,22.481281323426845
C1_10296.trc,22.129851939901876
C1_10297.trc,23.13689622562145
C1_10298.trc,5.739272560083693
C1_10299.trc,13.157551748668975
C1_10300.trc,5.886581652208361
C1_10301.trc,7.6479122326399125
C1_10302.trc,19.23589556382121
C1_10303.trc,8.644191309831859
C1_10304.trc,7.054888380097063
C1_10305.trc,5.843126607075105
C1_10306.trc,4.461730129032569
C1_10307.trc,6.689705053698265
C1_10308.trc,24.085734380149443
C1_10309.trc,4.169902249865839
C1_10310.trc,29.827599412336916
C1_10311.trc,6.102262848856158
C1_10312.trc,5.345983257607954
C1_10313.trc,16.21675730309956
C1_10314.trc,21.646662310175774
C1_10315.trc,10.359276623527407
C1_10316.trc,27.159889664564457
C1_10317.trc,40.5835560234855
C1_10318.trc,6.541200079057439
C1_10319.trc,8.755820006373241
C1_10320.trc,4.672627258959419
C1_10321.trc,22.403340214886047
C1_10322.trc,6.316548338417806
C1_10323.trc,34.81697299323361
C1_10324.trc,4.088373887324506
C1_10325.trc,25.03736299479409
C1_10326.trc,39.70269163616716
C1_10327.trc,36.21292076854156
C1_10328.trc,6.564124116202099
C1_10329.trc,5.679870617930144
C1_10330.trc,6.553957522734361
C1_10331.trc,6.064389034024292
C1_10332.trc,14.366523037722896
C1_10333.trc,5.355152660188439
C1_10334.trc,4.600866341625059
C1_10335.trc,13.913233416547643
C1_10336.trc,26.941218409818234
C1_10337.trc,5.33960449402956
C1_10338.trc,37.04275576277447
C1_10339.trc,6.038874242076015
C1_10340.trc,18.408453431784626
C1_10341.trc,38.09405240031607
C1_10342.trc,39.25358780057245
C1_10343.trc,5.116746964749281
C1_10344.trc,13.26559110421311
C1_10345.trc,4.4344206606228145
C1_10346.trc,11.184526397702315
C1_10347.trc,29.93125420719173
C1_10348.trc,4.463723270534738
C1_10349.trc,6.219471881271771
C1_10350.trc,11.324459773875246
C1_10351.trc,17.47735518114101
C1_10352.trc,10.450971185988521
C1_10353.trc,22.52294145358472
C1_10354.trc,13.460143142914557
C1_10355.trc,4.8448532077371285
C1_10356.trc,68.95520872519566
C1_10357.trc,10.420273155207145
C1_10358.trc,7.132828319919701
C1_10359.trc,5.7249195489735465
C1_10360.trc,34.080028861377336
C1_10361.trc,5.465385172615855
C1_10362.trc,19.04074636499475
C1_10363.trc,23.584404887330884
C1_10364.trc,4.622593899968777
C1_10365.trc,8.369108445321507
C1_10366.trc,9.120604184511281
C1_10367.trc,6.151897476985386
C1_10368.trc,6.808708655244101
C1_10369.trc,18.615164370657276
C1_10370.trc,5.412361636269834
C1_10371.trc,7.249838469895275
C1_10372.trc,29.549326855969284
C1_10373.trc,24.384737661744396
C1_10374.trc,12.17163647778743
C1_10375.trc,28.56082127153485
C1_10376.trc,18.039083938183023
C1_10377.trc,36.87312068805734
C1_10378.trc,11.439078278075453
C1_10379.trc,6.201731428805382
C1_10380.trc,4.009636509630431
C1_10381.trc,6.430767920945467
C1_10382.trc,4.153158034231064
C1_10383.trc,16.673434926138746
C1_10384.trc,9.926518928619313
C1_10385.trc,37.10036398252219
C1_10386.trc,4.002460355883378
C1_10387.trc,6.3388742733074945
C1_10388.trc,8.004922166701617
C1_10389.trc,32.04879783239554
C1_10390.trc,37.820563731783956
C1_10391.trc,9.86891105471677
C1_10392.trc,32.17577435772091
C1_10393.trc,55.09938285710136
C1_10394.trc,37.20900135684141
C1_10395.trc,4.994354943940174
C1_10396.trc,14.311705576234216
C1_10397.trc,40.24986814188813
C1_10398.trc,27.392713903114007
C1_10399.trc,28.205007255766393
C1_10400.trc,6.933890897655947
C1_10401.trc,5.123923023090769
C1_10402.trc,4.817345143104034
C1_10403.trc,4.061463769912341
C1_10404.trc,7.170701932014743
C1_10405.trc,40.04594749617239
C1_10406.trc,9.43116894378713
C1_10407.trc,10.850041292896021
C1_10408.trc,5.522594923867462
C1_10409.trc,6.022927023061942
C1_10410.trc,31.141221685374475
C1_10411.trc,36.56913392064509
C1_10412.trc,11.913298174757022
C1_10413.trc,3.978938765065749
C1_10414.trc,15.455095328212918
C1_10415.trc,12.112633016055687
C1_10416.trc,6.280070743476996
C1_10417.trc,9.447116222429683
C1_10418.trc,6.350635122381938
C1_10419.trc,45.929141826281466
C1_10420.trc,3.6273107018375663
C1_10421.trc,6.612562253604687
C1_10422.trc,29.927666452311982
C1_10423.trc,6.554754781720366
C1_10424.trc,40.89711091241395
C1_10425.trc,11.447450087750454
C1_10426.trc,25.570186930655648
C1_10427.trc,25.297496069691533
C1_10428.trc,23.50028519755254
C1_10429.trc,9.624923902387998
C1_10430.trc,25.51317738559629
C1_10431.trc,21.26313982084515
C1_10432.trc,4.284520563254915
C1_10433.trc,21.150914095361394
C1_10434.trc,39.05046516516153
C1_10435.trc,3.9512312336335285
C1_10436.trc,10.123661686347292
C1_10437.trc,8.515420930918003
C1_10438.trc,4.467111713649405
C1_10439.trc,4.541862784487752
C1_10440.trc,5.134088984496639
C1_10441.trc,6.9789409616404345
C1_10442.trc,33.19119069162938
C1_10443.trc,5.001132235643161
C1_10444.trc,21.539219768911494
C1_10445.trc,35.88979772231983
C1_10446.trc,58.594734907325574
C1_10447.trc,4.7607337087699175
C1_10448.trc,11.220407226066055
C1_10449.trc,6.2641232740233175
C1_10450.trc,26.05676595755207
C1_10451.trc,35.11298687264341
C1_10452.trc,4.4182748930881806
C1_10453.trc,5.037012742013123
C1_10454.trc,12.962601014883209
C1_10455.trc,30.349460402097595
C1_10456.trc,35.17697305694792
C1_10457.trc,11.097217516945904
C1_10458.trc,19.66945092318896
C1_10459.trc,15.061207768448172
C1_10460.trc,16.37144153874258
C1_10461.trc,5.0099029908420984
C1_10462.trc,32.75982815522544
C1_10463.trc,16.15894978351246
C1_10464.trc,4.324586604765816
C1_10465.trc,18.30001434362065
C1_10466.trc,13.913034224039519
C1_10467.trc,4.824321603463751
C1_10468.trc,5.74385702882287
C1_10469.trc,4.571962510277332
C1_10470.trc,15.972371419909381
C1_10471.trc,5.4089730142697325
C1_10472.trc,26.647596510103288
C1_10473.trc,4.068839271201554
C1_10474.trc,4.624786496344365
C1_10475.trc,37.918836524622584
C1_10476.trc,28.470123065162305
C1_10477.trc,12.95084066668797
C1_10478.trc,9.091102823341972
C1_10479.trc,5.115351555805521
C1_10480.trc,5.497478349975694
C1_10481.trc,5.710169094977111
C1_10482.trc,4.635550238011424
C1_10483.trc,12.228248043304193
C1_10484.trc,5.91907271370523
C1_10485.trc,8.315686631290498
C1_10486.trc,5.976083689848058
C1_10487.trc,35.697837308997784
C1_10488.trc,17.89715731317666
C1_10489.trc,7.899473255893024
C1_10490.trc,4.925783468023492
C1_10491.trc,10.201402707952798
C1_10492.trc,23.44506874283715
C1_10493.trc,4.884720486064946
C1_10494.trc,24.411847102847343
C1_10495.trc,15.872503906361915
C1_10496.trc,8.750238704517683
C1_10497.trc,5.1936906081118295
C1_10498.trc,29.700821447457812
C1_10499.trc,10.362465838356863
C1_10500.trc,37.46375303793316
C1_10501.trc,5.651764033642732
C1_10502.trc,8.777747484692515
C1_10503.trc,6.813492435748353
C1_10504.trc,54.58350236515979
C1_10505.trc,18.187987560205404
C1_10506.trc,22.855035091501072
C1_10507.trc,5.639604704146479
C1_10508.trc,5.438873416368542
C1_10509.trc,4.926979004694484
C1_10510.trc,14.84353354955516
C1_10511.trc,4.361065428053266
C1_10512.trc,7.63714795431655
C1_10513.trc,21.8916458305188
C1_10514.trc,15.263932340836627
C1_10515.trc,6.044853845467953
C1_10516.trc,15.229446897565246
C1_10517.trc,7.553825583152695
C1_10518.trc,8.40219845579773
C1_10519.trc,6.743326763853437
C1_10520.trc,9.455488330247068
C1_10521.trc,13.712501997587058
C1_10522.trc,37.8588361224432
C1_10523.trc,4.245849632545388
C1_10524.trc,33.494181019473196
C1_10525.trc,5.016879475053203
C1_10526.trc,3.7680415874361177
C1_10527.trc,5.347577787505667
C1_10528.trc,10.618612451364537
C1_10529.trc,14.28579200572174
C1_10530.trc,36.0179710961427
C1_10531.trc,20.536561665775853
C1_10532.trc,5.7083753129428025
C1_10533.trc,41.5772449302329
C1_10534.trc,12.221271964566736
C1_10535.trc,12.521072850992875
C1_10536.trc,9.061202170803556
C1_10537.trc,8.707979696934633
C1_10538.trc,5.3547538696985395
C1_10539.trc,4.208972352687519
C1_10540.trc,5.918873819339497
C1_10541.trc,13.356488443465306
C1_10542.trc,17.41336936653306
C1_10543.trc,6.456283285327134
C1_10544.trc,4.763922518125728
C1_10545.trc,8.885986414367029
C1_10546.trc,5.8889737630858505
C1_10547.trc,10.35489172891861
C1_10548.trc,6.917545961464579
C1_10549.trc,20.599551553620273
C1_10550.trc,28.17391036294095
C1_10551.trc,4.374420866653901
C1_10552.trc,22.45915487918768
C1_10553.trc,4.310434229172955
C1_10554.trc,15.37117440161766
C1_10555.trc,5.511431831202817
C1_10556.trc,5.101995997947931
C1_10557.trc,20.73290720029491
C1_10558.trc,15.350443616761854
C1_10559.trc,4.998739826623277
C1_10560.trc,9.631701194090985
C1_10561.trc,5.952761005321856
C1_10562.trc,25.067462374738504
C1_10563.trc,17.122339271082947
C1_10564.trc,5.725916787563585
C1_10565.trc,4.6754175401906375
C1_10566.trc,10.02299656796864
C1_10567.trc,4.659271629547657
C1_10568.trc,5.201664152027538
C1_10569.trc,5.339604219738565
C1_10570.trc,7.378410014071868
C1_10571.trc,12.375557421645558
C1_10572.trc,18.894034743063187
C1_10573.trc,3.890433810982043
C1_10574.trc,10.932964730461645
C1_10575.trc,11.767583684084236
C1_10576.trc,5.132295154759548
C1_10577.trc,4.061065086753706
C1_10578.trc,7.376017760086027
C1_10579.trc,9.926518821288056
C1_10580.trc,10.050106986978617
C1_10581.trc,20.01928498972031
C1_10582.trc,4.69515204051205
C1_10583.trc,26.71596872195767
C1_10584.trc,37.56481599274605
C1_10585.trc,5.6840562842537325
C1_10586.trc,4.346513606057262
C1_10587.trc,8.992232297944934
C1_10588.trc,5.502660837489968
C1_10589.trc,5.737478682643822
C1_10590.trc,22.912643191991833
C1_10591.trc,9.893229618303712
C1_10592.trc,41.364154679199856
C1_10593.trc,4.368639931039478
C1_10594.trc,108.86441204809887
C1_10595.trc,29.515439383770236
C1_10596.trc,23.52021835372578
C1_10597.trc,5.136281950568795
C1_10598.trc,6.381731299665651
C1_10599.trc,8.385055712038367
C1_10600.trc,107.88427990715972
C1_10601.trc,5.406182387193341
C1_10602.trc,12.848182215996031
C1_10603.trc,18.67616072345158
C1_10604.trc,6.3039903734657
C1_10605.trc,8.773361278257203
C1_10606.trc,3.946845838145522
C1_10607.trc,8.5078464160061
C1_10608.trc,19.95450085473945
C1_10609.trc,4.474088364820251
C1_10610.trc,19.836095725145157
C1_10611.trc,13.870575439589258
C1_10612.trc,6.313957380877361
C1_10613.trc,11.256686177080741
C1_10614.trc,4.266779884200317
C1_10615.trc,31.026005544021427
C1_10616.trc,19.283138653506334
C1_10617.trc,6.030900388092219
C1_10618.trc,7.680603047152593
C1_10619.trc,6.748508905522543
C1_10620.trc,52.93320183043265
C1_10621.trc,13.72127286011725
C1_10622.trc,3.470433714784915
C1_10623.trc,6.828243712617784
C1_10624.trc,9.034491722927331
C1_10625.trc,3.9031911711791
C1_10626.trc,6.000203013224099
C1_10627.trc,6.172428795042074
C1_10628.trc,26.45344383432513
C1_10629.trc,4.7906338365777295
C1_10630.trc,20.587392319529588
C1_10631.trc,33.050659093944525
C1_10632.trc,27.499358016674122
C1_10633.trc,21.14672782082733
C1_10634.trc,5.531963065779631
C1_10635.trc,17.87702411777092
C1_10636.trc,4.436215086644685
C1_10637.trc,5.451631229742026
C1_10638.trc,18.667788877999488
C1_10639.trc,14.18572492996959
C1_10640.trc,5.175750545737979
C1_10641.trc,37.15757201647364
C1_10642.trc,5.751830417704542
C1_10643.trc,8.755819457791251
C1_10644.trc,5.572428291328381
C1_10645.trc,5.424920078249761
C1_10646.trc,5.016879606235855
C1_10647.trc,20.5842026276723
C1_10648.trc,32.42594052061225
C1_10649.trc,28.81038921291427
C1_10650.trc,7.041134043675279
C1_10651.trc,34.341357771088155
C1_10652.trc,4.290699597668892
C1_10653.trc,6.358608022310088
C1_10654.trc,19.07901855291717
C1_10655.trc,9.090703675081214
C1_10656.trc,6.23860833896669
C1_10657.trc,13.192035665451318
C1_10658.trc,26.663742993179653
C1_10659.trc,9.47940855652055
C1_10660.trc,4.653889496348823
C1_10661.trc,14.733101021746629
C1_10662.trc,13.059079417477054
C1_10663.trc,38.5132549513105
C1_10664.trc,4.507178339519386
C1_10665.trc,8.082065074126461
C1_10666.trc,4.338540622649244
C1_10667.trc,5.407378043121293
C1_10668.trc,40.18408719764227
C1_10669.trc,36.15591087763703
C1_10670.trc,3.9169455076008868
C1_10671.trc,13.11050830466841
C1_10672.trc,10.058478856282097
C1_10673.trc,23.652777230367924
C1_10674.trc,24.33490342370771
C1_10675.trc,29.468795374247126
C1_10676.trc,26.46759637687772
C1_10677.trc,35.560495319690325
C1_10678.trc,8.004922285958575
C1_10679.trc,4.396347617505736
C1_10680.trc,13.058681473711548
C1_10681.trc,14.29436328219586
C1_10682.trc,9.047647539694802
C1_10683.trc,53.71639128865342
C1_10684.trc,7.7593402221098415
C1_10685.trc,14.737486023686687
C1_10686.trc,4.886314693968874
C1_10687.trc,6.276282985141831
C1_10688.trc,7.3481110838484724
C1_10689.trc,5.3142890854005405
C1_10690.trc,15.659812732035455
C1_10691.trc,6.342263074193028
C1_10692.trc,20.1548333401018
C1_10693.trc,6.332894180962034
C1_10694.trc,9.340072638615027
C1_10695.trc,39.475847585368626
C1_10696.trc,6.2372128942458485
C1_10697.trc,25.950519942791516
C1_10698.trc,38.67112966590671
C1_10699.trc,4.349902418868492
C1_10700.trc,10.22293116919396
C1_10701.trc,26.109390381414425
C1_10702.trc,5.195883454927033
C1_10703.trc,5.5877774796416535
C1_10704.trc,3.933888975372262
C1_10705.trc,4.752162611181231
C1_10706.trc,22.643938458998015
C1_10707.trc,4.406314446031965
C1_10708.trc,5.8046543202917045
C1_10709.trc,24.685535345509845
C1_10710.trc,8.191699710887127
C1_10711.trc,30.999095462386343
C1_10712.trc,6.203923524301768
C1_10713.trc,5.233956486118412
C1_10714.trc,7.567978042225419
C1_10715.trc,43.70654932103129
C1_10716.trc,4.206978960745738
C1_10717.trc,9.609774204725236
C1_10718.trc,5.199471364840816
C1_10719.trc,4.75395609507315
C1_10720.trc,4.932760310005465
C1_10721.trc,16.06247130936444
C1_10722.trc,11.900540743005795
C1_10723.trc,8.705587681462701
C1_10724.trc,6.649838097364232
C1_10725.trc,21.651446162234205
C1_10726.trc,27.5782954336007
C1_10727.trc,6.166648193347128
C1_10728.trc,5.644587557901897
C1_10729.trc,8.930637520901877
C1_10730.trc,25.793044209496323
C1_10731.trc,10.422665576152722
C1_10732.trc,7.609440208221816
C1_10733.trc,13.996355557667863
C1_10734.trc,3.4196030848825756
C1_10735.trc,5.254887000138634
C1_10736.trc,5.444454384304629
C1_10737.trc,4.297078552058412
C1_10738.trc,5.996813938047561
C1_10739.trc,22.143605799295848
C1_10740.trc,26.468393600086642
C1_10741.trc,7.126848644973586
C1_10742.trc,6.66279450696106
C1_10743.trc,34.91863416955845
C1_10744.trc,7.069639012978938
C1_10745.trc,15.960809298240928
C1_10746.trc,30.77045758185072
C1_10747.trc,4.733822744633365
C1_10748.trc,21.11443539133089
C1_10749.trc,4.035948846781408
C1_10750.trc,11.163596289155738
C1_10751.trc,5.462594521688072
C1_10752.trc,10.463130312747953
C1_10753.trc,5.527379002514108
C1_10754.trc,11.730706726220156
C1_10755.trc,24.858758258586594
C1_10756.trc,15.131174319389139
C1_10757.trc,5.0860492082589
C1_10758.trc,4.00923795765445
C1_10759.trc,9.59542230270478
C1_10760.trc,5.475152403160308
C1_10761.trc,4.54863999271087
C1_10762.trc,8.128112102409986
C1_10763.trc,4.458141909050696
C1_10764.trc,5.219604226327089
C1_10765.trc,23.48573285082593
C1_10766.trc,13.208980564306161
C1_10767.trc,6.326914637198572
C1_10768.trc,4.674222063148127
C1_10769.trc,59.91832336490178
C1_10770.trc,9.818080174374813
C1_10771.trc,4.457145350225307
C1_10772.trc,38.79491674981441
C1_10773.trc,4.213158245599324
C1_10774.trc,34.3066732903427
C1_10775.trc,27.24002218883699
C1_10776.trc,10.732831783452593
C1_10777.trc,28.75696711266657
C1_10778.trc,8.77615185763081
C1_10779.trc,15.221473556386362
C1_10780.trc,11.753031969419489
C1_10781.trc,13.090176059862895
C1_10782.trc,7.32558644540418
C1_10783.trc,5.340003022154148
C1_10784.trc,4.640334555171978
C1_10785.trc,39.18441880675989
C1_10786.trc,4.4992049864148065
C1_10787.trc,3.8938227311245335
C1_10788.trc,4.267377831421246
C1_10789.trc,20.32506644551973
C1_10790.trc,28.02520524173635
C1_10791.trc,9.833229442712536
C1_10792.trc,10.602266763854347
C1_10793.trc,13.223332478252315
C1_10794.trc,5.923259715706722
C1_10795.trc,38.90654397949523
C1_10796.trc,34.60567696548562
C1_10797.trc,7.946118660722518
C1_10798.trc,39.14853813343018
C1_10799.trc,8.799275230391935
C1_10800.trc,39.949668870445755
C1_10801.trc,6.3793397254444555
C1_10802.trc,13.519943601266995
C1_10803.trc,21.758090049206096
C1_10804.trc,8.852298492446959
C1_10805.trc,9.459475054502143
C1_10806.trc,10.705323539934064
C1_10807.trc,5.045185848133518
C1_10808.trc,4.749171694432726
C1_10809.trc,4.377610463105619
C1_10810.trc,20.373903480743472
C1_10811.trc,20.35117906543198
C1_10812.trc,8.3352213905218
C1_10813.trc,5.762595029947375
C1_10814.trc,9.805721187268311
C1_10815.trc,16.571574593082893
C1_10816.trc,34.940959221946656
C1_10817.trc,13.408315644118737
C1_10818.trc,6.364190111261555
C1_10819.trc,6.887845073867673
C1_10820.trc,4.981398260052358
C1_10821.trc,6.869904582168784
C1_10822.trc,5.946381872046898
C1_10823.trc,39.97378800301067
C1_10824.trc,5.964321922495053
C1_10825.trc,32.190525324522255
C1_10826.trc,4.032560117450047
C1_10827.trc,19.970049462149063
C1_10828.trc,6.482395666725473
C1_10829.trc,47.184758436685
C1_10830.trc,6.6938913163066385
C1_10831.trc,4.510367613977324
C1_10832.trc,6.8912336004622095
C1_10833.trc,16.036557464560964
C1_10834.trc,31.261820341548617
C1_10835.trc,14.986656474477028
C1_10836.trc,7.948510497309012
C1_10837.trc,13.580142838183638
C1_10838.trc,50.023099996885435
C1_10839.trc,39.317973956010725
C1_10840.trc,25.084804895365085
C1_10841.trc,6.104455492934534
C1_10842.trc,27.299823541616608
C1_10843.trc,12.065590204116985
C1_10844.trc,31.073447695032012
C1_10845.trc,32.640227190817775
C1_10846.trc,25.923609932710605
C1_10847.trc,64.17553751272501
C1_10848.trc,9.302000191782728
C1_10849.trc,7.677812563184551
C1_10850.trc,23.981481506891047
C1_10851.trc,41.99744375383602
C1_10852.trc,6.521266422004985
C1_10853.trc,4.885717211850072
C1_10854.trc,5.795285939865621
C1_10855.trc,3.8816630915602017
C1_10856.trc,4.125251632284496
C1_10857.trc,22.338955395125684
C1_10858.trc,6.724788456116268
C1_10859.trc,39.64069802093144
C1_10860.trc,21.261146548160333
C1_10861.trc,6.430768004425335
C1_10862.trc,5.5740234890650395
C1_10863.trc,6.33369147572513
C1_10864.trc,38.72534864351817
C1_10865.trc,10.73841283486855
C1_10866.trc,11.01389505037648
C1_10867.trc,4.588108945650928
C1_10868.trc,6.863126968472017
C1_10869.trc,6.2322299331591635
C1_10870.trc,4.726248408606891
C1_10871.trc,13.530309709236636
C1_10872.trc,7.694755351191278
C1_10873.trc,5.353159053584143
C1_10874.trc,27.03749711902475
C1_10875.trc,24.337295856578987
C1_10876.trc,10.898678992503301
C1_10877.trc,17.769582303974065
C1_10878.trc,10.924193784451576
C1_10879.trc,30.178430383538824
C1_10880.trc,19.816560727399942
C1_10881.trc,11.376686230120693
C1_10882.trc,5.152427885063165
C1_10883.trc,5.844322060266225
C1_10884.trc,12.113630636267981
C1_10885.trc,9.079142948719142
C1_10886.trc,17.790113812841884
C1_10887.trc,5.052959805993153
C1_10888.trc,6.599007276650758
C1_10889.trc,5.15781034025578
C1_10890.trc,4.367443893489273
C1_10891.trc,12.003198478156005
C1_10892.trc,9.083129017060957
C1_10893.trc,8.929641069407749
C1_10894.trc,4.780268444149827
C1_10895.trc,13.605259614812237
C1_10896.trc,6.8390074185077605
C1_10897.trc,4.0985401468727645
C1_10898.trc,3.935483839189444
C1_10899.trc,3.941463752649465
C1_10900.trc,5.228374576052372
C1_10901.trc,8.917680932419623
C1_10902.trc,4.084586975713723
C1_10903.trc,19.220546387433636
C1_10904.trc,4.788441049391006
C1_10905.trc,9.541601841292227
C1_10906.trc,5.378674167526202
C1_10907.trc,38.17558063167476
C1_10908.trc,14.66572583381976
C1_10909.trc,18.352440302442304
C1_10910.trc,28.18068786930645
C1_10911.trc,5.291365119810055
C1_10912.trc,5.931033327721182
C1_10913.trc,18.170845054959948
C1_10914.trc,6.135551539035594
C1_10915.trc,7.0353530842094685
C1_10916.trc,18.721210572773547
C1_10917.trc,37.65551391290191
C1_10918.trc,38.476576911663535
C1_10919.trc,19.58274041897852
C1_10920.trc,33.113050295174894
C1_10921.trc,8.368510665060317
C1_10922.trc,4.412693412347183
C1_10923.trc,3.695084727957118
C1_10924.trc,38.3009626628795
C1_10925.trc,53.370743794798514
C1_10926.trc,20.60134539528306
C1_10927.trc,5.7159497801519255
C1_10928.trc,6.447910724333313
C1_10929.trc,9.07116857000474
C1_10930.trc,5.380667285176983
C1_10931.trc,6.24418962889656
C1_10932.trc,26.979490752774694
C1_10933.trc,7.0110345325482175
C1_10934.trc,9.703861200057627
C1_10935.trc,33.676374082993824
C1_10936.trc,4.779470731987386
C1_10937.trc,23.68227881812545
C1_10938.trc,5.163391582482868
C1_10939.trc,4.622594221962555
C1_10940.trc,4.485051919131603
C1_10941.trc,7.035353501608811
C1_10942.trc,17.020279029977235
C1_10943.trc,22.196430238539314
C1_10944.trc,18.138552458503778
C1_10945.trc,11.56685253941465
C1_10946.trc,12.059211953343494
C1_10947.trc,56.90536448443928
C1_10948.trc,22.541679776703006
C1_10949.trc,35.69066157265007
C1_10950.trc,11.918082324957842
C1_10951.trc,7.201400082053076
C1_10952.trc,27.504342122627577
C1_10953.trc,8.550703812060817
C1_10954.trc,10.114492701166151
C1_10955.trc,4.110699750660019
C1_10956.trc,8.50086945476717
C1_10957.trc,9.15688352907392
C1_10958.trc,6.797744695459094
C1_10959.trc,4.254420598951421
C1_10960.trc,7.877944973537296
C1_10961.trc,4.061862321888322
C1_10962.trc,8.911301989955788
C1_10963.trc,34.13245366340652
C1_10964.trc,3.7774106595525447
C1_10965.trc,15.561739382144555
C1_10966.trc,4.44219509551027
C1_10967.trc,6.512296867845887
C1_10968.trc,36.8101308121386
C1_10969.trc,7.954888604974153
C1_10970.trc,6.567512404282718
C1_10971.trc,23.40719508303932
C1_10972.trc,27.459491382333866
C1_10973.trc,4.621596887966954
C1_10974.trc,7.153159992291833
C1_10975.trc,8.430902557981032
C1_10976.trc,16.087388344902916
C1_10977.trc,5.658142701815562
C1_10978.trc,37.585745946258584
C1_10979.trc,37.53611186671136
C1_10980.trc,21.49636282603321
C1_10981.trc,21.195365842428387
C1_10982.trc,11.191104222606185
C1_10983.trc,18.908985665617173
C1_10984.trc,26.457829277515913
C1_10985.trc,14.684064388541117
C1_10986.trc,11.476752542628331
C1_10987.trc,4.141995335114371
C1_10988.trc,18.40725731075455
C1_10989.trc,22.490051780483395
C1_10990.trc,38.629468355104976
C1_10991.trc,67.34736740424383
C1_10992.trc,10.45555585746452
C1_10993.trc,40.078439332839466
C1_10994.trc,11.496685937315481
C1_10995.trc,25.23091766372285
C1_10996.trc,11.30731745944092
C1_10997.trc,35.31730546212466
C1_10998.trc,18.12180885107947
C1_10999.trc,36.50873531233489
C1_11000.trc,15.115028384894767
C1_11001.trc,5.439870046748105
C1_11002.trc,3.514885485703303
C1_11003.trc,22.93855754960022
C1_11004.trc,18.401676247412905
C1_11005.trc,16.579747472615075
C1_11006.trc,4.998540538709588
C1_11007.trc,4.170301278869644
C1_11008.trc,4.123855710535837
C1_11009.trc,11.691038878914364
C1_11010.trc,4.6794047414735305
C1_11011.trc,37.356111375714924
C1_11012.trc,9.448312748933404
C1_11013.trc,7.642530481063339
C1_11014.trc,6.098874024119233
C1_11015.trc,4.529903064898965
C1_11016.trc,26.0254698960699
C1_11017.trc,19.147191536486346
C1_11018.trc,42.506148640612544
C1_11019.trc,25.86420702457571
C1_11020.trc,29.212848550032355
C1_11021.trc,9.677548755575387
C1_11022.trc,16.245062614792968
C1_11023.trc,9.201933485727142
C1_11024.trc,16.016424090269787
C1_11025.trc,5.843924080723632
C1_11026.trc,8.427314779249894
C1_11027.trc,25.57457295820553
C1_11028.trc,10.147781355568497
C1_11029.trc,4.813158725461624
C1_11030.trc,12.1128330314368
C1_11031.trc,6.133558266350776
C1_11032.trc,21.12021642235088
C1_11033.trc,4.4980087461277725
C1_11034.trc,7.51375861143754
C1_11035.trc,8.9019333590901
C1_11036.trc,13.87775186762731
C1_11037.trc,4.635550619633687
C1_11038.trc,13.542867459526219
C1_11039.trc,9.799342364061438
C1_11040.trc,11.920274480082698
C1_11041.trc,11.774760255230635
C1_11042.trc,12.75090660211896
C1_11043.trc,35.180163011170514
C1_11044.trc,4.8847200328885165
C1_11045.trc,5.767179272098338
C1_11046.trc,15.751507222942394
C1_11047.trc,4.474088734516814
C1_11048.trc,4.633557060732173
C1_11049.trc,4.027576834369587
C1_11050.trc,20.890980141417895
C1_11051.trc,5.323258854222163
C1_11052.trc,14.179744956881088
C1_11053.trc,4.898673335230207
C1_11054.trc,4.131630014240639
C1_11055.trc,32.368731735341996
C1_11056.trc,31.8012224720106
C1_11057.trc,19.287124626442584
C1_11058.trc,6.738542637504009
C1_11059.trc,38.146876446011575
C1_11060.trc,35.8030868961156
C1_11061.trc,21.85397057613319
C1_11062.trc,6.7393396102733245
C1_11063.trc,9.012165716483473
C1_11064.trc,33.310792049585004
C1_11065.trc,17.0123061061977
C1_11066.trc,4.108308033330481
C1_11067.trc,5.827578118922448
C1_11068.trc,4.997145642570743
C1_11069.trc,4.297876121112504
C1_11070.trc,3.546181487556998
C1_11071.trc,5.036215089479161
C1_11072.trc,7.482064582338465
C1_11073.trc,4.938939427899308
C1_11074.trc,24.79835911362009
C1_11075.trc,37.73146077085085
C1_11076.trc,4.5470456894013775
C1_11077.trc,5.001132533785551
C1_11078.trc,6.060003757793236
C1_11079.trc,5.740269178537562
C1_11080.trc,6.487578810153009
C1_11081.trc,8.045786099260392
C1_11082.trc,5.730900452266309
C1_11083.trc,22.633573114272888
C1_11084.trc,34.527936110839846
C1_11085.trc,4.379204957226239
C1_11086.trc,17.767389469084563
C1_11087.trc,17.23037923483755
C1_11088.trc,13.422269399636857
C1_11089.trc,4.317809301137135
C1_11090.trc,4.178274476940182
C1_11091.trc,7.422263682735285
C1_11092.trc,38.97970103324078
C1_11093.trc,34.78149159934733
C1_11094.trc,9.988711807917339
C1_11095.trc,5.087045862489853
C1_11096.trc,7.030369968088744
C1_11097.trc,12.032899115313306
C1_11098.trc,16.603069525079405
