file,energy_V_ns
C2_00000.trc,5.2800714175237085
C2_00001.trc,1.8945199680026856
C2_00002.trc,7.383229615489794
C2_00003.trc,4.3843562793202615
C2_00004.trc,0.8639540974283426
C2_00005.trc,0.7623260572449742
C2_00006.trc,3.2233252104992425
C2_00007.trc,10.077584485457663
C2_00008.trc,14.510579126261309
C2_00009.trc,8.392200645208815
C2_00010.trc,2.176679571872885
C2_00011.trc,0.8497347578622377
C2_00012.trc,12.24037749088318
C2_00013.trc,0.7977081589824382
C2_00014.trc,0.9171767308769223
C2_00015.trc,1.8513637056687635
C2_00016.trc,0.9620937374906902
C2_00017.trc,1.3054495902793528
C2_00018.trc,0.9572763974827907
C2_00019.trc,1.039867871386262
C2_00020.trc,3.6687077076221737
C2_00021.trc,0.9808977127557102
C2_00022.trc,1.0133230386259724
C2_00023.trc,1.592526285445554
C2_00024.trc,0.8530902616094302
C2_00025.trc,1.9162142769108415
C2_00026.trc,2.4278095137283224
C2_00027.trc,2.6931919134027753
C2_00028.trc,0.8155487383963358
C2_00029.trc,0.7772762076101729
C2_00030.trc,0.7948509525364822
C2_00031.trc,2.3427595448610568
C2_00032.trc,2.7268795550689933
C2_00033.trc,5.236948564131524
C2_00034.trc,2.33275971137603
C2_00035.trc,1.0500338834763383
C2_00036.trc,2.038805763028355
C2_00037.trc,2.0112973898178854
C2_00038.trc,0.8934224953787846
C2_00039.trc,0.7895353688929755
C2_00040.trc,1.3588051767488123
C2_00041.trc,1.2361804292700445
C2_00042.trc,2.703823074726942
C2_00043.trc,1.7032240484754726
C2_00044.trc,1.0664460400434046
C2_00045.trc,1.9890051307073755
C2_00046.trc,2.6248860781811283
C2_00047.trc,10.762302685799106
C2_00048.trc,12.536225197650769
C2_00049.trc,2.188772718528952
C2_00050.trc,1.9365465097906664
C2_00051.trc,3.844289246608374
C2_00052.trc,2.115483565940467
C2_00053.trc,1.7656825639963984
C2_00054.trc,1.1294028692633993
C2_00055.trc,14.733536320368401
C2_00056.trc,11.296389497964306
C2_00057.trc,0.7875752204239121
C2_00058.trc,0.9817283076385694
C2_00059.trc,0.9677083066703576
C2_00060.trc,7.286086613260569
C2_00061.trc,2.0459486255999133
C2_00062.trc,0.9854492242388686
C2_00063.trc,2.337477171894598
C2_00064.trc,2.9329595283455125
C2_00065.trc,0.7862463759425977
C2_00066.trc,2.262626583809923
C2_00067.trc,0.8670105619737458
C2_00068.trc,1.0003662623140062
C2_00069.trc,5.903228161811828
C2_00070.trc,1.6212638278755442
C2_00071.trc,0.7955154194984987
C2_00072.trc,0.8819275225318615
C2_00073.trc,1.7977092231058587
C2_00074.trc,0.8336882019779828
C2_00075.trc,1.2526587045766837
C2_00076.trc,1.0702001121644107
C2_00077.trc,5.587978739767249
C2_00078.trc,0.8000005006832862
C2_00079.trc,2.394885914408215
C2_00080.trc,2.796779987270387
C2_00081.trc,0.7794357215099441
C2_00082.trc,0.796512169135015
C2_00083.trc,2.313922304808592
C2_00084.trc,1.2182733837806894
C2_00085.trc,1.6767456788092165
C2_00086.trc,5.340636202948245
C2_00087.trc,1.6711641891239475
C2_00088.trc,6.126052462526518
C2_00089.trc,1.107110562450108
C2_00090.trc,1.8284069661798306
C2_00091.trc,1.8980749400397108
C2_00092.trc,0.8446184352996015
C2_00093.trc,0.9863130208545063
C2_00094.trc,0.9055819739462335
C2_00095.trc,0.8051500070901563
C2_00096.trc,12.9064583507225
C2_00097.trc,10.892203305517368
C2_00098.trc,1.1307317644289203
C2_00099.trc,1.106745004997943
C2_00100.trc,1.0114626563521312
C2_00101.trc,1.7411975430412703
C2_00102.trc,1.1021603141426866
C2_00103.trc,0.8274091658362992
C2_00104.trc,0.8209971796551598
C2_00105.trc,11.974098149507364
C2_00106.trc,10.97911369839841
C2_00107.trc,0.8187048796942454
C2_00108.trc,1.9052176505586509
C2_00109.trc,3.4084750603220613
C2_00110.trc,0.7815951459669983
C2_00111.trc,1.5711973670298238
C2_00112.trc,0.8155487056006746
C2_00113.trc,1.0687050309402806
C2_00114.trc,3.5798372542240733
C2_00115.trc,0.8331899523795272
C2_00116.trc,2.8091057204691943
C2_00117.trc,3.6704353560097904
C2_00118.trc,2.3098691681436923
C2_00119.trc,13.187155964788662
C2_00120.trc,0.9935223017987392
C2_00121.trc,4.001465761816337
C2_00122.trc,1.01524997045514
C2_00123.trc,10.769346087771392
C2_00124.trc,10.058747351690517
C2_00125.trc,1.4570444264816298
C2_00126.trc,4.827413025800605
C2_00127.trc,0.9086052397402827
C2_00128.trc,2.225749570789491
C2_00129.trc,2.309071976239724
C2_00130.trc,4.130070372070923
C2_00131.trc,6.5184447070253615
C2_00132.trc,9.446288224367038
C2_00133.trc,8.131469626071867
C2_00134.trc,0.8866783636686422
C2_00135.trc,2.424088574767344
C2_00136.trc,1.2911970310919263
C2_00137.trc,1.1904992521089408
C2_00138.trc,0.9810970275022135
C2_00139.trc,4.884689077658644
C2_00140.trc,1.2729245995822804
C2_00141.trc,1.1126254071744874
C2_00142.trc,2.4065138208967616
C2_00143.trc,0.8829906517825432
C2_00144.trc,1.3042867589340623
C2_00145.trc,0.9967449568748873
C2_00146.trc,2.00362304311943
C2_00147.trc,1.2438215921242648
C2_00148.trc,6.510072538088784
C2_00149.trc,1.3294362557954766
C2_00150.trc,1.2419611099727237
C2_00151.trc,1.1802334753143533
C2_00152.trc,1.2626255822964045
C2_00153.trc,1.101495836745687
C2_00154.trc,0.8298012260295897
C2_00155.trc,21.117330276117606
C2_00156.trc,1.7497356803925144
C2_00157.trc,12.152802581846627
C2_00158.trc,0.8221267570927557
C2_00159.trc,7.072000258069278
C2_00160.trc,2.023922072775765
C2_00161.trc,0.8831899605661975
C2_00162.trc,3.6806679087109195
C2_00163.trc,1.7943204475624266
C2_00164.trc,0.9315289697982785
C2_00165.trc,10.927851168697533
C2_00166.trc,1.9888390624150105
C2_00167.trc,3.7665815430111715
C2_00168.trc,1.4076092025416207
C2_00169.trc,0.9990039805674271
C2_00170.trc,1.099602131991401
C2_00171.trc,4.681798541327663
C2_00172.trc,1.07804061808866
C2_00173.trc,3.0901025749832596
C2_00174.trc,1.0277415975330153
C2_00175.trc,0.8573759594749679
C2_00176.trc,2.268540254801282
C2_00177.trc,1.0279077388702658
C2_00178.trc,0.8320935558047421
C2_00179.trc,2.1828922045490122
C2_00180.trc,2.981896459456418
C2_00181.trc,1.2586388714577392
C2_00182.trc,23.57254847735962
C2_00183.trc,2.796148757818236
C2_00184.trc,1.1532567770419067
C2_00185.trc,0.9269109534811518
C2_00186.trc,4.140635101606008
C2_00187.trc,2.0571114633528165
C2_00188.trc,4.358940961387664
C2_00189.trc,1.3878084060859097
C2_00190.trc,4.311200035031301
C2_00191.trc,1.5531906656579302
C2_00192.trc,10.37316615500084
C2_00193.trc,2.4488395375413203
C2_00194.trc,1.3243199988241667
C2_00195.trc,2.3283410426010684
C2_00196.trc,1.9561811977047898
C2_00197.trc,1.297276761431379
C2_00198.trc,2.289204648117229
C2_00199.trc,15.842175414724313
C2_00200.trc,0.9323926888968941
C2_00201.trc,1.1193031741775852
C2_00202.trc,9.282766511047166
C2_00203.trc,1.342526052210361
C2_00204.trc,1.7717623524736181
C2_00205.trc,2.7651853114393257
C2_00206.trc,3.6464153367082672
C2_00207.trc,0.9956485886236282
C2_00208.trc,2.305815903277565
C2_00209.trc,0.9627582014712819
C2_00210.trc,15.229018494976946
C2_00211.trc,1.5379747165822302
C2_00212.trc,2.1549521551468036
C2_00213.trc,7.547349402741105
C2_00214.trc,0.9637880067508063
C2_00215.trc,1.8058155456291523
C2_00216.trc,1.638174156524045
C2_00217.trc,1.0487383748918764
C2_00218.trc,0.8052164612399175
C2_00219.trc,4.423094024931842
C2_00220.trc,9.839212325670758
C2_00221.trc,1.0297349715862476
C2_00222.trc,1.0219276509969442
C2_00223.trc,6.99608653178965
C2_00224.trc,0.9408976662552935
C2_00225.trc,1.366778531344107
C2_00226.trc,7.743362809619699
C2_00227.trc,1.2713299116691046
C2_00228.trc,0.9955156430563086
C2_00229.trc,4.598210374434729
C2_00230.trc,3.9096050446015638
C2_00231.trc,0.8420271020997452
C2_00232.trc,0.836080259189849
C2_00233.trc,5.112994775397462
C2_00234.trc,5.831035274615476
C2_00235.trc,1.1286054969832855
C2_00236.trc,1.947044896979386
C2_00237.trc,9.917949852436028
C2_00238.trc,1.8779086114739374
C2_00239.trc,12.869713640772547
C2_00240.trc,9.023098522773912
C2_00241.trc,2.128938878067583
C2_00242.trc,11.393865385115664
C2_00243.trc,1.633157474936828
C2_00244.trc,0.9865787539736823
C2_00245.trc,1.9659817775625044
C2_00246.trc,1.747343711132653
C2_00247.trc,2.4701019675209133
C2_00248.trc,1.1206985115671722
C2_00249.trc,10.319910698460323
C2_00250.trc,3.170434844818046
C2_00251.trc,12.337188505598867
C2_00252.trc,0.7749174207038342
C2_00253.trc,1.3437885140960886
C2_00254.trc,1.7135230284935503
C2_00255.trc,0.8366117969823739
C2_00256.trc,2.0799022046128446
C2_00257.trc,3.8224621352412425
C2_00258.trc,10.496853697810813
C2_00259.trc,1.0436884945533065
C2_00260.trc,1.4691042625829478
C2_00261.trc,1.1887384631077367
C2_00262.trc,1.81910461952274
C2_00263.trc,0.9128909972342978
C2_00264.trc,1.0850838918597163
C2_00265.trc,4.36628325647197
C2_00266.trc,8.351170800882436
C2_00267.trc,0.80681113126455
C2_00268.trc,2.1372111004327916
C2_00269.trc,3.7804687459925463
C2_00270.trc,8.278180772466321
C2_00271.trc,11.226389965915935
C2_00272.trc,0.7927579285635591
C2_00273.trc,2.652294828304722
C2_00274.trc,2.2762478673331277
C2_00275.trc,1.8545198603830797
C2_00276.trc,0.8063792076146273
C2_00277.trc,4.697147370379361
C2_00278.trc,0.8249174646675919
C2_00279.trc,1.756645981763435
C2_00280.trc,1.3342868154246967
C2_00281.trc,0.8803660572214316
C2_00282.trc,10.614429138875115
C2_00283.trc,3.8288078655373106
C2_00284.trc,13.089514616064704
C2_00285.trc,0.843754671479628
C2_00286.trc,6.349673776259744
C2_00287.trc,1.0063130247254581
C2_00288.trc,1.48305769610729
C2_00289.trc,1.8322607284697512
C2_00290.trc,1.8817292808530528
C2_00291.trc,1.5590046852388866
C2_00292.trc,1.0048180374161815
C2_00293.trc,13.135029526668756
C2_00294.trc,2.9265476122278336
C2_00295.trc,0.9474757922829735
C2_00296.trc,1.2090374808383761
C2_00297.trc,0.8500005535913154
C2_00298.trc,0.990266489711171
C2_00299.trc,1.781230692887477
C2_00300.trc,9.545457551942661
C2_00301.trc,10.393664621642056
C2_00302.trc,1.318638997855417
C2_00303.trc,1.0478081092193587
C2_00304.trc,1.4367121339733266
C2_00305.trc,1.315017664092772
C2_00306.trc,0.7805653526131691
C2_00307.trc,1.283223598979612
C2_00308.trc,0.8768776243047485
C2_00309.trc,0.8762464425553792
C2_00310.trc,1.1530905373176679
C2_00311.trc,9.43638767408656
C2_00312.trc,1.248738535839785
C2_00313.trc,0.814319514020474
C2_00314.trc,2.022294101140656
C2_00315.trc,1.6483069519742233
C2_00316.trc,0.9661467370100911
C2_00317.trc,13.274996751543453
C2_00318.trc,8.866918684157584
C2_00319.trc,1.6777423062073549
C2_00320.trc,2.302394119793909
C2_00321.trc,4.347313135397563
C2_00322.trc,0.818904191459323
C2_00323.trc,2.4063144748453102
C2_00324.trc,0.8464124916249081
C2_00325.trc,1.195881331642143
C2_00326.trc,29.47444830749504
C2_00327.trc,0.9724592223427341
C2_00328.trc,1.0097017361682772
C2_00329.trc,2.1320617565135245
C2_00330.trc,1.534187393534951
C2_00331.trc,5.834723153461313
C2_00332.trc,1.1882069193523632
C2_00333.trc,2.613125320040112
C2_00334.trc,8.267117702399352
C2_00335.trc,1.045083815545062
C2_00336.trc,7.199010208734215
C2_00337.trc,8.573197255270614
C2_00338.trc,1.4164796553630286
C2_00339.trc,5.797447388709499
C2_00340.trc,0.9921933976889468
C2_00341.trc,1.8749850447930736
C2_00342.trc,2.1901016852486457
C2_00343.trc,4.402329792375786
C2_00344.trc,2.0092708408646898
C2_00345.trc,8.931570068854386
C2_00346.trc,5.3978789353072605
C2_00347.trc,1.5066125631932965
C2_00348.trc,1.8101345033652336
C2_00349.trc,0.8092363514506815
C2_00350.trc,1.7748187886954931
C2_00351.trc,1.7972440082804422
C2_00352.trc,0.8322928675698205
C2_00353.trc,1.030233340441657
C2_00354.trc,0.8686051872770181
C2_00355.trc,0.9728910446242423
C2_00356.trc,2.1216630222259205
C2_00357.trc,0.9675089859610077
C2_00358.trc,18.832809569264523
C2_00359.trc,0.7339206901582254
C2_00360.trc,0.8768776302675965
C2_00361.trc,0.8373094776028626
C2_00362.trc,1.3670111342846791
C2_00363.trc,2.7480091945153076
C2_00364.trc,0.8995354721723728
C2_00365.trc,1.1441204942050462
C2_00366.trc,4.051100245346505
C2_00367.trc,1.5725262070390031
C2_00368.trc,1.2689379215392773
C2_00369.trc,13.39396691880544
C2_00370.trc,0.9499342231461549
C2_00371.trc,1.0055820380223564
C2_00372.trc,0.8854823768026433
C2_00373.trc,2.367443961061131
C2_00374.trc,0.8096682751006032
C2_00375.trc,1.1938878413133778
C2_00376.trc,9.737750155515066
C2_00377.trc,8.297184078875675
C2_00378.trc,1.2544860878545714
C2_00379.trc,0.9744524324176536
C2_00380.trc,0.7933891997556449
C2_00381.trc,1.587974744148156
C2_00382.trc,0.9241534595647896
C2_00383.trc,13.306059510941152
C2_00384.trc,1.4928583102513795
C2_00385.trc,1.3836556135384703
C2_00386.trc,1.4064795267170374
C2_00387.trc,2.453258002088747
C2_00388.trc,1.0257481936655442
C2_00389.trc,1.148439468338959
C2_00390.trc,1.2877418610272104
C2_00391.trc,1.282293293057871
C2_00392.trc,1.0154491361304459
C2_00393.trc,1.4564796720492073
C2_00394.trc,1.1327583327613702
C2_00395.trc,2.2842213888881595
C2_00396.trc,7.385422284910272
C2_00397.trc,0.9393029544907282
C2_00398.trc,3.1733915133539874
C2_00399.trc,2.8248863941630806
C2_00400.trc,2.216713042222158
C2_00401.trc,8.554858813843365
C2_00402.trc,1.5207653770554672
C2_00403.trc,2.7175772799660765
C2_00404.trc,1.5476755526054014
C2_00405.trc,3.317710753098481
C2_00406.trc,1.2165790519106712
C2_00407.trc,0.813987225383124
C2_00408.trc,0.9940206259327923
C2_00409.trc,0.8992697479974678
C2_00410.trc,2.670334746316513
C2_00411.trc,12.821773436937471
C2_00412.trc,0.8957813091179379
C2_00413.trc,3.9949207913093656
C2_00414.trc,0.7448509503126597
C2_00415.trc,9.234527396211538
C2_00416.trc,4.097645353287323
C2_00417.trc,3.5115649278218646
C2_00418.trc,3.7162826804709925
C2_00419.trc,0.8727248466644293
C2_00420.trc,1.7277422741448023
C2_00421.trc,11.190210231023764
C2_00422.trc,0.8411633531868912
C2_00423.trc,0.9965456063512991
C2_00424.trc,1.253489385920836
C2_00425.trc,3.317478284321984
C2_00426.trc,1.6121608093813617
C2_00427.trc,16.07739140936192
C2_00428.trc,19.906398325789716
C2_00429.trc,5.390636299086919
C2_00430.trc,1.1628580287367123
C2_00431.trc,0.8744856774055672
C2_00432.trc,1.661396754351956
C2_00433.trc,4.784157287960288
C2_00434.trc,0.8164456592277293
C2_00435.trc,1.067940973687052
C2_00436.trc,0.8135221685731739
C2_00437.trc,1.6579747949642898
C2_00438.trc,3.855086647656779
C2_00439.trc,1.4405328331666807
C2_00440.trc,1.2413631269747087
C2_00441.trc,1.101828068735983
C2_00442.trc,11.435127508898125
C2_00443.trc,1.1028910504061815
C2_00444.trc,3.7058506743871487
C2_00445.trc,0.9131900155661208
C2_00446.trc,1.8056494072733256
C2_00447.trc,0.8456151968618149
C2_00448.trc,1.7038221253883412
C2_00449.trc,1.930931922722456
C2_00450.trc,0.8883726836129644
C2_00451.trc,0.9956485722257988
C2_00452.trc,1.5270776656141334
C2_00453.trc,0.8114623522958759
C2_00454.trc,1.295848204420472
C2_00455.trc,1.0483065063982975
C2_00456.trc,1.907642727636437
C2_00457.trc,14.544997917118227
C2_00458.trc,2.219271090209368
C2_00459.trc,1.0031569192046361
C2_00460.trc,6.508079126767752
C2_00461.trc,1.1971437443343749
C2_00462.trc,0.8558144792574179
C2_00463.trc,2.3167130302719716
C2_00464.trc,3.3536908616853522
C2_00465.trc,0.8948178178612518
C2_00466.trc,12.230742730368927
C2_00467.trc,6.399075828281214
C2_00468.trc,12.574896158174534
C2_00469.trc,1.242858079997611
C2_00470.trc,2.4008659903558405
C2_00471.trc,8.079210460028584
C2_00472.trc,6.968511635856667
C2_00473.trc,1.4802005269291338
C2_00474.trc,1.943257482998678
C2_00475.trc,3.1833252266087295
C2_00476.trc,0.8790370815574662
C2_00477.trc,6.744358498114223
C2_00478.trc,2.552826302021126
C2_00479.trc,1.8262805973657827
C2_00480.trc,8.917383963816723
C2_00481.trc,2.5220621450466143
C2_00482.trc,0.8738876079462586
C2_00483.trc,8.915756095040738
C2_00484.trc,26.438498439331042
C2_00485.trc,1.0452831541429544
C2_00486.trc,1.8024932942989436
C2_00487.trc,1.738373644168641
C2_00488.trc,10.964628655527367
C2_00489.trc,1.8861477707425809
C2_00490.trc,2.668407710137511
C2_00491.trc,2.394487243175277
C2_00492.trc,0.7642530337954989
C2_00493.trc,5.95449081971393
C2_00494.trc,0.874086931637032
C2_00495.trc,0.8322929152726024
C2_00496.trc,5.497812539270775
C2_00497.trc,0.9267779259246729
C2_00498.trc,6.888378947605822
C2_00499.trc,0.7269107984960913
C2_00500.trc,0.8981069598828247
C2_00501.trc,1.8676096001509104
C2_00502.trc,1.5152836162976215
C2_00503.trc,0.7592363581711312
C2_00504.trc,0.8303327429521474
C2_00505.trc,6.803827050942289
C2_00506.trc,0.8850836340155321
C2_00507.trc,1.3640210478627273
C2_00508.trc,3.3224282777176626
C2_00509.trc,3.1683750553735623
C2_00510.trc,9.080473514972757
C2_00511.trc,3.454122909039875
C2_00512.trc,2.218639829452265
C2_00513.trc,2.0741215090030454
C2_00514.trc,0.8771766784136581
C2_00515.trc,0.892492337037527
C2_00516.trc,0.8414955613257956
C2_00517.trc,2.178540018247338
C2_00518.trc,0.8543195307066509
C2_00519.trc,2.745218418367722
C2_00520.trc,1.6730911209531139
C2_00521.trc,1.5205993147259491
C2_00522.trc,3.2811991186447815
C2_00523.trc,1.2370772412794655
C2_00524.trc,0.9323927395811002
C2_00525.trc,3.9562164591116606
C2_00526.trc,0.8147846185332056
C2_00527.trc,2.575982374145103
C2_00528.trc,2.840700305366827
C2_00529.trc,2.2500351771204175
C2_00530.trc,0.7206648716630455
C2_00531.trc,14.630479326644746
C2_00532.trc,0.9258145688320629
C2_00533.trc,0.95016682906815
C2_00534.trc,6.79482364659071
C2_00535.trc,14.028253014387698
C2_00536.trc,5.364955215239484
C2_00537.trc,0.7536549758171215
C2_00538.trc,0.6906981287085843
C2_00539.trc,2.495948989968775
C2_00540.trc,2.71953754321996
C2_00541.trc,0.7410303390713107
C2_00542.trc,0.7795686387537383
C2_00543.trc,7.89804735085867
C2_00544.trc,4.775552684533589
C2_00545.trc,10.385491752544864
C2_00546.trc,0.8765453595187903
C2_00547.trc,0.8317281518959082
C2_00548.trc,14.81898496195932
C2_00549.trc,1.9052176445958033
C2_00550.trc,1.125781507177226
C2_00551.trc,0.9828911285488771
C2_00552.trc,8.031237015702228
C2_00553.trc,1.5538884148511694
C2_00554.trc,1.4863135245926904
C2_00555.trc,8.18336341205771
C2_00556.trc,3.3528271589845673
C2_00557.trc,2.2346199818709653
C2_00558.trc,1.2865460396302395
C2_00559.trc,1.9726595490377383
C2_00560.trc,1.9505996826774175
C2_00561.trc,0.9799010078405513
C2_00562.trc,0.7810636558772545
C2_00563.trc,0.9797681427716747
C2_00564.trc,2.1415965704563993
C2_00565.trc,1.333755347695633
C2_00566.trc,1.936911986744386
C2_00567.trc,0.7998011769925139
C2_00568.trc,9.735357986499805
C2_00569.trc,0.9039873635500801
C2_00570.trc,1.0886387222791085
C2_00571.trc,26.568365945268532
C2_00572.trc,26.07790035535092
C2_00573.trc,12.160909332204247
C2_00574.trc,1.2843863736778485
C2_00575.trc,12.201507073995272
C2_00576.trc,1.7156160643921685
C2_00577.trc,2.178075043426545
C2_00578.trc,1.304486103494802
C2_00579.trc,1.5350511275406875
C2_00580.trc,1.035980653942533
C2_00581.trc,1.1552833245043903
C2_00582.trc,0.91222655114225
C2_00583.trc,0.8588378464198807
C2_00584.trc,6.686052901851252
C2_00585.trc,2.930268518393149
C2_00586.trc,1.3636223840833495
C2_00587.trc,0.9377414712917554
C2_00588.trc,0.914518979304392
C2_00589.trc,8.014293351156876
C2_00590.trc,2.5094706578586634
C2_00591.trc,1.0267449910048436
C2_00592.trc,0.9578078935353824
C2_00593.trc,1.418472984694903
C2_00594.trc,3.691132985344888
C2_00595.trc,0.8141200919427116
C2_00596.trc,1.942460083885749
C2_00597.trc,3.6766480796193455
C2_00598.trc,1.6313302616001024
C2_00599.trc,2.2448193641442686
C2_00600.trc,0.8983727615747492
C2_00601.trc,1.3788383331590497
C2_00602.trc,2.4619624268670117
C2_00603.trc,4.132861036415113
C2_00604.trc,3.981299798474991
C2_00605.trc,6.177713509916999
C2_00606.trc,1.3728583377098693
C2_00607.trc,1.5571109402353773
C2_00608.trc,2.5323279069340816
C2_00609.trc,1.0971770116829698
C2_00610.trc,10.559312717192379
C2_00611.trc,1.0304326760581273
C2_00612.trc,0.9823927149721071
C2_00613.trc,0.8549507541959555
C2_00614.trc,0.9321599935321808
C2_00615.trc,0.9187712935702935
C2_00616.trc,1.4826922057371628
C2_00617.trc,1.482758731441097
C2_00618.trc,3.576182793264247
C2_00619.trc,0.853854423212496
C2_00620.trc,1.1001669877922364
C2_00621.trc,1.0423596455998563
C2_00622.trc,3.02076692851924
C2_00623.trc,2.0401346731009955
C2_00624.trc,0.938970600262052
C2_00625.trc,1.280233548334746
C2_00626.trc,0.76162836469879
C2_00627.trc,0.8984391859102725
C2_00628.trc,2.0593706122651594
C2_00629.trc,6.104922730656062
C2_00630.trc,1.1069111716772972
C2_00631.trc,1.5212968895058896
C2_00632.trc,2.4319290583309146
C2_00633.trc,0.8665454306281991
C2_00634.trc,13.610312522786774
C2_00635.trc,1.57206110103556
C2_00636.trc,14.129150234827705
C2_00637.trc,0.8365121410998353
C2_00638.trc,0.8543527413837011
C2_00639.trc,5.098609404806791
C2_00640.trc,0.8616285033105108
C2_00641.trc,2.19006838512888
C2_00642.trc,10.93240296043454
C2_00643.trc,1.1405989012955207
C2_00644.trc,1.0790373274759553
C2_00645.trc,1.6671443361809815
C2_00646.trc,1.0314956890332763
C2_00647.trc,1.6261143189320149
C2_00648.trc,1.7601011712074062
C2_00649.trc,1.0309642168320767
C2_00650.trc,0.8439540667245742
C2_00651.trc,1.897211022676406
C2_00652.trc,0.8062796352119581
C2_00653.trc,2.005815855648255
C2_00654.trc,2.3919955598951104
C2_00655.trc,2.476912531020138
C2_00656.trc,1.273589178347692
C2_00657.trc,0.8684059291775706
C2_00658.trc,6.110271568207267
C2_00659.trc,0.8765122323216094
C2_00660.trc,0.9994026786331791
C2_00661.trc,0.7234887750078106
C2_00662.trc,1.683091124379302
C2_00663.trc,1.0515954948765391
C2_00664.trc,0.9784059459956762
C2_00665.trc,2.034553180434303
C2_00666.trc,1.721463342352956
C2_00667.trc,11.150276939796921
C2_00668.trc,5.996218423668534
C2_00669.trc,0.9576418967971905
C2_00670.trc,0.9729243059854983
C2_00671.trc,1.0430238695758245
C2_00672.trc,0.8881401492451413
C2_00673.trc,3.077743787632157
C2_00674.trc,2.7459825680450916
C2_00675.trc,1.8975431249747623
C2_00676.trc,1.2069446208437684
C2_00677.trc,0.9474424593675443
C2_00678.trc,5.264323803944968
C2_00679.trc,1.6202670976182816
C2_00680.trc,0.8958478974317737
C2_00681.trc,0.7669772007592806
C2_00682.trc,12.551872699189115
C2_00683.trc,0.734385830448044
C2_00684.trc,1.2153165915156567
C2_00685.trc,2.2516629266394452
C2_00686.trc,1.0267449671534523
C2_00687.trc,12.545693716950062
C2_00688.trc,1.7483403996499816
C2_00689.trc,1.6227588494711973
C2_00690.trc,8.825224602438826
C2_00691.trc,1.2299014512661284
C2_00692.trc,0.7807978243710905
C2_00693.trc,14.333502796739804
C2_00694.trc,0.8722264450133561
C2_00695.trc,10.7227683028284
C2_00696.trc,0.8025586530203336
C2_00697.trc,0.997874453814037
C2_00698.trc,3.5322292466022147
C2_00699.trc,2.0971114487340428
C2_00700.trc,4.066881001029547
C2_00701.trc,1.7257489149986902
C2_00702.trc,3.3239567455228527
C2_00703.trc,1.0851835492329682
C2_00704.trc,2.6712649523605534
C2_00705.trc,6.018942618354659
C2_00706.trc,0.7403658810535667
C2_00707.trc,0.9146518249940121
C2_00708.trc,3.84890717199207
C2_00709.trc,2.0179751732188156
C2_00710.trc,0.9490704205676697
C2_00711.trc,8.507483252637323
C2_00712.trc,13.356258824930052
C2_00713.trc,4.5410008244292355
C2_00714.trc,1.5549515351575782
C2_00715.trc,6.818444949937936
C2_00716.trc,4.260867736716568
C2_00717.trc,2.333224753278861
C2_00718.trc,5.35880904416668
C2_00719.trc,0.9800005802432208
C2_00720.trc,1.2110640342637071
C2_00721.trc,1.037043974004344
C2_00722.trc,0.8917613413901531
C2_00723.trc,1.7653836604493958
C2_00724.trc,1.4235891850191578
C2_00725.trc,10.693664734862693
C2_00726.trc,1.0565788703811414
C2_00727.trc,3.8682759792065364
C2_00728.trc,3.8372127711045385
C2_00729.trc,0.8940869444522566
C2_00730.trc,14.669117402957383
C2_00731.trc,0.8955488313971689
C2_00732.trc,2.082127981851246
C2_00733.trc,5.6607029739449946
C2_00734.trc,2.168307608654555
C2_00735.trc,15.832341527293272
C2_00736.trc,1.7133902155995921
C2_00737.trc,2.5425273085866413
C2_00738.trc,1.0586386687698957
C2_00739.trc,1.0681071955227477
C2_00740.trc,3.5294052538147325
C2_00741.trc,2.03591545323661
C2_00742.trc,1.0454825598228845
C2_00743.trc,1.6079414821857172
C2_00744.trc,1.2415291982484977
C2_00745.trc,0.8169773192586347
C2_00746.trc,6.688777156767036
C2_00747.trc,1.6630247006449623
C2_00748.trc,2.009769184377998
C2_00749.trc,0.8108642738922962
C2_00750.trc,2.82013554557274
C2_00751.trc,1.1006984570120117
C2_00752.trc,2.029968528337556
C2_00753.trc,1.8099019317296121
C2_00754.trc,9.372235001108915
C2_00755.trc,6.450072462375312
C2_00756.trc,2.0593040910333604
C2_00757.trc,0.8609307988386297
C2_00758.trc,3.9426282207964785
C2_00759.trc,1.1117616373916646
C2_00760.trc,1.2701007156167694
C2_00761.trc,1.9691378875554624
C2_00762.trc,3.780202896597837
C2_00763.trc,20.750253647456756
C2_00764.trc,1.22714381573213
C2_00765.trc,0.9782730973246315
C2_00766.trc,2.536215051332926
C2_00767.trc,0.9514955841067482
C2_00768.trc,10.432834158230197
C2_00769.trc,1.7931576475220865
C2_00770.trc,1.185482695741527
C2_00771.trc,6.0051552918811915
C2_00772.trc,3.089205703345361
C2_00773.trc,7.682233189264296
C2_00774.trc,2.1202677280669806
C2_00775.trc,0.9987382742810655
C2_00776.trc,7.1645250606238085
C2_00777.trc,2.1403341503106077
C2_00778.trc,1.2269777519119007
C2_00779.trc,0.9889043033701552
C2_00780.trc,4.5180441266802385
C2_00781.trc,0.7959806104725227
C2_00782.trc,0.8806318708390526
C2_00783.trc,0.8560803554849411
C2_00784.trc,1.6330248349654561
C2_00785.trc,11.601307113917445
C2_00786.trc,2.9104676548554
C2_00787.trc,15.678487838830325
C2_00788.trc,5.944723153881585
C2_00789.trc,10.217684269805286
C2_00790.trc,6.405886469297459
C2_00791.trc,2.265350850651406
C2_00792.trc,1.6524930789278036
C2_00793.trc,1.2699013352789414
C2_00794.trc,0.9111301754374317
C2_00795.trc,2.0136230137499562
C2_00796.trc,0.8184391376307977
C2_00797.trc,1.9399683022185952
C2_00798.trc,0.8796019552468446
C2_00799.trc,2.2546200215190053
C2_00800.trc,0.9280405040859321
C2_00801.trc,2.481065353381817
C2_00802.trc,2.8529263036753627
C2_00803.trc,1.6935894862259184
C2_00804.trc,0.9911966748852439
C2_00805.trc,0.8382064580627342
C2_00806.trc,1.3878084597515405
C2_00807.trc,0.7984390741313676
C2_00808.trc,1.2024926116998165
C2_00809.trc,0.9655821018346239
C2_00810.trc,14.81479925836793
C2_00811.trc,2.0212310121391965
C2_00812.trc,0.8571434519399606
C2_00813.trc,2.3910320268984906
C2_00814.trc,0.8876085756755292
C2_00815.trc,0.8573427875564288
C2_00816.trc,1.4310643377187793
C2_00817.trc,1.6701342944017066
C2_00818.trc,9.907318454088664
C2_00819.trc,0.7934556896824932
C2_00820.trc,1.6734232515749978
C2_00821.trc,0.8833229016613824
C2_00822.trc,2.00355657406255
C2_00823.trc,2.569038912781339
C2_00824.trc,10.645691526068827
C2_00825.trc,1.8602341897951216
C2_00826.trc,17.036129795158033
C2_00827.trc,20.004770920600656
C2_00828.trc,1.3915956232926403
C2_00829.trc,1.1966786696358824
C2_00830.trc,1.2076754331335722
C2_00831.trc,0.804252967001808
C2_00832.trc,1.3063132363330825
C2_00833.trc,0.8032230961309569
C2_00834.trc,1.4506656614125226
C2_00835.trc,3.5303355224686728
C2_00836.trc,2.3569789828141503
C2_00837.trc,0.906578711657056
C2_00838.trc,3.2830595262607245
C2_00839.trc,9.012965694528074
C2_00840.trc,3.417046429220322
C2_00841.trc,3.1389730280930133
C2_00842.trc,4.496117035946075
C2_00843.trc,10.851405646732214
C2_00844.trc,1.4452171485995258
C2_00845.trc,2.1056496695651554
C2_00846.trc,1.4355825848592585
C2_00847.trc,0.7953161792875935
C2_00848.trc,0.9911966838295154
C2_00849.trc,0.9697347751251065
C2_00850.trc,2.063789343650023
C2_00851.trc,1.3591041250171747
C2_00852.trc,1.1728580053300868
C2_00853.trc,1.5387055422884424
C2_00854.trc,5.078476425554277
C2_00855.trc,1.8458818122375542
C2_00856.trc,0.7159472590918587
C2_00857.trc,1.556413273031296
C2_00858.trc,1.150632122852317
C2_00859.trc,6.258444453966148
C2_00860.trc,0.9010636850658189
C2_00861.trc,3.365949945451134
C2_00862.trc,1.821729136566831
C2_00863.trc,14.022240008016869
C2_00864.trc,13.917953855508683
C2_00865.trc,0.7922596193366267
C2_00866.trc,4.583226949291868
C2_00867.trc,2.179669641897004
C2_00868.trc,11.035426048809372
C2_00869.trc,0.6995021363245022
C2_00870.trc,0.7850504039837187
C2_00871.trc,6.081168620377729
C2_00872.trc,3.6005681911324987
C2_00873.trc,0.8823262176161915
C2_00874.trc,14.338884350051693
C2_00875.trc,1.7649516354310624
C2_00876.trc,2.6570122947861385
C2_00877.trc,3.1363152064570206
C2_00878.trc,1.0092698125183555
C2_00879.trc,3.910502060838522
C2_00880.trc,2.061231152554466
C2_00881.trc,12.789946195433643
C2_00882.trc,2.1900352743295315
C2_00883.trc,5.748909283865572
C2_00884.trc,1.6915629283284503
C2_00885.trc,2.264387372811126
C2_00886.trc,1.2614295432554878
C2_00887.trc,0.6769107336623665
C2_00888.trc,0.718638346561242
C2_00889.trc,1.6581410212721215
C2_00890.trc,0.9013294957020167
C2_00891.trc,0.7453493758151251
C2_00892.trc,6.498079248561367
C2_00893.trc,0.8563793052440141
C2_00894.trc,0.7098011729896332
C2_00895.trc,0.7482396796440223
C2_00896.trc,0.7860137908905676
C2_00897.trc,1.3948516798569666
C2_00898.trc,2.0904669565086076
C2_00899.trc,10.083165914023743
C2_00900.trc,1.6217621892773961
C2_00901.trc,10.320342358254226
C2_00902.trc,1.1172766431129342
C2_00903.trc,1.7518620342994422
C2_00904.trc,0.9267446913962339
C2_00905.trc,0.7600004482200217
C2_00906.trc,0.7619606652618349
C2_00907.trc,4.443193680213199
C2_00908.trc,2.0868457584007487
C2_00909.trc,1.3521938415347974
C2_00910.trc,0.9478743293518355
C2_00911.trc,2.129869006594601
C2_00912.trc,1.1979411285401853
C2_00913.trc,1.32647940688339
C2_00914.trc,2.7922284206308854
C2_00915.trc,4.2704026818420955
C2_00916.trc,1.0781736247751705
C2_00917.trc,7.050339185180273
C2_00918.trc,0.7461466675967936
C2_00919.trc,2.0447525627076066
C2_00920.trc,1.2277419403477803
C2_00921.trc,1.0593032758588345
C2_00922.trc,1.6093368806944934
C2_00923.trc,0.8275752728871759
C2_00924.trc,7.490239641291512
C2_00925.trc,1.4796690517465096
C2_00926.trc,1.708107780023232
C2_00927.trc,0.8238543831196916
C2_00928.trc,1.9315963360188415
C2_00929.trc,0.7745187733222879
C2_00930.trc,10.35565784782646
C2_00931.trc,1.5555494704528119
C2_00932.trc,14.197323248211122
C2_00933.trc,0.8941866152419149
C2_00934.trc,7.170372278956118
C2_00935.trc,5.118975061535473
C2_00936.trc,6.666019477112864
C2_00937.trc,1.6827590027016899
C2_00938.trc,2.631995739019909
C2_00939.trc,1.409768665757186
C2_00940.trc,1.0446852203384334
C2_00941.trc,10.746854297761148
C2_00942.trc,1.4899348106525532
C2_00943.trc,0.8568111841725768
C2_00944.trc,2.4290720113911366
C2_00945.trc,0.9969443491384103
C2_00946.trc,3.8795716969354346
C2_00947.trc,1.5334232289504632
C2_00948.trc,1.5638883333067752
C2_00949.trc,0.8357148165225032
C2_00950.trc,0.9244856915550848
C2_00951.trc,7.334857443283447
C2_00952.trc,1.932958522359857
C2_00953.trc,1.0398346577277886
C2_00954.trc,0.7959140877500118
C2_00955.trc,1.1951504522703007
C2_00956.trc,1.2121272604106652
C2_00957.trc,0.8835554807505632
C2_00958.trc,2.5882083158065843
C2_00959.trc,1.1921935511832955
C2_00960.trc,0.979901065978317
C2_00961.trc,0.9435223532405468
C2_00962.trc,1.0622265458880218
C2_00963.trc,1.9092706470966279
C2_00964.trc,2.3686067640828954
C2_00965.trc,8.251137475445056
C2_00966.trc,0.8116285666780136
C2_00967.trc,2.508972402297359
C2_00968.trc,1.7525929688276263
C2_00969.trc,1.291031035844446
C2_00970.trc,1.096711628407103
C2_00971.trc,7.328777739776808
C2_00972.trc,1.391828433442172
C2_00973.trc,2.4504341270675063
C2_00974.trc,2.955584263923075
C2_00975.trc,0.9406983723787593
C2_00976.trc,1.6533236693385271
C2_00977.trc,0.9561136004238749
C2_00978.trc,4.006017097395486
C2_00979.trc,2.535118529538338
C2_00980.trc,1.0188046995061169
C2_00981.trc,8.077216880257101
C2_00982.trc,9.356288473785185
C2_00983.trc,2.974188849905996
C2_00984.trc,1.9460149083422906
C2_00985.trc,2.065417111057596
C2_00986.trc,1.2053497600080072
C2_00987.trc,1.030665213407373
C2_00988.trc,6.086019163609118
C2_00989.trc,0.7937214794487237
C2_00990.trc,1.9918621746657292
C2_00991.trc,2.651729924801105
C2_00992.trc,0.6591698667780619
C2_00993.trc,2.0189386078284466
C2_00994.trc,7.13372776303571
C2_00995.trc,1.79837362596726
C2_00996.trc,0.9138544378067787
C2_00997.trc,1.1325590940411776
C2_00998.trc,2.084121445347196
C2_00999.trc,0.987874533867718
C2_01000.trc,3.2430595140466822
C2_01001.trc,4.221067164468832
C2_01002.trc,1.1285058068143705
C2_01003.trc,0.8997348197145376
C2_01004.trc,1.132060610400947
C2_01005.trc,1.9287060933091356
C2_01006.trc,0.7081400309266961
C2_01007.trc,3.7216646616172064
C2_01008.trc,1.4902005676231207
C2_01009.trc,1.7764467096463967
C2_01010.trc,0.9782067177104672
C2_01011.trc,1.7614633247527576
C2_01012.trc,1.4352171630618806
C2_01013.trc,13.58356813825678
C2_01014.trc,14.852340167407702
C2_01015.trc,12.230742797450967
C2_01016.trc,1.6132903644582783
C2_01017.trc,11.830609614958412
C2_01018.trc,1.0799675648249454
C2_01019.trc,2.340267819840956
C2_01020.trc,7.05007304807816
C2_01021.trc,1.6608985002813645
C2_01022.trc,0.8201666533450503
C2_01023.trc,0.855282992149099
C2_01024.trc,0.7488376775491563
C2_01025.trc,2.7872783109596746
C2_01026.trc,0.9801668408374283
C2_01027.trc,0.8043859200226884
C2_01028.trc,2.81598267550828
C2_01029.trc,1.1039210599132434
C2_01030.trc,2.13242705458181
C2_01031.trc,2.3697696222610007
C2_01032.trc,0.9780405122726026
C2_01033.trc,9.047849205294042
C2_01034.trc,7.6734957356758375
C2_01035.trc,6.813129585429084
C2_01036.trc,2.26378954186573
C2_01037.trc,5.425885631161072
C2_01038.trc,10.33333257332217
C2_01039.trc,0.8124922529809653
C2_01040.trc,0.8341201435164467
C2_01041.trc,2.023955289415662
C2_01042.trc,6.544923054330939
C2_01043.trc,1.592592687420396
C2_01044.trc,0.7574090971316234
C2_01045.trc,1.1981071357133606
C2_01046.trc,1.120831445208798
C2_01047.trc,0.9676087402305356
C2_01048.trc,2.4357163709432084
C2_01049.trc,6.24236474554261
C2_01050.trc,0.9544856958708016
C2_01051.trc,6.669208988594001
C2_01052.trc,0.8372431814685678
C2_01053.trc,0.8166782860196932
C2_01054.trc,1.9748854634216408
C2_01055.trc,0.7596350532554599
C2_01056.trc,0.9523926748793037
C2_01057.trc,1.966081440898602
C2_01058.trc,0.9191036418361218
C2_01059.trc,1.9932906556503283
C2_01060.trc,4.854855020887624
C2_01061.trc,1.1840873061770225
C2_01062.trc,0.8836550919117434
C2_01063.trc,2.0454835658085404
C2_01064.trc,9.621437711502084
C2_01065.trc,1.0878746337209284
C2_01066.trc,2.687876210502313
C2_01067.trc,19.46058401085741
C2_01068.trc,0.7899340490701847
C2_01069.trc,0.9040869985626512
C2_01070.trc,2.1008988955104133
C2_01071.trc,0.7748842517667196
C2_01072.trc,1.0258146955180876
C2_01073.trc,20.517196455649316
C2_01074.trc,0.8181068012906654
C2_01075.trc,0.816910835294635
C2_01076.trc,5.360171139574264
C2_01077.trc,1.3880743046741115
C2_01078.trc,3.313624358053749
C2_01079.trc,2.9727934588507807
C2_01080.trc,2.078174474236072
C2_01081.trc,1.3075094095380742
C2_01082.trc,2.537942541705074
C2_01083.trc,4.496548996863796
C2_01084.trc,1.1980075677828277
C2_01085.trc,11.04615672887058
C2_01086.trc,2.2761814295811984
C2_01087.trc,1.222027575158652
C2_01088.trc,0.8049839358163677
C2_01089.trc,12.476357632216724
C2_01090.trc,0.8319606922265778
C2_01091.trc,1.0833230745349876
C2_01092.trc,4.836881628579766
C2_01093.trc,10.729744793002356
C2_01094.trc,18.245367163176297
C2_01095.trc,1.4764132053725665
C2_01096.trc,6.6988767743358295
C2_01097.trc,2.450367726583375
C2_01098.trc,1.2092700509832854
C2_01099.trc,11.882071116542043
C2_01100.trc,17.7346025614909
C2_01101.trc,0.7762464023306482
C2_01102.trc,0.7846184564824059
C2_01103.trc,0.8658810560903241
C2_01104.trc,1.661928411401438
C2_01105.trc,13.628219781447937
C2_01106.trc,0.9802996105007391
C2_01107.trc,1.7132240205967093
C2_01108.trc,12.749049016420736
C2_01109.trc,11.112303372186242
C2_01110.trc,1.1222599962568571
C2_01111.trc,3.777445386283643
C2_01112.trc,1.1531570436423464
C2_01113.trc,0.9231900547693963
C2_01114.trc,6.400271892664232
C2_01115.trc,5.084024703071786
C2_01116.trc,14.117787749899538
C2_01117.trc,8.193396339944254
C2_01118.trc,2.2730585034324737
C2_01119.trc,2.315683068467692
C2_01120.trc,1.608772078559289
C2_01121.trc,1.177874660084487
C2_01122.trc,1.4455826851817235
C2_01123.trc,1.3367785344819492
C2_01124.trc,0.9554491901089124
C2_01125.trc,4.48654907244534
C2_01126.trc,0.8928576574664929
C2_01127.trc,1.659403502537104
C2_01128.trc,8.709210968057995
C2_01129.trc,1.823722436084466
C2_01130.trc,1.6795695866261182
C2_01131.trc,0.8293361334425533
C2_01132.trc,1.0427250003151964
C2_01133.trc,1.0591037404869654
C2_01134.trc,1.2770774264160927
C2_01135.trc,1.624818616555
C2_01136.trc,2.452493935891245
C2_01137.trc,3.619671196655036
C2_01138.trc,1.6736891650703194
C2_01139.trc,17.134269552986627
C2_01140.trc,6.122896146815311
C2_01141.trc,2.1993374629711537
C2_01142.trc,1.2440208860007993
C2_01143.trc,15.84028116586017
C2_01144.trc,0.9003993194722174
C2_01145.trc,30.71282141512983
C2_01146.trc,1.0419609460433912
C2_01147.trc,1.303755198780857
C2_01148.trc,1.9605001897272452
C2_01149.trc,1.0193694390314207
C2_01150.trc,0.803522108499932
C2_01151.trc,5.608842510439598
C2_01152.trc,10.707784448360501
C2_01153.trc,2.027244324105975
C2_01154.trc,1.665051267486701
C2_01155.trc,0.9163462254367803
C2_01156.trc,2.2850852257530185
C2_01157.trc,3.4844219093267346
C2_01158.trc,0.9276750882514035
C2_01159.trc,9.968182728909998
C2_01160.trc,0.6960801486133081
C2_01161.trc,0.9510637230667286
C2_01162.trc,11.695692576018235
C2_01163.trc,2.07156334175888
C2_01164.trc,0.7779075443935839
C2_01165.trc,2.311463872454699
C2_01166.trc,0.9918944658184173
C2_01167.trc,1.5978418720704843
C2_01168.trc,8.460473318946908
C2_01169.trc,1.9432242305816947
C2_01170.trc,0.8986717471109098
C2_01171.trc,0.8153494206684111
C2_01172.trc,0.7931898701020238
C2_01173.trc,2.668208408807417
C2_01174.trc,7.9458546195614
C2_01175.trc,1.6388386145417893
C2_01176.trc,1.9828920838503257
C2_01177.trc,1.5729248529298383
C2_01178.trc,2.151995333067532
C2_01179.trc,1.8871444518063496
C2_01180.trc,0.8372763116471714
C2_01181.trc,8.97867959432673
C2_01182.trc,0.8768444613304811
C2_01183.trc,2.535982348514653
C2_01184.trc,0.9522265857169706
C2_01185.trc,1.0119941434604518
C2_01186.trc,3.4767806242341344
C2_01187.trc,1.1995689704833552
C2_01188.trc,0.8268776310251978
C2_01189.trc,2.595583773865156
C2_01190.trc,1.055449227352221
C2_01191.trc,0.8132563012899225
C2_01192.trc,0.9742864058652211
C2_01193.trc,1.753190874308621
C2_01194.trc,1.0402000467295038
C2_01195.trc,1.9082741702603967
C2_01196.trc,1.8067124396277294
C2_01197.trc,0.7904988124468797
C2_01198.trc,13.718751181625708
C2_01199.trc,1.159735074264462
C2_01200.trc,1.2280740978024798
C2_01201.trc,5.385187643165577
C2_01202.trc,5.894557142993876
C2_01203.trc,2.006679451017779
C2_01204.trc,0.9702665156544571
C2_01205.trc,0.7809639731619009
C2_01206.trc,3.05817557324705
C2_01207.trc,0.7802995061998843
C2_01208.trc,15.786228402630854
C2_01209.trc,7.9703398462347765
C2_01210.trc,2.1951182744117204
C2_01211.trc,1.141263246019156
C2_01212.trc,15.17702507994138
C2_01213.trc,11.1430011883051
C2_01214.trc,1.0255821611502651
C2_01215.trc,9.056320919800477
C2_01216.trc,6.466119165840046
C2_01217.trc,5.260137845441839
C2_01218.trc,2.0650517399444244
C2_01219.trc,1.6501675831969596
C2_01220.trc,13.24722249614261
C2_01221.trc,0.8680737150758189
C2_01222.trc,6.855853755662635
C2_01223.trc,0.8345520880363362
C2_01224.trc,5.870669914225637
C2_01225.trc,2.2403674802201223
C2_01226.trc,19.37726231796749
C2_01227.trc,1.1581404176562378
C2_01228.trc,3.2484083277464952
C2_01229.trc,4.553426359600352
C2_01230.trc,17.237160268227523
C2_01231.trc,0.8393360265560565
C2_01232.trc,1.0001668804854673
C2_01233.trc,1.629569535208801
C2_01234.trc,1.2146189451815421
C2_01235.trc,15.045463485119923
C2_01236.trc,1.5064132081975719
C2_01237.trc,9.778746924819188
C2_01238.trc,0.8564125338096076
C2_01239.trc,15.000679066302606
C2_01240.trc,1.6111641745296645
C2_01241.trc,0.8001998541882989
C2_01242.trc,0.777442359382408
C2_01243.trc,0.9330570932490078
C2_01244.trc,3.706315920517517
C2_01245.trc,1.3164462270665265
C2_01246.trc,2.16950348520787
C2_01247.trc,1.473356815362761
C2_01248.trc,0.7950171818257384
C2_01249.trc,2.093556722664489
C2_01250.trc,1.3448516209860901
C2_01251.trc,0.7627912303304557
C2_01252.trc,2.4510654146574247
C2_01253.trc,2.1818956352886403
C2_01254.trc,0.8010636537853594
C2_01255.trc,7.937216814401921
C2_01256.trc,8.484493356136971
C2_01257.trc,1.9479086101151535
C2_01258.trc,6.813029790910334
C2_01259.trc,1.22588135831854
C2_01260.trc,8.178878107266126
C2_01261.trc,7.577415859715872
C2_01262.trc,1.6300677982236638
C2_01263.trc,1.4142205004878394
C2_01264.trc,4.005817728983354
C2_01265.trc,11.96994526900792
C2_01266.trc,10.46748535078158
C2_01267.trc,0.9928578258924515
C2_01268.trc,2.175118267559344
C2_01269.trc,4.368608762637797
C2_01270.trc,10.265292287862128
C2_01271.trc,14.22742244330725
C2_01272.trc,0.7044854849962898
C2_01273.trc,3.316348526508243
C2_01274.trc,1.4906988738686286
C2_01275.trc,0.9829243034488395
C2_01276.trc,1.0860805147857198
C2_01277.trc,12.835992676625878
C2_01278.trc,2.777045720990747
C2_01279.trc,1.992094682200738
C2_01280.trc,0.8127912355357014
C2_01281.trc,0.9353827380510464
C2_01282.trc,16.515465026305126
C2_01283.trc,0.9087382046868604
C2_01284.trc,0.8325919276415775
C2_01285.trc,10.293199475413884
C2_01286.trc,1.2542535460331898
C2_01287.trc,1.6397687967344372
C2_01288.trc,7.72419332609601
C2_01289.trc,1.0094359881419817
C2_01290.trc,1.8671777361294664
C2_01291.trc,0.8443526813104579
C2_01292.trc,1.0352500220288743
C2_01293.trc,0.7249174274242836
C2_01294.trc,4.946416576662227
C2_01295.trc,1.326878149670501
C2_01296.trc,4.3452200667032805
C2_01297.trc,3.2416974931746934
C2_01298.trc,0.9765123590076341
C2_01299.trc,6.307215160259935
C2_01300.trc,1.123024123573548
C2_01301.trc,1.6515961521335623
C2_01302.trc,1.088771472563164
C2_01303.trc,0.9016617425994324
C2_01304.trc,0.8739208186233073
C2_01305.trc,1.4168781641083643
C2_01306.trc,1.680931638803058
C2_01307.trc,13.901342803085173
C2_01308.trc,1.0491369492285376
C2_01309.trc,1.3681739194178995
C2_01310.trc,7.371003620162683
C2_01311.trc,0.9214291971954429
C2_01312.trc,1.8181078967190376
C2_01313.trc,0.8599008772835741
C2_01314.trc,6.770670944087171
C2_01315.trc,0.9489042926468265
C2_01316.trc,10.969578845697022
C2_01317.trc,9.965757094305946
C2_01318.trc,1.178904553316017
C2_01319.trc,2.218174669783192
C2_01320.trc,7.438545392168251
C2_01321.trc,2.402693187294734
C2_01322.trc,0.8552164813522841
C2_01323.trc,2.6001020418756022
C2_01324.trc,0.7737547130876348
C2_01325.trc,1.0704326733650482
C2_01326.trc,2.450533811273574
C2_01327.trc,0.9938545665846978
C2_01328.trc,2.004619666045433
C2_01329.trc,15.721942822844396
C2_01330.trc,2.2973110257968656
C2_01331.trc,7.314292664110102
C2_01332.trc,3.35618273130451
C2_01333.trc,1.0310306590561424
C2_01334.trc,0.8487712397727353
C2_01335.trc,1.319967658979162
C2_01336.trc,0.7267446705752483
C2_01337.trc,0.9183726938915298
C2_01338.trc,5.138376837931652
C2_01339.trc,0.772326060671163
C2_01340.trc,0.8786052682202286
C2_01341.trc,5.252596266915981
C2_01342.trc,2.770500929369208
C2_01343.trc,10.21944493656811
C2_01344.trc,2.076812702312978
C2_01345.trc,2.9044876310826933
C2_01346.trc,1.5013302856324033
C2_01347.trc,0.7806317083759418
C2_01348.trc,0.8633560875975117
C2_01349.trc,2.5606336375175482
C2_01350.trc,2.3424273888970686
C2_01351.trc,3.273126073880574
C2_01352.trc,1.5548185925716822
C2_01353.trc,1.8012308189968087
C2_01354.trc,5.96578643160228
C2_01355.trc,3.03133163271222
C2_01356.trc,0.7450171259362853
C2_01357.trc,4.400336445155368
C2_01358.trc,0.8865454672948143
C2_01359.trc,5.432729351671715
C2_01360.trc,1.6351176517294184
C2_01361.trc,0.8121932376305674
C2_01362.trc,0.8446849013750584
C2_01363.trc,2.3844207334244087
C2_01364.trc,0.7888044477811985
C2_01365.trc,1.6603668059640841
C2_01366.trc,0.9487048795133362
C2_01367.trc,9.499577112209973
C2_01368.trc,0.8557813162831513
C2_01369.trc,3.31857449008564
C2_01370.trc,0.940831244901196
C2_01371.trc,3.5436910028092403
C2_01372.trc,2.1016961723849636
C2_01373.trc,0.9144525609317165
C2_01374.trc,3.523059793337526
C2_01375.trc,4.01402374018485
C2_01376.trc,6.4514679190218525
C2_01377.trc,12.844198729567312
C2_01378.trc,0.790897534364023
C2_01379.trc,1.55681194128281
C2_01380.trc,1.0234226308526633
C2_01381.trc,1.4940875838207366
C2_01382.trc,5.022429888760933
C2_01383.trc,1.2503332282250952
C2_01384.trc,2.8553183057308864
C2_01385.trc,0.6978409793544471
C2_01386.trc,1.8178754324146764
C2_01387.trc,0.8676419017385809
C2_01388.trc,1.0147848659424072
C2_01389.trc,8.770174603600902
C2_01390.trc,10.402302695129691
C2_01391.trc,2.010400381034487
C2_01392.trc,1.2585059691210643
C2_01393.trc,0.9635223183529891
C2_01394.trc,0.9380404568279149
C2_01395.trc,0.8316616530247878
C2_01396.trc,1.9033569999566604
C2_01397.trc,0.8935553112541661
C2_01398.trc,1.5297354797965657
C2_01399.trc,13.347056277263846
C2_01400.trc,3.6487409979081384
C2_01401.trc,0.8996350475564663
C2_01402.trc,4.55335981302645
C2_01403.trc,4.043625059851222
C2_01404.trc,1.9724269252271993
C2_01405.trc,1.2476089658557497
C2_01406.trc,1.3764463057614233
C2_01407.trc,2.2948858712020597
C2_01408.trc,1.862227349185833
C2_01409.trc,1.2629577978888697
C2_01410.trc,3.728109919594587
C2_01411.trc,4.570469435551486
C2_01412.trc,2.449503921023469
C2_01413.trc,1.2790708436999716
C2_01414.trc,1.577675799907165
C2_01415.trc,12.704829580114774
C2_01416.trc,1.1423264960175064
C2_01417.trc,1.432692196059781
C2_01418.trc,0.9814624105410787
C2_01419.trc,0.805814456163629
C2_01420.trc,1.2358481242348636
C2_01421.trc,2.251164697910958
C2_01422.trc,2.4325934924972668
C2_01423.trc,0.7802330818643617
C2_01424.trc,2.31219482039929
C2_01425.trc,4.181233181788645
C2_01426.trc,0.9704990291523125
C2_01427.trc,2.88840811048886
C2_01428.trc,0.9835887912808225
C2_01429.trc,1.1669110953381512
C2_01430.trc,0.7129572427333688
C2_01431.trc,2.537178460600455
C2_01432.trc,1.9609652510093312
C2_01433.trc,13.231408513384688
C2_01434.trc,0.8195354119672029
C2_01435.trc,0.7740869093008429
C2_01436.trc,10.417950168344506
C2_01437.trc,1.9339219882744405
C2_01438.trc,7.5240935942361435
C2_01439.trc,0.9864459440611479
C2_01440.trc,0.8661135129411252
C2_01441.trc,15.213935561532033
C2_01442.trc,0.7643193865768472
C2_01443.trc,0.8680736912244276
C2_01444.trc,1.6839549135413798
C2_01445.trc,0.8893693110111023
C2_01446.trc,0.7992030896446622
C2_01447.trc,15.487722740063193
C2_01448.trc,0.8333892999216916
C2_01449.trc,1.0476752307340749
C2_01450.trc,2.009337242839533
C2_01451.trc,0.8215287353362296
C2_01452.trc,1.0058146469257756
C2_01453.trc,2.0068123876408293
C2_01454.trc,0.76973474535985
C2_01455.trc,0.901761383574851
C2_01456.trc,0.8287381087046032
C2_01457.trc,3.7476780087598893
C2_01458.trc,0.8637546514991894
C2_01459.trc,1.6255828035001691
C2_01460.trc,11.648516535276945
C2_01461.trc,5.303360402419344
C2_01462.trc,0.8100005249794422
C2_01463.trc,1.1704328194303288
C2_01464.trc,1.2609313264526965
C2_01465.trc,2.1342210840743023
C2_01466.trc,3.7799038573960475
C2_01467.trc,1.1892699815210068
C2_01468.trc,0.9706319150911561
C2_01469.trc,1.2173099446989213
C2_01470.trc,0.7716616950775594
C2_01471.trc,1.0970107809030019
C2_01472.trc,3.0705011693003588
C2_01473.trc,6.988246163010899
C2_01474.trc,1.0531569572055461
C2_01475.trc,0.9539874224209561
C2_01476.trc,2.537311291382956
C2_01477.trc,8.298812004298714
C2_01478.trc,0.9231900249551576
C2_01479.trc,1.7813970384522637
C2_01480.trc,1.3362137055139283
C2_01481.trc,5.276583026346959
C2_01482.trc,0.882857847832857
C2_01483.trc,1.0536554005965537
C2_01484.trc,0.8074755654309019
C2_01485.trc,3.454920241070766
C2_01486.trc,1.4470111512592023
C2_01487.trc,1.2746522643677265
C2_01488.trc,7.062498504241543
C2_01489.trc,1.2904994548212732
C2_01490.trc,0.99744260171829
C2_01491.trc,3.4735913795904367
C2_01492.trc,1.1011304850117696
C2_01493.trc,0.6604322869238536
C2_01494.trc,0.9775422716184189
C2_01495.trc,3.2346542372921787
C2_01496.trc,1.0963796006443438
C2_01497.trc,4.341598804494808
C2_01498.trc,1.8673106190868862
C2_01499.trc,0.7747513792442838
C2_01500.trc,0.8657481120137138
C2_01501.trc,0.8724258581468458
C2_01502.trc,4.665120536856601
C2_01503.trc,1.0446187184858897
C2_01504.trc,1.951297318576549
C2_01505.trc,0.8294357654737008
C2_01506.trc,0.7629572717900064
C2_01507.trc,0.922326162748195
C2_01508.trc,1.7933570382948978
C2_01509.trc,17.04812353338974
C2_01510.trc,5.858909065151189
C2_01511.trc,0.9292033339405115
C2_01512.trc,9.204261339764289
C2_01513.trc,0.8387380912608239
C2_01514.trc,1.5788052506342454
C2_01515.trc,0.8016284410134451
C2_01516.trc,1.4672770119784233
C2_01517.trc,1.3182070399191215
C2_01518.trc,8.168645697673346
C2_01519.trc,7.459807643262414
C2_01520.trc,17.6342036219543
C2_01521.trc,2.2690718134637753
C2_01522.trc,1.4615958723734621
C2_01523.trc,0.826113463459285
C2_01524.trc,0.8695354797823514
C2_01525.trc,2.745916216754455
C2_01526.trc,6.078510654142679
C2_01527.trc,4.263658486031339
C2_01528.trc,1.0172763822628337
C2_01529.trc,12.138782570443428
C2_01530.trc,2.7684743267503835
C2_01531.trc,4.498974339288307
C2_01532.trc,7.536452326430904
C2_01533.trc,0.7547512948748861
C2_01534.trc,1.1701006068192885
C2_01535.trc,5.840703274130297
C2_01536.trc,0.862558736187365
C2_01537.trc,1.9747525089100482
C2_01538.trc,1.2865459397525374
C2_01539.trc,3.7328938446978994
C2_01540.trc,1.7803669752795726
C2_01541.trc,0.841993858627033
C2_01542.trc,11.725692608657477
C2_01543.trc,1.6504995722012088
C2_01544.trc,10.750342703845014
C2_01545.trc,0.9632897005052977
C2_01546.trc,1.4125260568144247
C2_01547.trc,1.8674434945907463
C2_01548.trc,0.7848510325901634
C2_01549.trc,2.66837467387376
C2_01550.trc,1.993689526638667
C2_01551.trc,1.645350231263364
C2_01552.trc,3.4859169398666583
C2_01553.trc,14.779084471463738
C2_01554.trc,1.4352170989612665
C2_01555.trc,0.8247514202266168
C2_01556.trc,1.1890374620603037
C2_01557.trc,0.9389707463518229
C2_01558.trc,9.612301659725574
C2_01559.trc,1.303555891487915
C2_01560.trc,0.894485687239368
C2_01561.trc,0.8191035807414222
C2_01562.trc,1.9438886945622862
C2_01563.trc,1.353622377675737
C2_01564.trc,0.7706649573667367
C2_01565.trc,1.0535555837171247
C2_01566.trc,1.572559550389416
C2_01567.trc,0.7869441012844446
C2_01568.trc,1.4692371857895894
C2_01569.trc,0.7823260790044709
C2_01570.trc,1.1874760817204542
C2_01571.trc,1.98953665955563
C2_01572.trc,0.8293693918223839
C2_01573.trc,3.6121296285641664
C2_01574.trc,10.342900509990091
C2_01575.trc,1.1065457155935445
C2_01576.trc,1.9433239282041683
C2_01577.trc,1.5212638100114921
C2_01578.trc,4.170967357291276
C2_01579.trc,13.892339632775373
C2_01580.trc,1.8557158874983002
C2_01581.trc,8.025622340682013
C2_01582.trc,0.9020936066208756
C2_01583.trc,12.193301320686942
C2_01584.trc,1.7182406529904317
C2_01585.trc,1.2883398902372962
C2_01586.trc,0.8782397062959274
C2_01587.trc,0.9319940027568371
C2_01588.trc,2.7284743190084786
C2_01589.trc,3.364288968857223
C2_01590.trc,0.7636216910492397
C2_01591.trc,1.6129581727172047
C2_01592.trc,1.0590040458459153
C2_01593.trc,0.8413627245804469
C2_01594.trc,8.789410432452382
C2_01595.trc,0.726744667593825
C2_01596.trc,0.8143859055603337
C2_01597.trc,1.1381736244623348
C2_01598.trc,15.120214643910277
C2_01599.trc,1.4483069400975106
C2_01600.trc,0.7681400037810449
C2_01601.trc,1.918174416435633
C2_01602.trc,0.8338543626944892
C2_01603.trc,0.8386716609624529
C2_01604.trc,1.0003329562313916
C2_01605.trc,2.9073116328144457
C2_01606.trc,2.380234703367106
C2_01607.trc,0.8044856265894333
C2_01608.trc,16.936063554204573
C2_01609.trc,0.6913625569120894
C2_01610.trc,1.681297099358946
C2_01611.trc,1.0664127786821491
C2_01612.trc,6.769973250050275
C2_01613.trc,9.958713965133947
C2_01614.trc,1.3224264312153804
C2_01615.trc,1.5491707009115696
C2_01616.trc,0.8470769556055
C2_01617.trc,1.1788049168127332
C2_01618.trc,0.8422264854189965
C2_01619.trc,0.8773759782530404
C2_01620.trc,0.8739208633446666
C2_01621.trc,1.4274430471867794
C2_01622.trc,15.011377292968431
C2_01623.trc,3.1078102103205487
C2_01624.trc,1.3280409989043347
C2_01625.trc,0.7212629172709629
C2_01626.trc,0.8649175529079427
C2_01627.trc,1.1374427227298125
C2_01628.trc,9.129809850746877
C2_01629.trc,1.0345522877427555
C2_01630.trc,1.040665222796409
C2_01631.trc,1.066811460350071
C2_01632.trc,9.637916119482085
C2_01633.trc,1.2048182162526326
C2_01634.trc,1.0076419825008816
C2_01635.trc,16.55134603951715
C2_01636.trc,0.8609640542370379
C2_01637.trc,0.8337215438376837
C2_01638.trc,1.1123597485909074
C2_01639.trc,2.1688723645776897
C2_01640.trc,1.032359578073054
C2_01641.trc,0.8012962358559643
C2_01642.trc,0.7164456517986613
C2_01643.trc,1.0574758031382303
C2_01644.trc,0.7876749150649611
C2_01645.trc,1.0153163515600148
C2_01646.trc,1.3568118041862933
C2_01647.trc,2.1523605044253022
C2_01648.trc,0.8925919929200661
C2_01649.trc,3.3181758039455835
C2_01650.trc,1.8445531108645874
C2_01651.trc,17.692277159386556
C2_01652.trc,2.686148644103855
C2_01653.trc,1.3748516402089273
C2_01654.trc,0.8247513963752251
C2_01655.trc,1.021495755670549
C2_01656.trc,11.063034300018465
C2_01657.trc,12.705660177979052
C2_01658.trc,2.2716631958571263
C2_01659.trc,1.8478089184800186
C2_01660.trc,0.8769773547228852
C2_01661.trc,2.5243876854988168
C2_01662.trc,2.015749212622841
C2_01663.trc,6.240238469152703
C2_01664.trc,2.397078606189371
C2_01665.trc,2.0799022627506094
C2_01666.trc,4.73498784484224
C2_01667.trc,1.3111970677585412
C2_01668.trc,0.8838212138697407
C2_01669.trc,4.402728500876521
C2_01670.trc,7.646219904286752
C2_01671.trc,2.6156834857935642
C2_01672.trc,1.2430242630747976
C2_01673.trc,0.8765786834899472
C2_01674.trc,2.445683318726391
C2_01675.trc,0.9191701526329364
C2_01676.trc,0.816777921032265
C2_01677.trc,0.9064125449777014
C2_01678.trc,0.8523261357834522
C2_01679.trc,2.823623847306771
C2_01680.trc,0.8098011506044621
C2_01681.trc,1.5506990479690916
C2_01682.trc,8.715888814068826
C2_01683.trc,1.32302434116851
C2_01684.trc,1.9719285996024347
C2_01685.trc,0.8164456800976966
C2_01686.trc,2.310965643726212
C2_01687.trc,1.0348512360111173
C2_01688.trc,1.024651962559786
C2_01689.trc,2.7960159106379034
C2_01690.trc,2.85000263860751
C2_01691.trc,1.950101351089806
C2_01692.trc,2.393856091240147
C2_01693.trc,0.8080072403689272
C2_01694.trc,0.6383724936084193
C2_01695.trc,12.875793393472678
C2_01696.trc,4.241233233650726
C2_01697.trc,13.80340253441638
C2_01698.trc,7.53548895890331
C2_01699.trc,1.9488389756653708
C2_01700.trc,0.9148843265661719
C2_01701.trc,2.4681085502370355
C2_01702.trc,0.8985056758371199
C2_01703.trc,24.91972627980405
C2_01704.trc,1.1290040757920818
C2_01705.trc,1.0036219789960097
C2_01706.trc,6.227148689135651
C2_01707.trc,0.8074424024566359
C2_01708.trc,1.182060770640235
C2_01709.trc,1.0594692889948587
C2_01710.trc,4.606814818355251
C2_01711.trc,10.971704974506448
C2_01712.trc,0.8404323724466355
C2_01713.trc,0.8229241532242603
C2_01714.trc,0.802359293552473
C2_01715.trc,3.7033257058943376
C2_01716.trc,1.0689375265495924
C2_01717.trc,4.992429985813627
C2_01718.trc,3.9251199374734895
C2_01719.trc,1.8250846880168057
C2_01720.trc,6.047115322872356
C2_01721.trc,1.7473436813184147
C2_01722.trc,0.8530238402553325
C2_01723.trc,1.0065787816960277
C2_01724.trc,1.6116293014030763
C2_01725.trc,4.1891401135391275
C2_01726.trc,13.736059841624817
C2_01727.trc,1.7261809608869907
C2_01728.trc,1.0287050977339733
C2_01729.trc,2.820932771763083
C2_01730.trc,0.9001999600043569
C2_01731.trc,11.632004713883067
C2_01732.trc,0.8587381786116466
C2_01733.trc,0.9163129074284709
C2_01734.trc,3.3236907992318683
C2_01735.trc,0.8227579776006351
C2_01736.trc,1.329469512684596
C2_01737.trc,1.6975429342126163
C2_01738.trc,15.30313837214023
C2_01739.trc,1.5583733782697136
C2_01740.trc,0.979269772425552
C2_01741.trc,3.872229473405304
C2_01742.trc,0.9174757820044078
C2_01743.trc,1.0552499662713495
C2_01744.trc,1.7137556418691062
C2_01745.trc,1.2539544636007538
C2_01746.trc,0.8564457683380475
C2_01747.trc,0.8712631087907123
C2_01748.trc,1.3568781748561853
C2_01749.trc,1.0048512808888932
C2_01750.trc,7.069674377734752
C2_01751.trc,7.174126269087965
C2_01752.trc,0.825349388317512
C2_01753.trc,0.9097348380478454
C2_01754.trc,1.2973764739609719
C2_01755.trc,5.978909419314958
C2_01756.trc,0.9516285788675642
C2_01757.trc,1.0653829584955052
C2_01758.trc,2.249736309350501
C2_01759.trc,1.7684732179056044
C2_01760.trc,0.8780071987609198
C2_01761.trc,0.8589707278865872
C2_01762.trc,1.1980407680248923
C2_01763.trc,1.501994634828175
C2_01764.trc,1.1914294000152137
C2_01765.trc,3.4387408812368245
C2_01766.trc,1.3975759466984488
C2_01767.trc,6.418810185494284
C2_01768.trc,1.1039876079778572
C2_01769.trc,1.4199346942450937
C2_01770.trc,1.8866129050695508
C2_01771.trc,1.0029243341526077
C2_01772.trc,0.7830237447178399
C2_01773.trc,2.43963678564758
C2_01774.trc,1.6976759587876704
C2_01775.trc,1.1951172788610491
C2_01776.trc,0.9383727007439062
C2_01777.trc,4.397246686453046
C2_01778.trc,0.8635221469456056
C2_01779.trc,2.132460453088565
C2_01780.trc,2.1579421312560694
C2_01781.trc,1.0422931034980907
C2_01782.trc,0.8101666022160797
C2_01783.trc,2.6693048024007764
C2_01784.trc,1.9164468485464634
C2_01785.trc,2.2285069693002897
C2_01786.trc,9.075257831688544
C2_01787.trc,4.577844766899541
C2_01788.trc,1.0072432367323474
C2_01789.trc,10.968249931152249
C2_01790.trc,3.258640904299016
C2_01791.trc,4.559638867056676
C2_01792.trc,1.4076423893672791
C2_01793.trc,0.924219964398757
C2_01794.trc,2.2963143596402165
C2_01795.trc,0.981728259935788
C2_01796.trc,0.8935886501324429
C2_01797.trc,2.701497528311892
C2_01798.trc,1.4368783632625828
C2_01799.trc,0.8862796745471598
C2_01800.trc,1.8860481536185527
C2_01801.trc,2.3082745160076037
C2_01802.trc,1.229535862509012
C2_01803.trc,2.8249527484351398
C2_01804.trc,3.0775111340073775
C2_01805.trc,0.8471765697481046
C2_01806.trc,0.845681642067304
C2_01807.trc,5.549340995883379
C2_01808.trc,1.581496311270814
C2_01809.trc,12.703002539700632
C2_01810.trc,0.8478078618101585
C2_01811.trc,6.01143421025663
C2_01812.trc,2.2504339079818325
C2_01813.trc,2.519736568817325
C2_01814.trc,6.772365235707968
C2_01815.trc,1.2936554708993797
C2_01816.trc,1.593091078636487
C2_01817.trc,12.406058879099707
C2_01818.trc,0.9287382085578122
C2_01819.trc,9.678946147166037
C2_01820.trc,0.851495600529071
C2_01821.trc,1.8448521619920717
C2_01822.trc,3.884887426668713
C2_01823.trc,1.6801675368284696
C2_01824.trc,1.513124123267818
C2_01825.trc,1.3077418395560598
C2_01826.trc,2.035051686435213
C2_01827.trc,1.0045521552258105
C2_01828.trc,1.1743863210826575
C2_01829.trc,9.57083977547374
C2_01830.trc,1.0765788265493115
C2_01831.trc,1.1668779905016502
C2_01832.trc,1.3191038146607434
C2_01833.trc,9.25203569742307
C2_01834.trc,0.8831567886476595
C2_01835.trc,8.737882002672595
C2_01836.trc,0.8798344806703954
C2_01837.trc,1.3709978153091062
C2_01838.trc,0.9146518458639795
C2_01839.trc,2.2248193230055167
C2_01840.trc,6.172165299481528
C2_01841.trc,13.00057788143943
C2_01842.trc,13.196657760356334
C2_01843.trc,0.8201334844079355
C2_01844.trc,10.042169320623636
C2_01845.trc,1.8598687202949618
C2_01846.trc,0.8577082242609266
C2_01847.trc,2.986447972430289
C2_01848.trc,0.8350171239763189
C2_01849.trc,0.9134557725366885
C2_01850.trc,1.9529254482271245
C2_01851.trc,0.9442198996969601
C2_01852.trc,1.8983073134106434
C2_01853.trc,0.8977747308739519
C2_01854.trc,1.2040872996129923
C2_01855.trc,1.2248513681907331
C2_01856.trc,11.261505823220025
C2_01857.trc,1.3107984725519133
C2_01858.trc,8.561934871947853
C2_01859.trc,10.99306733167815
C2_01860.trc,0.80398721003124
C2_01861.trc,0.9456818075118396
C2_01862.trc,6.263394414566166
C2_01863.trc,1.740898491913785
C2_01864.trc,9.60266708107819
C2_01865.trc,1.7861476097701812
C2_01866.trc,6.828411738214939
C2_01867.trc,9.633962847399399
C2_01868.trc,0.9382399921997842
C2_01869.trc,1.0388712082110372
C2_01870.trc,0.7370436476119011
C2_01871.trc,1.0137881177966017
C2_01872.trc,13.483933800083273
C2_01873.trc,1.055183553861522
C2_01874.trc,1.7998022113016954
C2_01875.trc,6.034391039188278
C2_01876.trc,0.9194358469936021
C2_01877.trc,2.149204579280625
C2_01878.trc,10.63881452332696
C2_01879.trc,3.9258841706307277
C2_01880.trc,0.9582731113422218
C2_01881.trc,1.3671439695393164
C2_01882.trc,1.1998348258409106
C2_01883.trc,2.19601531450007
C2_01884.trc,12.803833194187476
C2_01885.trc,1.0083063570387565
C2_01886.trc,1.8155165307235186
C2_01887.trc,2.498307906567052
C2_01888.trc,2.095184491562774
C2_01889.trc,0.9038544612134044
C2_01890.trc,14.321110464792175
C2_01891.trc,0.7882065601887474
C2_01892.trc,0.8242530334826622
C2_01893.trc,6.839906734913251
C2_01894.trc,1.7921942352731333
C2_01895.trc,1.1264460725262304
C2_01896.trc,1.5232571542504847
C2_01897.trc,0.8968443966286852
C2_01898.trc,1.3999347574561778
C2_01899.trc,0.9161136284590558
C2_01900.trc,7.630074090540049
C2_01901.trc,14.475662626934364
C2_01902.trc,0.9291700189136262
C2_01903.trc,0.9164126110137911
C2_01904.trc,0.8561800054046325
C2_01905.trc,14.129549283210764
C2_01906.trc,1.5643867692442248
C2_01907.trc,5.553692851247
C2_01908.trc,2.150134785324664
C2_01909.trc,8.990739387197399
C2_01910.trc,0.7875420246539822
C2_01911.trc,1.0716619320272867
C2_01912.trc,0.7915286952434246
C2_01913.trc,13.22483008474249
C2_01914.trc,1.685051353346811
C2_01915.trc,4.117312876219084
C2_01916.trc,11.501041431506964
C2_01917.trc,1.1787383598038481
C2_01918.trc,0.9043196074660711
C2_01919.trc,0.930299685793938
C2_01920.trc,7.802997539562106
C2_01921.trc,0.9804658189200277
C2_01922.trc,17.119784559309075
C2_01923.trc,0.9665455125928654
C2_01924.trc,0.7460137682415429
C2_01925.trc,1.9272110091035808
C2_01926.trc,2.1417295130422973
C2_01927.trc,1.710200935178806
C2_01928.trc,4.962562690042032
C2_01929.trc,1.3868449595505823
C2_01930.trc,1.0065122619549394
C2_01931.trc,6.2328631944517
C2_01932.trc,2.1341547402372254
C2_01933.trc,1.0108313702529261
C2_01934.trc,0.7363127891100247
C2_01935.trc,1.7440213763225745
C2_01936.trc,1.0128911119946276
C2_01937.trc,5.798178208452863
C2_01938.trc,4.296814798604704
C2_01939.trc,0.7425918073631648
C2_01940.trc,0.9733894194425023
C2_01941.trc,2.0179420296238026
C2_01942.trc,2.791364776067869
C2_01943.trc,1.0887715948015435
C2_01944.trc,11.09602400615245
C2_01945.trc,1.012459253936031
C2_01946.trc,1.1983066174196004
C2_01947.trc,1.1816953592778414
C2_01948.trc,1.0744524517724168
C2_01949.trc,3.982761184540688
C2_01950.trc,0.7909971634137469
C2_01951.trc,4.194987504794022
C2_01952.trc,2.1171780021603213
C2_01953.trc,19.604770793988102
C2_01954.trc,0.8553161610862138
C2_01955.trc,0.9302332107742091
C2_01956.trc,1.7740545793896456
C2_01957.trc,1.555981464166195
C2_01958.trc,0.8744523892114976
C2_01959.trc,6.366617345399532
C2_01960.trc,2.058274302151667
C2_01961.trc,16.24921882107077
C2_01962.trc,1.1981072251560785
C2_01963.trc,0.8789043282919863
C2_01964.trc,7.664259841677799
C2_01965.trc,5.061599496903245
C2_01966.trc,0.8441533307868703
C2_01967.trc,0.9530239013500313
C2_01968.trc,2.218540213818949
C2_01969.trc,1.05734301111424
C2_01970.trc,0.7044855356804962
C2_01971.trc,0.7724257284793962
C2_01972.trc,60.15188832152204
C2_01973.trc,9.287284925147386
C2_01974.trc,0.7930237928653869
C2_01975.trc,3.7218971825686227
C2_01976.trc,2.5049855841274344
C2_01977.trc,0.9756485146892148
C2_01978.trc,4.638542675286121
C2_01979.trc,7.3414690080671035
C2_01980.trc,0.8251167555627011
C2_01981.trc,0.8445188271198454
C2_01982.trc,0.8351832489157376
C2_01983.trc,2.1710651159873238
C2_01984.trc,3.0892055274413512
C2_01985.trc,1.9936562906195137
C2_01986.trc,0.8257480476247545
C2_01987.trc,2.757975929126681
C2_01988.trc,0.7831566112774283
C2_01989.trc,1.5827587567587096
C2_01990.trc,12.910145315761914
C2_01991.trc,2.5427597892888336
C2_01992.trc,13.676524818249165
C2_01993.trc,11.716423375781162
C2_01994.trc,0.8508643830026149
C2_01995.trc,10.361803935419399
C2_01996.trc,1.9368787641416418
C2_01997.trc,12.412636949971043
C2_01998.trc,1.8704003136885938
C2_01999.trc,5.024888416520391
C2_02000.trc,0.7527579148588057
C2_02001.trc,1.3547851106340398
C2_02002.trc,0.8590371671292298
C2_02003.trc,11.245858193480448
C2_02004.trc,7.991435926177448
C2_02005.trc,1.5942539621566958
C2_02006.trc,1.0879410222793635
C2_02007.trc,1.613589388752949
C2_02008.trc,9.81911268976866
C2_02009.trc,0.7408974397160603
C2_02010.trc,1.3234562797255514
C2_02011.trc,4.58890797560272
C2_02012.trc,2.149669744912547
C2_02013.trc,1.0828247578544938
C2_02014.trc,0.8449507388440707
C2_02015.trc,2.083390524235419
C2_02016.trc,2.3975436823785765
C2_02017.trc,0.9574093922436064
C2_02018.trc,3.8662827914922966
C2_02019.trc,1.4602005662888273
C2_02020.trc,1.3237883999124507
C2_02021.trc,1.1059809507261384
C2_02022.trc,2.6078096499353114
C2_02023.trc,12.571706651165535
C2_02024.trc,5.242596287341184
C2_02025.trc,1.050798188187751
C2_02026.trc,1.3088050478144757
C2_02027.trc,0.757841020781544
C2_02028.trc,0.846478975588908
C2_02029.trc,0.7579738992668276
C2_02030.trc,0.7856483094647121
C2_02031.trc,0.8878742819618902
C2_02032.trc,1.9947526111679894
C2_02033.trc,2.0421945281368035
C2_02034.trc,1.2859810377396326
C2_02035.trc,1.270831572627933
C2_02036.trc,7.947881263920161
C2_02037.trc,7.3537943387736835
C2_02038.trc,1.3046189178794718
C2_02039.trc,1.1059476610413561
C2_02040.trc,1.2095690380101578
C2_02041.trc,2.7926271768344044
C2_02042.trc,5.455054893013448
C2_02043.trc,1.3247186775106634
C2_02044.trc,1.9899020381223615
C2_02045.trc,1.1545856110882382
C2_02046.trc,1.335084062485008
C2_02047.trc,17.103505709061622
C2_02048.trc,5.5895402542711725
C2_02049.trc,0.8517281170083495
C2_02050.trc,1.996347348274659
C2_02051.trc,1.5505660666246825
C2_02052.trc,0.967044012630928
C2_02053.trc,0.8059805274374183
C2_02054.trc,0.9001667105687968
C2_02055.trc,3.7930267765359753
C2_02056.trc,2.1436897002698707
C2_02057.trc,0.8146184190581887
C2_02058.trc,2.054686222296717
C2_02059.trc,1.2153830441747058
C2_02060.trc,0.8171101202268973
C2_02061.trc,3.4108670072212437
C2_02062.trc,0.9831236584445651
C2_02063.trc,0.9940871397110311
C2_02064.trc,1.7714301204833216
C2_02065.trc,9.975557696524337
C2_02066.trc,0.9601667639215892
C2_02067.trc,0.8711302004911895
C2_02068.trc,0.7914954964920712
C2_02069.trc,1.8611643779506184
C2_02070.trc,0.8844857195902658
C2_02071.trc,1.6444864152684724
C2_02072.trc,3.9777778045639516
C2_02073.trc,1.1371436835280226
C2_02074.trc,1.45445302918116
C2_02075.trc,2.023390508150426
C2_02076.trc,1.8406993083254433
C2_02077.trc,2.012493354323204
C2_02078.trc,3.2453519079224504
C2_02079.trc,1.0691369784415932
C2_02080.trc,2.182227891130327
C2_02081.trc,1.037210078073797
C2_02082.trc,10.189877019880628
C2_02083.trc,0.8549839917058195
C2_02084.trc,1.4176091940421134
C2_02085.trc,1.840699384351753
C2_02086.trc,15.307822469929132
C2_02087.trc,17.690881583483062
C2_02088.trc,0.8087380660751389
C2_02089.trc,1.9293372586606718
C2_02090.trc,1.5523933231920548
C2_02091.trc,2.63963699429827
C2_02092.trc,0.8508643621326475
C2_02093.trc,7.017847145776371
C2_02094.trc,1.1490041750685995
C2_02095.trc,11.078548851517356
C2_02096.trc,1.4090044758305948
C2_02097.trc,1.3773101143027542
C2_02098.trc,1.1202334547572226
C2_02099.trc,6.967548016398754
C2_02100.trc,4.071133474801627
C2_02101.trc,20.624671981002436
C2_02102.trc,0.7401998604639836
C2_02103.trc,1.6228252559181757
C2_02104.trc,1.5554498041352898
C2_02105.trc,0.9534557564272033
C2_02106.trc,9.674394871215366
C2_02107.trc,10.010807255186707
C2_02108.trc,0.9392033314038519
C2_02109.trc,2.6110654843835577
C2_02110.trc,6.953262450761816
C2_02111.trc,0.8358809832018566
C2_02112.trc,2.962195441121626
C2_02113.trc,1.6989715210377625
C2_02114.trc,1.1442531580278097
C2_02115.trc,10.734595134987634
C2_02116.trc,10.323764147700734
C2_02117.trc,1.0987051306615634
C2_02118.trc,0.9508312691973511
C2_02119.trc,8.471436831518321
C2_02120.trc,1.821097920531088
C2_02121.trc,0.9318611511043684
C2_02122.trc,0.8393028963774526
C2_02123.trc,1.7124599007335801
C2_02124.trc,1.125416210599652
C2_02125.trc,4.606283572742266
C2_02126.trc,12.399015577005118
C2_02127.trc,9.14030798749599
C2_02128.trc,0.946512292082014
C2_02129.trc,0.7890038728403839
C2_02130.trc,5.955221661817973
C2_02131.trc,6.476318381153611
C2_02132.trc,1.011528866025134
C2_02133.trc,1.2081405108134897
C2_02134.trc,0.815316135455765
C2_02135.trc,5.924856199927792
C2_02136.trc,2.3818959154935033
C2_02137.trc,1.4770444094826147
C2_02138.trc,0.9659475385391217
C2_02139.trc,1.8011644483269174
C2_02140.trc,0.997841314691162
C2_02141.trc,2.4315304497078785
C2_02142.trc,1.0347515428607794
C2_02143.trc,13.388351886014355
C2_02144.trc,6.827846950986855
C2_02145.trc,10.561139715866581
C2_02146.trc,1.1733896847402474
C2_02147.trc,1.322094038228195
C2_02148.trc,1.0062798408812248
C2_02149.trc,4.572097459361512
C2_02150.trc,0.9038876480390633
C2_02151.trc,1.3648517068462005
C2_02152.trc,0.9818279635211089
C2_02153.trc,0.8373427508898144
C2_02154.trc,2.378673211223861
C2_02155.trc,5.688942271248667
C2_02156.trc,5.789540397330537
C2_02157.trc,0.9351833636760674
C2_02158.trc,1.4799015607722292
C2_02159.trc,5.884988890295023
C2_02160.trc,0.8482397854600795
C2_02161.trc,3.1015976119307953
C2_02162.trc,8.24632036798822
C2_02163.trc,0.9453495904286642
C2_02164.trc,0.757010446768652
C2_02165.trc,2.6014309847439043
C2_02166.trc,2.709371288143836
C2_02167.trc,1.0821934464131848
C2_02168.trc,0.8877747662062748
C2_02169.trc,0.8677746311526698
C2_02170.trc,0.9906982970855609
C2_02171.trc,0.873688233571279
C2_02172.trc,1.1960806776935957
C2_02173.trc,1.6595030481069581
C2_02174.trc,7.28987394674283
C2_02175.trc,7.259641719618086
C2_02176.trc,1.1751836695113804
C2_02177.trc,1.9084733374264151
C2_02178.trc,1.0463462461258364
C2_02179.trc,3.3958504936397125
C2_02180.trc,1.677576179777222
C2_02181.trc,9.532235081270032
C2_02182.trc,2.654852910578307
C2_02183.trc,2.758673609747169
C2_02184.trc,1.3434562254587372
C2_02185.trc,1.3297354023285266
C2_02186.trc,2.1689387605896844
C2_02187.trc,0.8353826203092937
C2_02188.trc,2.016015041147583
C2_02189.trc,10.764229718996686
C2_02190.trc,3.4096709130239846
C2_02191.trc,0.9978412490998358
C2_02192.trc,10.643299319785763
C2_02193.trc,1.6619615445614648
C2_02194.trc,3.2086408469188505
C2_02195.trc,2.1088058839079498
C2_02196.trc,0.7477413435842739
C2_02197.trc,3.662628165112426
C2_02198.trc,9.19738438919734
C2_02199.trc,2.867942882848219
C2_02200.trc,2.278241323375517
C2_02201.trc,1.5111308207687595
C2_02202.trc,1.2356488482468724
C2_02203.trc,1.6107655226759825
C2_02204.trc,1.0830573593043542
C2_02205.trc,2.58385621298478
C2_02206.trc,1.3236223346015095
C2_02207.trc,0.788206518448813
C2_02208.trc,1.240300102073863
C2_02209.trc,8.507184560771416
C2_02210.trc,1.0462466945931348
C2_02211.trc,1.4895361185496483
C2_02212.trc,6.266085661541727
C2_02213.trc,1.1988382252755883
C2_02214.trc,2.8260824078618914
C2_02215.trc,1.296180563121283
C2_02216.trc,15.766461213381572
C2_02217.trc,0.83053202788441
C2_02218.trc,6.1573147304632725
C2_02219.trc,1.0140539105442552
C2_02220.trc,1.498107503845739
C2_02221.trc,1.566147483709831
C2_02222.trc,13.492538027850562
C2_02223.trc,0.8187380516127843
C2_02224.trc,1.13641285782181
C2_02225.trc,1.4853832917158347
C2_02226.trc,1.8230580332230635
C2_02227.trc,2.2679422419890285
C2_02228.trc,12.123367094940127
C2_02229.trc,3.106913222407118
C2_02230.trc,7.92565541871019
C2_02231.trc,2.2180418539078097
C2_02232.trc,11.298383049412259
C2_02233.trc,2.335218099008564
C2_02234.trc,1.8016958847510298
C2_02235.trc,8.207748827814504
C2_02236.trc,7.605156692758567
C2_02237.trc,2.1584737018442586
C2_02238.trc,0.8426251924290212
C2_02239.trc,1.8041543782241138
C2_02240.trc,2.3855502825384773
C2_02241.trc,6.867249258966015
C2_02242.trc,0.9460140544092548
C2_02243.trc,0.9789375672680711
C2_02244.trc,0.7992696869027696
C2_02245.trc,1.6495030193386664
C2_02246.trc,1.7191045465023462
C2_02247.trc,0.9051500622220077
C2_02248.trc,1.0668114081751519
C2_02249.trc,6.4258865894439445
C2_02250.trc,1.767576294092787
C2_02251.trc,2.6642881267764094
C2_02252.trc,5.184224174318552
C2_02253.trc,3.9931266529949023
C2_02254.trc,11.178748212451437
C2_02255.trc,15.966062358742077
C2_02256.trc,1.0323928126014943
C2_02257.trc,1.1310640560476939
C2_02258.trc,6.0981783276363455
C2_02259.trc,6.297580559251869
C2_02260.trc,0.9133228791442844
C2_02261.trc,2.167908976180128
C2_02262.trc,2.2855502259159137
C2_02263.trc,13.430877164863597
C2_02264.trc,0.7989373833583008
C2_02265.trc,17.198854541671437
C2_02266.trc,6.625953343177825
C2_02267.trc,9.676653800993053
C2_02268.trc,10.782302604699478
C2_02269.trc,0.8088045768719551
C2_02270.trc,6.978810508543485
C2_02271.trc,0.8316284244591954
C2_02272.trc,1.3998682705107544
C2_02273.trc,0.8487712994012131
C2_02274.trc,1.4642868644372817
C2_02275.trc,1.003156793984833
C2_02276.trc,1.0804326902076449
C2_02277.trc,3.7921631304822467
C2_02278.trc,1.851529844024589
C2_02279.trc,1.319270292898895
C2_02280.trc,10.87658893862976
C2_02281.trc,10.198116126974357
C2_02282.trc,14.46709087939527
C2_02283.trc,0.9865123385824315
C2_02284.trc,1.2674097026829827
C2_02285.trc,2.1432577617128308
C2_02286.trc,0.9968446008317305
C2_02287.trc,13.760777607138156
C2_02288.trc,6.844790609569358
C2_02289.trc,0.7908642908913114
C2_02290.trc,14.138552334263611
C2_02291.trc,0.791395852535228
C2_02292.trc,1.2702667704927277
C2_02293.trc,0.8602996588291949
C2_02294.trc,1.9221278554780599
C2_02295.trc,12.584497508256325
C2_02296.trc,2.2644538955336384
C2_02297.trc,13.203767130506284
C2_02298.trc,0.7626583071238133
C2_02299.trc,2.171131562683527
C2_02300.trc,9.658680800742438
C2_02301.trc,2.174819211959724
C2_02302.trc,1.9900350135039224
C2_02303.trc,0.8440537017371462
C2_02304.trc,2.2282412331996895
C2_02305.trc,1.921430393992227
C2_02306.trc,2.090965316419746
C2_02307.trc,11.338017972257694
C2_02308.trc,2.442361050998349
C2_02309.trc,1.393057677197291
C2_02310.trc,2.1211315321361774
C2_02311.trc,1.446014476158282
C2_02312.trc,0.8329573285689875
C2_02313.trc,0.9905322526445861
C2_02314.trc,1.3361805485025098
C2_02315.trc,0.765017055271641
C2_02316.trc,2.322859259482544
C2_02317.trc,7.865356376839814
C2_02318.trc,0.7749174177224103
C2_02319.trc,13.10051102477295
C2_02320.trc,7.242863981747465
C2_02321.trc,1.2692036665841488
C2_02322.trc,1.2551502685998936
C2_02323.trc,0.8540870112459493
C2_02324.trc,10.25283390723839
C2_02325.trc,1.0420274419330868
C2_02326.trc,10.088980064787352
C2_02327.trc,2.6032250395784984
C2_02328.trc,12.280742732592755
C2_02329.trc,5.5659851963740365
C2_02330.trc,2.3640552496183123
C2_02331.trc,0.7198675619928327
C2_02332.trc,4.078475634231143
C2_02333.trc,11.104861266185354
C2_02334.trc,15.826926332488583
C2_02335.trc,0.9018943008186471
C2_02336.trc,0.8951833887298245
C2_02337.trc,6.4249229848931515
C2_02338.trc,0.9029574807535345
C2_02339.trc,15.94287308041319
C2_02340.trc,2.5436568114886393
C2_02341.trc,2.001762511774395
C2_02342.trc,0.9536551844678121
C2_02343.trc,0.7614954742878107
C2_02344.trc,0.8456483985945926
C2_02345.trc,4.9521640958813515
C2_02346.trc,2.403058527102956
C2_02347.trc,0.9959142904378545
C2_02348.trc,0.7995021049950608
C2_02349.trc,1.5608319462783937
C2_02350.trc,0.8196019555596818
C2_02351.trc,2.0872777491327072
C2_02352.trc,0.8548178488778563
C2_02353.trc,14.137389941187632
C2_02354.trc,0.8112961319508923
C2_02355.trc,3.054421456404685
C2_02356.trc,0.971661799378414
C2_02357.trc,2.2552844750646126
C2_02358.trc,2.445417502127346
C2_02359.trc,2.631896117423745
C2_02360.trc,2.051961915206012
C2_02361.trc,6.539507925117577
C2_02362.trc,0.7249173916471959
C2_02363.trc,1.1024261665188178
C2_02364.trc,10.129677525070818
C2_02365.trc,0.8065786445995093
C2_02366.trc,2.363291235595729
C2_02367.trc,2.4282414448318046
C2_02368.trc,1.0825590083374865
C2_02369.trc,1.0307981038183522
C2_02370.trc,0.9180405006597431
C2_02371.trc,2.19405513025392
C2_02372.trc,0.8503992665641872
C2_02373.trc,0.9297681122243252
C2_02374.trc,3.43688025001409
C2_02375.trc,1.3337884495507097
C2_02376.trc,1.8081079469584802
C2_02377.trc,1.8520614414455938
C2_02378.trc,0.7892032591410586
C2_02379.trc,0.8215952222816529
C2_02380.trc,4.1139241558319934
C2_02381.trc,1.946313941581234
C2_02382.trc,0.9734890723436177
C2_02383.trc,2.483590366595986
C2_02384.trc,1.5478418161810321
C2_02385.trc,1.5358816642857787
C2_02386.trc,2.775318069621707
C2_02387.trc,1.2359479083186304
C2_02388.trc,12.480843056265266
C2_02389.trc,0.814153338396848
C2_02390.trc,0.9448512066661334
C2_02391.trc,1.6105327781177754
C2_02392.trc,1.2101336359178259
C2_02393.trc,1.483257027251623
C2_02394.trc,0.9197015980013223
C2_02395.trc,12.042736021436042
C2_02396.trc,1.5297355125922287
C2_02397.trc,0.731395814089555
C2_02398.trc,1.166612136634806
C2_02399.trc,1.9210981128084368
C2_02400.trc,0.8947182275700383
C2_02401.trc,0.806478997661241
C2_02402.trc,0.8986717500923335
C2_02403.trc,2.3003343303494264
C2_02404.trc,3.6995051185043804
C2_02405.trc,0.8840869618960359
C2_02406.trc,0.8048510483868114
C2_02407.trc,0.808140115872787
C2_02408.trc,1.2978747503922416
C2_02409.trc,1.7209981081482848
C2_02410.trc,0.9014956623813712
C2_02411.trc,12.272337624288701
C2_02412.trc,2.9809662131631574
C2_02413.trc,2.7327599617176728
C2_02414.trc,1.1218280114877466
C2_02415.trc,3.6451198743358764
C2_02416.trc,2.746846433233478
C2_02417.trc,1.2325258997374686
C2_02418.trc,5.65615157277452
C2_02419.trc,1.367775173649364
C2_02420.trc,1.4855161046097924
C2_02421.trc,0.8193693078977506
C2_02422.trc,1.0224924620764213
C2_02423.trc,1.205648699332096
C2_02424.trc,1.8694700644139082
C2_02425.trc,0.9080735826908006
C2_02426.trc,1.0841202947624822
C2_02427.trc,1.0583728834758013
C2_02428.trc,2.7127267307718395
C2_02429.trc,0.9724259281858163
C2_02430.trc,1.2340873710107467
C2_02431.trc,4.871964709003985
C2_02432.trc,2.1438224982567102
C2_02433.trc,1.6430246982647212
C2_02434.trc,6.3521988282324235
C2_02435.trc,2.945185484914113
C2_02436.trc,1.3801008218775914
C2_02437.trc,0.7953161703433224
C2_02438.trc,0.913621888531836
C2_02439.trc,2.8250856790953414
C2_02440.trc,1.0127248797239474
C2_02441.trc,1.0430903654655213
C2_02442.trc,0.8199009172444505
C2_02443.trc,0.9993695275846081
C2_02444.trc,1.2425923945812174
C2_02445.trc,2.351231357754478
C2_02446.trc,0.8439208262332863
C2_02447.trc,1.4571772840969466
C2_02448.trc,1.7432904581922222
C2_02449.trc,1.8818953372197234
C2_02450.trc,0.9900670229120512
C2_02451.trc,1.5800345107871947
C2_02452.trc,1.6025595129651995
C2_02453.trc,0.9074757189497427
C2_02454.trc,1.0825589934303674
C2_02455.trc,10.234129464126813
C2_02456.trc,6.033261713681003
C2_02457.trc,2.66073332020841
C2_02458.trc,2.3632248515094303
C2_02459.trc,10.861804531581724
C2_02460.trc,2.150566622513293
C2_02461.trc,1.0761468134566736
C2_02462.trc,2.4737563971757885
C2_02463.trc,12.68712198353599
C2_02464.trc,1.4742869558154754
C2_02465.trc,4.323758414401327
C2_02466.trc,0.8628577515377636
C2_02467.trc,1.626346930816859
C2_02468.trc,5.911799573940733
C2_02469.trc,1.6687389912984942
C2_02470.trc,0.9292365535618337
C2_02471.trc,1.6345861348068602
C2_02472.trc,0.949502371050406
C2_02473.trc,1.3377087822659235
C2_02474.trc,1.0088379827832874
C2_02475.trc,0.9067115394581329
C2_02476.trc,1.8328921144466566
C2_02477.trc,0.8709640248675644
C2_02478.trc,0.7928909084172555
C2_02479.trc,3.434222496950846
C2_02480.trc,2.1022609178731138
C2_02481.trc,2.8579761646346773
C2_02482.trc,1.2548182706513733
C2_02483.trc,2.852859776480717
C2_02484.trc,1.6779084609610135
C2_02485.trc,0.7267446735566716
C2_02486.trc,14.397588958920634
C2_02487.trc,4.630070799782797
C2_02488.trc,1.8151178833419723
C2_02489.trc,1.213954484182374
C2_02490.trc,17.71546685809622
C2_02491.trc,1.6368119537851975
C2_02492.trc,0.9830239652942262
C2_02493.trc,0.774186568164807
C2_02494.trc,2.047942035430232
C2_02495.trc,11.894430857948787
C2_02496.trc,0.8130237549964047
C2_02497.trc,9.1713044388337
C2_02498.trc,0.8230902334423216
C2_02499.trc,9.948049530522832
C2_02500.trc,4.242030614875112
C2_02501.trc,1.81564941517165
C2_02502.trc,3.2418635405970924
C2_02503.trc,2.797178704715394
C2_02504.trc,5.558377299353207
C2_02505.trc,1.0804659754202914
C2_02506.trc,0.8891700230974152
C2_02507.trc,1.4491374142327014
C2_02508.trc,1.6112305660695248
C2_02509.trc,11.397818420175156
C2_02510.trc,17.18995061282625
C2_02511.trc,4.308608728664258
C2_02512.trc,1.2443530747604483
C2_02513.trc,2.0291711784181197
C2_02514.trc,1.328572488994079
C2_02515.trc,0.969402689224582
C2_02516.trc,4.365818114691438
C2_02517.trc,2.637709946193571
C2_02518.trc,6.051434314894812
C2_02519.trc,2.616447732367211
C2_02520.trc,0.898439168021728
C2_02521.trc,1.238572550582524
C2_02522.trc,1.6586725068897283
C2_02523.trc,1.433389982520818
C2_02524.trc,1.877044828274708
C2_02525.trc,1.0022599536518844
C2_02526.trc,2.179536854345149
C2_02527.trc,2.81246111837584
C2_02528.trc,2.371131756427098
C2_02529.trc,1.7609650155258247
C2_02530.trc,2.8538231320826153
C2_02531.trc,0.8138543826749269
C2_02532.trc,0.8664457508942691
C2_02533.trc,0.7622928853264358
C2_02534.trc,9.532733287637841
C2_02535.trc,11.026987676162644
C2_02536.trc,3.266514634316721
C2_02537.trc,1.1742532994890271
C2_02538.trc,1.1290706864665974
C2_02539.trc,2.3984407329019093
C2_02540.trc,1.6500013375098723
C2_02541.trc,2.6207665619020646
C2_02542.trc,0.9235554944553175
C2_02543.trc,5.5528623264276025
C2_02544.trc,7.93950917846345
C2_02545.trc,12.15549368422313
C2_02546.trc,0.9034890423974509
C2_02547.trc,4.532861496947139
C2_02548.trc,0.8521601062495971
C2_02549.trc,1.0814959029381963
C2_02550.trc,2.2302012877539004
C2_02551.trc,2.5291052667650535
C2_02552.trc,0.944385959045054
C2_02553.trc,1.064552301002744
C2_02554.trc,1.515449774032704
C2_02555.trc,11.583566223181748
C2_02556.trc,0.9990040312516332
C2_02557.trc,1.6648186600739932
C2_02558.trc,2.958806610421851
C2_02559.trc,2.304487048361267
C2_02560.trc,1.3068117304082967
C2_02561.trc,1.2767451780279657
C2_02562.trc,2.9820625322209193
C2_02563.trc,2.176181268608798
C2_02564.trc,1.5699348365713486
C2_02565.trc,0.7502330179201673
C2_02566.trc,7.866187047748982
C2_02567.trc,2.919437854492776
C2_02568.trc,0.6914622008689317
C2_02569.trc,5.444257757311768
C2_02570.trc,11.797254291743785
C2_02571.trc,2.0378423731400805
C2_02572.trc,2.302228044047984
C2_02573.trc,2.6980090879416485
C2_02574.trc,18.20277559564632
C2_02575.trc,12.817055633555158
C2_02576.trc,1.694320423735526
C2_02577.trc,3.2257836249645933
C2_02578.trc,21.533510393135245
C2_02579.trc,0.8229240906143589
C2_02580.trc,2.859504250817609
C2_02581.trc,0.8626252276049242
C2_02582.trc,2.3696035808014506
C2_02583.trc,1.0855157767511279
C2_02584.trc,0.8951833469898896
C2_02585.trc,0.8451833298589481
C2_02586.trc,1.038439302449659
C2_02587.trc,2.400101866020574
C2_02588.trc,0.9934558416861301
C2_02589.trc,1.613290446447436
C2_02590.trc,0.9089374955819698
C2_02591.trc,4.1120637228739465
C2_02592.trc,2.6067798714886017
C2_02593.trc,6.009905885559789
C2_02594.trc,1.3737552481062776
C2_02595.trc,0.9432233080759087
C2_02596.trc,3.072860029251582
C2_02597.trc,1.6130245776734728
C2_02598.trc,1.1038214398077912
C2_02599.trc,0.9162465471935624
C2_02600.trc,5.151732434547751
C2_02601.trc,1.5175096216149537
C2_02602.trc,1.9861146614094523
C2_02603.trc,1.6744200250629062
C2_02604.trc,1.8626262589326823
C2_02605.trc,4.798011274301764
C2_02606.trc,1.6008319256967725
C2_02607.trc,2.3619623553373286
C2_02608.trc,2.3647861916000563
C2_02609.trc,1.9397360406510582
C2_02610.trc,1.3043199725925345
C2_02611.trc,0.8664457866713562
C2_02612.trc,3.372661027481117
C2_02613.trc,0.7601334161480228
C2_02614.trc,1.828207606711971
C2_02615.trc,7.085588004449516
C2_02616.trc,3.611797442785941
C2_02617.trc,1.1925923103682377
C2_02618.trc,0.9169773147620084
C2_02619.trc,0.7504323744066036
C2_02620.trc,0.98754223926752
C2_02621.trc,1.9266130007634628
C2_02622.trc,2.708274918401866
C2_02623.trc,2.0095366857872623
C2_02624.trc,1.9838887455348397
C2_02625.trc,1.2319278317688722
C2_02626.trc,0.7154489707348921
C2_02627.trc,0.8187712384384427
C2_02628.trc,2.352228023911126
C2_02629.trc,10.292368791088311
C2_02630.trc,1.6039880207826116
C2_02631.trc,0.9733894418031813
C2_02632.trc,2.904421340911245
C2_02633.trc,2.0481746338986686
C2_02634.trc,2.5197365956501407
C2_02635.trc,2.635018848289204
C2_02636.trc,2.3676434069902843
C2_02637.trc,1.0119608522849577
C2_02638.trc,0.9986385080858424
C2_02639.trc,1.6799682220819687
C2_02640.trc,3.149072647152519
C2_02641.trc,2.4847198888772395
C2_02642.trc,1.786048010534697
C2_02643.trc,1.1693032568998525
C2_02644.trc,0.9411303437314634
C2_02645.trc,1.43295798582601
C2_02646.trc,1.243987837811352
C2_02647.trc,0.7626251739637858
C2_02648.trc,1.73259286209755
C2_02649.trc,8.73505804119006
C2_02650.trc,4.167944136218584
C2_02651.trc,0.7236216952330292
C2_02652.trc,7.478744859255719
C2_02653.trc,2.2639888059280247
C2_02654.trc,1.0210969935041838
C2_02655.trc,7.729907947687594
C2_02656.trc,0.9611634807624441
C2_02657.trc,0.8081400681700052
C2_02658.trc,4.971100849753953
C2_02659.trc,3.228242161668324
C2_02660.trc,4.237213313625724
C2_02661.trc,12.052636213945647
C2_02662.trc,2.055616389582246
C2_02663.trc,13.945628317881482
C2_02664.trc,1.1127251256669273
C2_02665.trc,1.1542534074214692
C2_02666.trc,11.606057989340602
C2_02667.trc,10.667618612330854
C2_02668.trc,1.7671112104500226
C2_02669.trc,5.337712773412879
C2_02670.trc,0.7943194117625321
C2_02671.trc,9.719344849992272
C2_02672.trc,22.346833273794736
C2_02673.trc,0.8514955826405278
C2_02674.trc,2.45113189414929
C2_02675.trc,1.8018288362811994
C2_02676.trc,3.8144553851206195
C2_02677.trc,1.5001675467112532
C2_02678.trc,13.098783444958089
C2_02679.trc,2.892726951949409
C2_02680.trc,0.9620937166207237
C2_02681.trc,0.9935223107430105
C2_02682.trc,1.6890047029465203
C2_02683.trc,11.110210322871215
C2_02684.trc,1.253854780885399
C2_02685.trc,5.615254317735307
C2_02686.trc,1.616479807366665
C2_02687.trc,9.019377324429056
C2_02688.trc,0.7591366784372007
C2_02689.trc,1.851662753814824
C2_02690.trc,0.9687714418838864
C2_02691.trc,1.5356490434566645
C2_02692.trc,15.576194814407897
C2_02693.trc,8.32309770901663
C2_02694.trc,1.391496177600485
C2_02695.trc,0.9774093692817444
C2_02696.trc,5.02558608968732
C2_02697.trc,2.1502676489028283
C2_02698.trc,13.148385033842136
C2_02699.trc,0.8041532783236061
C2_02700.trc,2.67266024353807
C2_02701.trc,0.883090301702234
C2_02702.trc,2.6529923658168646
C2_02703.trc,7.379973810855785
C2_02704.trc,11.597453238333419
C2_02705.trc,2.96176356070235
C2_02706.trc,1.0304325925782574
C2_02707.trc,6.783195883210509
C2_02708.trc,10.579046853780081
C2_02709.trc,4.867645842201332
C2_02710.trc,2.42873976300301
C2_02711.trc,1.6014963539002773
C2_02712.trc,1.7201675654403434
C2_02713.trc,0.7544522944316053
C2_02714.trc,5.314988341703553
C2_02715.trc,11.075758093258315
C2_02716.trc,0.9825921161799016
C2_02717.trc,4.026615061903776
C2_02718.trc,2.217609919822906
C2_02719.trc,1.12209398759297
C2_02720.trc,10.020109348422768
C2_02721.trc,1.9749186860243855
C2_02722.trc,4.645951278430415
C2_02723.trc,4.57618362930874
C2_02724.trc,9.774295485127201
C2_02725.trc,0.795149976831153
C2_02726.trc,2.091762611182841
C2_02727.trc,0.862791264592339
C2_02728.trc,1.9135233086984131
C2_02729.trc,1.1029576506457148
C2_02730.trc,0.932359466294149
C2_02731.trc,1.867410240683049
C2_02732.trc,1.12309062393538
C2_02733.trc,5.113293798201421
C2_02734.trc,1.1119277668032208
C2_02735.trc,1.394552682395111
C2_02736.trc,1.5769780223904002
C2_02737.trc,4.4355855118827945
C2_02738.trc,1.0668114558779345
C2_02739.trc,1.7949848757659317
C2_02740.trc,18.543673350000564
C2_02741.trc,1.9343871300549713
C2_02742.trc,10.67582434625992
C2_02743.trc,2.1613308322639053
C2_02744.trc,2.284952187761556
C2_02745.trc,2.5089059585825826
C2_02746.trc,0.9079740550094899
C2_02747.trc,14.456791720491761
C2_02748.trc,9.007085050856196
C2_02749.trc,9.440175463726678
C2_02750.trc,1.5858818424136127
C2_02751.trc,0.8197679314279058
C2_02752.trc,1.0148513141293205
C2_02753.trc,13.661541604787399
C2_02754.trc,0.9038212207221159
C2_02755.trc,1.21943622257954
C2_02756.trc,12.084895367173708
C2_02757.trc,1.4630577757162064
C2_02758.trc,10.065092670550081
C2_02759.trc,0.8557812506918258
C2_02760.trc,2.2444537813500003
C2_02761.trc,1.6780746276403677
C2_02762.trc,1.4975427598483002
C2_02763.trc,12.97858399667318
C2_02764.trc,2.8983415852296894
C2_02765.trc,0.7730570145786021
C2_02766.trc,1.9474435533052044
C2_02767.trc,1.6306325914145967
C2_02768.trc,2.352925706022328
C2_02769.trc,1.0602998227585272
C2_02770.trc,1.249602398046747
C2_02771.trc,2.133058379439526
C2_02772.trc,9.04472624784037
C2_02773.trc,14.907722851412354
C2_02774.trc,2.450367686334153
C2_02775.trc,2.548474036711718
C2_02776.trc,2.6947533265382866
C2_02777.trc,6.998212908057255
C2_02778.trc,0.7738211135717655
C2_02779.trc,3.4210995226545746
C2_02780.trc,11.364130693538353
C2_02781.trc,0.9888711761729762
C2_02782.trc,13.856924199613186
C2_02783.trc,0.9317282100091833
C2_02784.trc,1.4688384623817328
C2_02785.trc,0.7050170317330875
C2_02786.trc,0.8724258134254879
C2_02787.trc,15.257922646827742
C2_02788.trc,5.940769686515634
C2_02789.trc,2.552992344971388
C2_02790.trc,1.7580413489672608
C2_02791.trc,1.4805660277342443
C2_02792.trc,9.825823300733665
C2_02793.trc,0.9166119883701955
C2_02794.trc,0.8329905511717325
C2_02795.trc,2.0781745696416367
C2_02796.trc,0.9157813577102487
C2_02797.trc,2.198573414662198
C2_02798.trc,1.5057819772547085
C2_02799.trc,0.9096351732210346
C2_02800.trc,1.7234566821198136
C2_02801.trc,0.7927911541477277
C2_02802.trc,1.9885400217225087
C2_02803.trc,2.2973442856674096
C2_02804.trc,0.9735887103376133
C2_02805.trc,2.0356827876861368
C2_02806.trc,10.638282814102558
C2_02807.trc,2.4727264815835803
C2_02808.trc,1.6777423047166429
C2_02809.trc,0.9094690363559197
C2_02810.trc,0.9646849991363731
C2_02811.trc,0.8346516574575812
C2_02812.trc,1.4890045315636282
C2_02813.trc,1.4911308094442468
C2_02814.trc,10.334727611078655
C2_02815.trc,0.821096871314785
C2_02816.trc,11.971706119128312
C2_02817.trc,1.6952837912631207
C2_02818.trc,0.7443858517627755
C2_02819.trc,3.317112615066424
C2_02820.trc,2.007144609196142
C2_02821.trc,8.951138313053734
C2_02822.trc,3.5343887515577146
C2_02823.trc,1.0114625400766013
C2_02824.trc,6.455653849201456
C2_02825.trc,0.961229933421494
C2_02826.trc,10.872136540409992
C2_02827.trc,1.8898687395177984
C2_02828.trc,2.0320616328089236
C2_02829.trc,0.9866784575590031
C2_02830.trc,14.77958354393519
C2_02831.trc,11.91200498572035
C2_02832.trc,1.7533237930431271
C2_02833.trc,3.3325280026177166
C2_02834.trc,0.8352164208342767
C2_02835.trc,2.2800352857859707
C2_02836.trc,11.374496181371821
C2_02837.trc,14.164964370527771
C2_02838.trc,1.0221934169117834
C2_02839.trc,1.1191038609217956
C2_02840.trc,2.1676098698963
C2_02841.trc,1.817676034188306
C2_02842.trc,1.0970440318292738
C2_02843.trc,0.8669109687011084
C2_02844.trc,5.202529876133724
C2_02845.trc,14.61247282950039
C2_02846.trc,1.3634563306981033
C2_02847.trc,0.8683725783735985
C2_02848.trc,0.6669439468760762
C2_02849.trc,1.2888714966025718
C2_02850.trc,0.748538709901541
C2_02851.trc,2.011463478980217
C2_02852.trc,0.834086923895127
C2_02853.trc,0.8500005893684022
C2_02854.trc,4.340602072746833
C2_02855.trc,0.8779076174139784
C2_02856.trc,6.982730947099245
C2_02857.trc,7.076950097921626
C2_02858.trc,0.8596351232944307
C2_02859.trc,8.603662896283224
C2_02860.trc,2.119802461066647
C2_02861.trc,0.8676417973887448
C2_02862.trc,0.9583063786663254
C2_02863.trc,1.8220945464385132
C2_02864.trc,4.839406524027692
C2_02865.trc,1.761795483698169
C2_02866.trc,1.470798496065977
C2_02867.trc,0.8072430161559603
C2_02868.trc,0.9378743467956139
C2_02869.trc,0.8256815964564173
C2_02870.trc,4.084023843175902
C2_02871.trc,0.9182731065817397
C2_02872.trc,2.1300019014777165
C2_02873.trc,1.8667125764603922
C2_02874.trc,1.5304996861209892
C2_02875.trc,1.1644858781334433
C2_02876.trc,1.2009644062599307
C2_02877.trc,3.771797519965635
C2_02878.trc,10.624827540733957
C2_02879.trc,1.6164465012840525
C2_02880.trc,0.937508939905356
C2_02881.trc,1.6248185464915383
C2_02882.trc,0.9882068225050675
C2_02883.trc,1.2660807777032228
C2_02884.trc,0.8532563835674262
C2_02885.trc,1.818606225325226
C2_02886.trc,1.0484724792850977
C2_02887.trc,0.9054823776921723
C2_02888.trc,2.3447530754390424
C2_02889.trc,2.1417295234772813
C2_02890.trc,1.2476422525591069
C2_02891.trc,0.8491700064112384
C2_02892.trc,0.7825254354909068
C2_02893.trc,1.0576087949176214
C2_02894.trc,1.0323928006757996
C2_02895.trc,7.965821603566433
C2_02896.trc,1.5363135685564466
C2_02897.trc,9.46017556449391
C2_02898.trc,0.7611301270260297
C2_02899.trc,2.643025519402094
C2_02900.trc,1.230000955096048
C2_02901.trc,6.590836746480608
C2_02902.trc,0.7410968379424312
C2_02903.trc,1.0669442702626046
C2_02904.trc,1.356545930940193
C2_02905.trc,1.8795697893139605
C2_02906.trc,1.0842201161140483
C2_02907.trc,0.8046848369860993
C2_02908.trc,10.458481880838676
C2_02909.trc,1.648273778564973
C2_02910.trc,2.265383971885738
C2_02911.trc,0.9391369011054815
C2_02912.trc,1.4139878587887558
C2_02913.trc,1.0192698547030559
C2_02914.trc,5.396184402191133
C2_02915.trc,2.882660510771291
C2_02916.trc,13.543069745261633
C2_02917.trc,0.9930571376575292
C2_02918.trc,0.9117946513437187
C2_02919.trc,0.8250835836441629
C2_02920.trc,0.9416949759255069
C2_02921.trc,2.2837561904605748
C2_02922.trc,1.0141868084087946
C2_02923.trc,1.2822269417672345
C2_02924.trc,10.686057183687035
C2_02925.trc,0.9228577631506227
C2_02926.trc,9.846255507017675
C2_02927.trc,2.1941881086169044
C2_02928.trc,1.2241538291878795
C2_02929.trc,1.3662137456067325
C2_02930.trc,1.1016287524987691
C2_02931.trc,2.196845895966522
C2_02932.trc,0.9453495039673702
C2_02933.trc,1.7588719021101848
C2_02934.trc,1.7136559025066973
C2_02935.trc,0.9631235696030295
C2_02936.trc,10.411737540140514
C2_02937.trc,1.3852171205888357
C2_02938.trc,0.8180736412978229
C2_02939.trc,9.50592290958808
C2_02940.trc,1.1369111894094224
C2_02941.trc,1.9763805297386519
C2_02942.trc,11.531074452707179
C2_02943.trc,1.3757818835207658
C2_02944.trc,0.7733559792447949
C2_02945.trc,0.9501003123084877
C2_02946.trc,7.97127052930664
C2_02947.trc,0.9469442008248175
C2_02948.trc,11.767187308547696
C2_02949.trc,1.6822273218008168
C2_02950.trc,1.6166127097033405
C2_02951.trc,1.015083817192192
C2_02952.trc,1.3550841587801017
C2_02953.trc,1.3548183511253276
C2_02954.trc,1.437775230428346
C2_02955.trc,8.347914979850596
C2_02956.trc,1.2189379103711826
C2_02957.trc,10.858415911072331
C2_02958.trc,2.21810820072631
C2_02959.trc,1.771097958556487
C2_02960.trc,0.8979740456204536
C2_02961.trc,1.3334230411697392
C2_02962.trc,8.173197283692101
C2_02963.trc,3.1785079984042257
C2_02964.trc,1.9459485898473177
C2_02965.trc,11.536921572652503
C2_02966.trc,0.8497347996021716
C2_02967.trc,1.9986396467448608
C2_02968.trc,0.9323927783396113
C2_02969.trc,8.372200613014336
C2_02970.trc,1.7689716061402707
C2_02971.trc,0.9666118743184857
C2_02972.trc,7.038046793841165
C2_02973.trc,1.6705992453711072
C2_02974.trc,0.9158478357114015
C2_02975.trc,5.352961930184204
C2_02976.trc,2.3234904501761844
C2_02977.trc,4.184023990731894
C2_02978.trc,16.61951815251055
C2_02979.trc,1.295748511270134
C2_02980.trc,0.986811355423543
C2_02981.trc,0.8679408514976543
C2_02982.trc,7.672598704531762
C2_02983.trc,4.02017005138458
C2_02984.trc,2.1320949030899596
C2_02985.trc,0.9183395160101425
C2_02986.trc,1.1808979094807048
C2_02987.trc,1.7290712080688342
C2_02988.trc,0.8947847085526146
C2_02989.trc,1.287110673314994
C2_02990.trc,1.0644526197781023
C2_02991.trc,0.8842199208797648
C2_02992.trc,1.2921936883043037
C2_02993.trc,3.1417969821219853
C2_02994.trc,1.6802339835246727
C2_02995.trc,2.192859211960671
C2_02996.trc,2.737377975053375
C2_02997.trc,7.174923727829373
C2_02998.trc,1.0393031080095683
C2_02999.trc,0.9217282244715387
C2_03000.trc,0.8513627071366675
C2_03001.trc,2.2484073068537196
C2_03002.trc,1.6107986692524179
C2_03003.trc,10.871007368446048
C2_03004.trc,0.7770436583352309
C2_03005.trc,1.0039875349574625
C2_03006.trc,0.8920272474319152
C2_03007.trc,1.6983070197893708
C2_03008.trc,12.029779458295884
C2_03009.trc,14.50589454995387
C2_03010.trc,0.7888710211879159
C2_03011.trc,1.0060804366920069
C2_03012.trc,0.8032563336408215
C2_03013.trc,2.3652845693997397
C2_03014.trc,2.747078958657029
C2_03015.trc,2.309802861574414
C2_03016.trc,1.5273101984912438
C2_03017.trc,9.396852842411558
C2_03018.trc,0.8601999254296346
C2_03019.trc,17.024834615576147
C2_03020.trc,1.0759144251786221
C2_03021.trc,0.8476085172494173
C2_03022.trc,1.0160472637275197
C2_03023.trc,12.680377866732966
C2_03024.trc,5.183426717067855
C2_03025.trc,2.8407003724488655
C2_03026.trc,0.907874351424169
C2_03027.trc,1.4265128381613161
C2_03028.trc,7.460006958008916
C2_03029.trc,0.912492355815599
C2_03030.trc,15.00097844389601
C2_03031.trc,2.2538890899722435
C2_03032.trc,1.2993698047835571
C2_03033.trc,0.7887380055571328
C2_03034.trc,9.86004269932707
C2_03035.trc,0.8099341543095495
C2_03036.trc,1.8574102566361175
C2_03037.trc,0.7688709427813653
C2_03038.trc,1.8092707112217319
C2_03039.trc,1.9674768021395814
C2_03040.trc,1.4240876313915916
C2_03041.trc,10.567219379124001
C2_03042.trc,7.778745176703893
C2_03043.trc,10.28376386864925
C2_03044.trc,4.2676452878034326
C2_03045.trc,9.734893236776516
C2_03046.trc,0.8622597476697809
C2_03047.trc,1.8989717848447945
C2_03048.trc,0.8588377569771641
C2_03049.trc,1.9610981607995654
C2_03050.trc,2.2475435832829675
C2_03051.trc,1.9323272571306196
C2_03052.trc,1.190532485146668
C2_03053.trc,1.0632898540241371
C2_03054.trc,1.1873763185066564
C2_03055.trc,0.8383726545563269
C2_03056.trc,0.7827248396801259
C2_03057.trc,0.8048843127294911
C2_03058.trc,2.225051800726286
C2_03059.trc,0.7841864970553976
C2_03060.trc,0.7219273812515552
C2_03061.trc,1.1198015221630286
C2_03062.trc,1.5244198365245818
C2_03063.trc,1.3971771919856422
C2_03064.trc,1.453157402830454
C2_03065.trc,0.9461800735081263
C2_03066.trc,0.8804324636684105
C2_03067.trc,8.38944313489462
C2_03068.trc,0.9696020009896594
C2_03069.trc,2.8808996651230325
C2_03070.trc,0.97720996807395
C2_03071.trc,4.705187115023802
C2_03072.trc,2.091098153165096
C2_03073.trc,1.3331572141357109
C2_03074.trc,15.11297233564656
C2_03075.trc,0.8127912385171265
C2_03076.trc,14.009316473686903
C2_03077.trc,1.0100007217044369
C2_03078.trc,2.174952111314974
C2_03079.trc,0.9571435577560181
C2_03080.trc,0.6390369546075869
C2_03081.trc,3.0795045229677296
C2_03082.trc,6.318278471822237
C2_03083.trc,1.6244200794861383
C2_03084.trc,0.750166587621797
C2_03085.trc,1.0098678432191537
C2_03086.trc,5.447280909811711
C2_03087.trc,1.8468121718249253
C2_03088.trc,5.203991646803105
C2_03089.trc,10.472103229953206
C2_03090.trc,2.028905488529592
C2_03091.trc,2.143822560866612
C2_03092.trc,10.85904718226442
C2_03093.trc,2.2868791181000114
C2_03094.trc,0.8519939097560041
C2_03095.trc,0.7468444048643375
C2_03096.trc,2.1712645157044066
C2_03097.trc,9.851205439294166
C2_03098.trc,9.995325637092442
C2_03099.trc,0.9692698405535373
C2_03100.trc,1.569702357359868
C2_03101.trc,2.516214892427929
C2_03102.trc,1.5882073292001837
C2_03103.trc,1.8772441460026346
C2_03104.trc,1.5728252179172664
C2_03105.trc,14.399814774917552
C2_03106.trc,0.776412533232916
C2_03107.trc,6.135454259347899
C2_03108.trc,9.388946329551134
C2_03109.trc,1.0111967562732176
C2_03110.trc,1.6587058040280727
C2_03111.trc,1.1712632771676885
C2_03112.trc,0.709136729879009
C2_03113.trc,8.172532551383357
C2_03114.trc,1.369934657734896
C2_03115.trc,0.7859473695364699
C2_03116.trc,7.0267508867918504
C2_03117.trc,12.289380679369867
C2_03118.trc,3.144753814636242
C2_03119.trc,0.7913294520510968
C2_03120.trc,2.9206339650878665
C2_03121.trc,2.208340838999205
C2_03122.trc,16.732076624280232
C2_03123.trc,25.278563380990413
C2_03124.trc,0.849668369303802
C2_03125.trc,0.8658477500077099
C2_03126.trc,20.279256268705826
C2_03127.trc,3.566016743906373
C2_03128.trc,1.2378415221394863
C2_03129.trc,1.5380411275013448
C2_03130.trc,8.546752394423793
C2_03131.trc,14.466060944423806
C2_03132.trc,1.5107985843063276
C2_03133.trc,1.4981739609769236
C2_03134.trc,8.528380274235943
C2_03135.trc,10.311139961149928
C2_03136.trc,0.8804657011782758
C2_03137.trc,2.1014968770177163
C2_03138.trc,0.881329476923944
C2_03139.trc,1.1058148615638062
C2_03140.trc,2.621098792401648
C2_03141.trc,1.2620940653738462
C2_03142.trc,2.3473111070284216
C2_03143.trc,1.3866788554811293
C2_03144.trc,0.910631848321955
C2_03145.trc,1.743988077693521
C2_03146.trc,0.8558144762759953
C2_03147.trc,0.7183060758124368
C2_03148.trc,1.1109642919443665
C2_03149.trc,0.8060802220784683
C2_03150.trc,3.7658175617842518
C2_03151.trc,8.237715512631203
C2_03152.trc,0.8637879516189552
C2_03153.trc,1.8758488592972542
C2_03154.trc,1.0623596628872167
C2_03155.trc,1.608174104505545
C2_03156.trc,0.9549841094475728
C2_03157.trc,17.13556533138995
C2_03158.trc,0.7505320273077185
C2_03159.trc,7.201302686089853
C2_03160.trc,0.9033229562165422
C2_03161.trc,0.9579076478049093
C2_03162.trc,13.144797046411327
C2_03163.trc,0.7487048855251668
C2_03164.trc,11.410376641529714
C2_03165.trc,3.8955185686136233
C2_03166.trc,9.760640716635947
C2_03167.trc,1.9200017266686351
C2_03168.trc,2.018440398479214
C2_03169.trc,1.1320607013343755
C2_03170.trc,1.2037218658899183
C2_03171.trc,8.347117603098342
C2_03172.trc,2.3841215555864075
C2_03173.trc,2.245018619262293
C2_03174.trc,1.9223604136972743
C2_03175.trc,0.858505569708226
C2_03176.trc,1.334486125699063
C2_03177.trc,0.8564789581451295
C2_03178.trc,5.16402490489459
C2_03179.trc,5.7220984630743645
C2_03180.trc,0.7901998447992628
C2_03181.trc,7.924459264884454
C2_03182.trc,5.274755821954505
C2_03183.trc,5.926749743685187
C2_03184.trc,1.1756155052092967
C2_03185.trc,1.70216097139971
C2_03186.trc,1.3686057670415108
C2_03187.trc,0.8405985480702615
C2_03188.trc,1.4219281577410423
C2_03189.trc,4.736715363537916
C2_03190.trc,1.178838197553244
C2_03191.trc,4.9554864947920425
C2_03192.trc,1.9943869851430747
C2_03193.trc,0.8528244807874726
C2_03194.trc,1.0792034658317826
C2_03195.trc,0.8175420289696999
C2_03196.trc,0.9680738208918765
C2_03197.trc,1.0363795756150789
C2_03198.trc,1.557077827945317
C2_03199.trc,6.471733699242627
C2_03200.trc,0.8636882569779059
C2_03201.trc,0.8746849921520687
C2_03202.trc,2.442161748177545
C2_03203.trc,5.504157998257268
C2_03204.trc,2.5662814442070796
C2_03205.trc,2.3805669726252003
C2_03206.trc,7.093860578622745
C2_03207.trc,0.9812299805230928
C2_03208.trc,0.9420272168600743
C2_03209.trc,13.299115988458201
C2_03210.trc,0.8696351237391952
C2_03211.trc,3.494455211381977
C2_03212.trc,9.531736725831026
C2_03213.trc,0.7819273988272609
C2_03214.trc,3.5463155914075037
C2_03215.trc,1.7340546432019124
C2_03216.trc,0.8200005731269895
C2_03217.trc,0.7785719785599367
C2_03218.trc,0.8016616964118533
C2_03219.trc,0.9006650048886098
C2_03220.trc,1.5457488518365865
C2_03221.trc,1.9222940176852785
C2_03222.trc,1.884054728881114
C2_03223.trc,1.4320278066147867
C2_03224.trc,18.63294253426008
C2_03225.trc,5.206450074684863
C2_03226.trc,2.2737561795808263
C2_03227.trc,0.7935885711492006
C2_03228.trc,1.1943199706815495
C2_03229.trc,1.171130504522953
C2_03230.trc,14.999483398448968
C2_03231.trc,0.7394356481767128
C2_03232.trc,1.1456819207569655
C2_03233.trc,3.3207672921794824
C2_03234.trc,9.92050772600994
C2_03235.trc,0.93930300219351
C2_03236.trc,1.883888697856547
C2_03237.trc,1.9037890428635373
C2_03238.trc,2.3674107846704557
C2_03239.trc,1.1456818313142487
C2_03240.trc,1.2243198274167844
C2_03241.trc,0.8154157913383031
C2_03242.trc,2.0968455963579107
C2_03243.trc,1.563622573354785
C2_03244.trc,13.715395670424952
C2_03245.trc,4.561598943971566
C2_03246.trc,1.1282068987952332
C2_03247.trc,0.8096018090251474
C2_03248.trc,13.746392431830744
C2_03249.trc,1.070997496370222
C2_03250.trc,3.045717065912795
C2_03251.trc,1.4956823149645584
C2_03252.trc,2.423789574324066
C2_03253.trc,0.8109307399677534
C2_03254.trc,1.2340209108981375
C2_03255.trc,9.36326492669134
C2_03256.trc,1.5570777250861931
C2_03257.trc,1.8579749410050785
C2_03258.trc,1.3367452194550635
C2_03259.trc,2.1350517892698466
C2_03260.trc,13.170677368978955
C2_03261.trc,5.860437705878964
C2_03262.trc,1.0425256169959454
C2_03263.trc,2.8412319191856623
C2_03264.trc,5.209240776296851
C2_03265.trc,7.615123454202754
C2_03266.trc,6.0395405769001
C2_03267.trc,0.7886051598675121
C2_03268.trc,9.88489308841394
C2_03269.trc,1.4081074998428575
C2_03270.trc,0.6790702326550193
C2_03271.trc,1.334220435810533
C2_03272.trc,11.034362773468922
C2_03273.trc,1.8406660037335425
C2_03274.trc,1.5657487543391275
C2_03275.trc,0.832558651373202
C2_03276.trc,1.0860805356556873
C2_03277.trc,2.2071448297725285
C2_03278.trc,1.4464463759568125
C2_03279.trc,0.9077747044859013
C2_03280.trc,0.9640870787482598
C2_03281.trc,16.419053018232564
C2_03282.trc,0.7409639177172125
C2_03283.trc,1.3647851990308095
C2_03284.trc,12.97725546524138
C2_03285.trc,0.8094689424655575
C2_03286.trc,13.430677759183666
C2_03287.trc,0.9995356197283646
C2_03288.trc,1.1792367897784497
C2_03289.trc,2.200898962567959
C2_03290.trc,0.7443526500299988
C2_03291.trc,3.3031924950782527
C2_03292.trc,2.1317628589293696
C2_03293.trc,0.9812299536902782
C2_03294.trc,1.323290136897588
C2_03295.trc,1.1811304960234463
C2_03296.trc,1.0256818349213463
C2_03297.trc,1.6756160954087733
C2_03298.trc,4.155718188594255
C2_03299.trc,1.7330246739440747
C2_03300.trc,1.1199010766771547
C2_03301.trc,0.7563129003122393
C2_03302.trc,1.1086387947228107
C2_03303.trc,4.069804496156236
C2_03304.trc,9.965225689186783
C2_03305.trc,0.9086716938900441
C2_03306.trc,0.7422928456783959
C2_03307.trc,3.615717693511997
C2_03308.trc,0.7965121303765048
C2_03309.trc,2.0409320573068053
C2_03310.trc,0.7940536846062044
C2_03311.trc,2.585550604483276
C2_03312.trc,1.45731023860854
C2_03313.trc,0.8551832676938108
C2_03314.trc,0.7699340601063512
C2_03315.trc,5.979042226246069
C2_03316.trc,0.846910872406015
C2_03317.trc,7.647349468307941
C2_03318.trc,0.7900337943954396
C2_03319.trc,2.4020286994627513
C2_03320.trc,1.2175756688738253
C2_03321.trc,0.9993030793976942
C2_03322.trc,1.5358153413186688
C2_03323.trc,7.887814869711716
C2_03324.trc,2.3595702265712895
C2_03325.trc,11.642569374845408
C2_03326.trc,0.9676750482905255
C2_03327.trc,1.5449513975673148
C2_03328.trc,11.737353515632696
C2_03329.trc,3.4538570685894365
C2_03330.trc,0.8911634716862455
C2_03331.trc,0.971927607033187
C2_03332.trc,0.9681069779032949
C2_03333.trc,0.8867448207998269
C2_03334.trc,6.987448652094574
C2_03335.trc,1.0961468352161692
C2_03336.trc,1.0458479488246
C2_03337.trc,0.724751335280527
C2_03338.trc,2.476812861721192
C2_03339.trc,2.461231501283098
C2_03340.trc,13.164298747018194
C2_03341.trc,1.0650174681253772
C2_03342.trc,7.343761381072902
C2_03343.trc,0.9537881285444214
C2_03344.trc,1.6372106369438313
C2_03345.trc,3.3833587517770174
C2_03346.trc,1.8217623293553364
C2_03347.trc,0.8506650652746894
C2_03348.trc,0.8983727377233589
C2_03349.trc,2.57754396765676
C2_03350.trc,3.008341718323326
C2_03351.trc,1.1806321823243773
C2_03352.trc,1.0907317358170467
C2_03353.trc,4.330901129392403
C2_03354.trc,0.845316220269926
C2_03355.trc,3.130202305689742
C2_03356.trc,0.9420273003399435
C2_03357.trc,0.968140218394584
C2_03358.trc,1.1410307504098447
C2_03359.trc,11.22748592571212
C2_03360.trc,1.007940941204226
C2_03361.trc,1.8582739831882922
C2_03362.trc,0.828904168052697
C2_03363.trc,0.9008976257177254
C2_03364.trc,0.9981070388660669
C2_03365.trc,0.8860803687449308
C2_03366.trc,12.372005612899283
C2_03367.trc,1.6836892191807133
C2_03368.trc,1.1564460678976762
C2_03369.trc,0.9064790349045494
C2_03370.trc,0.9339874543270901
C2_03371.trc,2.054320796027203
C2_03372.trc,2.3509987682303124
C2_03373.trc,1.3145857955991924
C2_03374.trc,4.053724729594933
C2_03375.trc,1.3663466375084234
C2_03376.trc,1.7628918728193934
C2_03377.trc,6.772464963144681
C2_03378.trc,0.8736550378013497
C2_03379.trc,1.2144527501786606
C2_03380.trc,1.0733562966929666
C2_03381.trc,0.7995686187732998
C2_03382.trc,1.0458811609923613
C2_03383.trc,2.560467455931073
C2_03384.trc,1.6120279726360134
C2_03385.trc,4.054555355782743
C2_03386.trc,0.7808974534208132
C2_03387.trc,0.8852165244265118
C2_03388.trc,5.336450163946672
C2_03389.trc,1.4185393762347627
C2_03390.trc,0.8628244722879647
C2_03391.trc,16.690946848289606
C2_03392.trc,12.087885717451677
C2_03393.trc,10.843864141251245
C2_03394.trc,1.8324268787512739
C2_03395.trc,0.7572097644965784
C2_03396.trc,0.9849176566321045
C2_03397.trc,10.796521991968364
C2_03398.trc,1.5164465206877984
C2_03399.trc,5.695387310091387
C2_03400.trc,10.341073108823661
C2_03401.trc,2.6681419829811834
C2_03402.trc,0.7863792991492391
C2_03403.trc,1.5486723782682286
C2_03404.trc,0.8094689335212863
C2_03405.trc,1.143289881433644
C2_03406.trc,1.1170440237745307
C2_03407.trc,0.8970437710036648
C2_03408.trc,3.470634368190747
C2_03409.trc,1.711695915034524
C2_03410.trc,1.1610972695497481
C2_03411.trc,0.7911300597875732
C2_03412.trc,1.4430576764396887
C2_03413.trc,10.75815016307053
C2_03414.trc,9.603298107793517
C2_03415.trc,5.308177834851383
C2_03416.trc,1.5420278800799456
C2_03417.trc,0.8199672402115595
C2_03418.trc,4.396183661552201
C2_03419.trc,1.0177748077652988
C2_03420.trc,0.9092364840995542
C2_03421.trc,0.9529906966358294
C2_03422.trc,1.1039875707100588
C2_03423.trc,2.5749525315977797
C2_03424.trc,0.7833227242911526
C2_03425.trc,0.9803994989343421
C2_03426.trc,2.1308989356032173
C2_03427.trc,5.839606829852729
C2_03428.trc,3.203690735756928
C2_03429.trc,0.8149507524168975
C2_03430.trc,2.255815933849406
C2_03431.trc,0.9157149274118791
C2_03432.trc,0.9240205661723859
C2_03433.trc,1.0973097530227542
C2_03434.trc,2.1603009554302073
C2_03435.trc,0.7477745035771157
C2_03436.trc,0.8810305182206002
C2_03437.trc,1.0140538911650006
C2_03438.trc,8.17080528909014
C2_03439.trc,1.2336554488515374
C2_03440.trc,0.9832897789118479
C2_03441.trc,0.8551501166452398
C2_03442.trc,3.761033410092722
C2_03443.trc,0.9931901294369214
C2_03444.trc,0.8665454514981665
C2_03445.trc,1.1605324569795599
C2_03446.trc,0.8986717083523985
C2_03447.trc,1.1803663925581476
C2_03448.trc,10.044162591817743
C2_03449.trc,3.4850863971587183
C2_03450.trc,0.8928245779720942
C2_03451.trc,2.3993709762137483
C2_03452.trc,0.9438876677066647
C2_03453.trc,1.082160271513223
C2_03454.trc,2.666713400628171
C2_03455.trc,0.9337880888963817
C2_03456.trc,3.548707648619369
C2_03457.trc,4.406814883995557
C2_03458.trc,6.4282122506438135
C2_03459.trc,1.7031908169284564
C2_03460.trc,11.700144219937762
C2_03461.trc,11.445858363372627
C2_03462.trc,0.9461136238305009
C2_03463.trc,0.8873760681405216
C2_03464.trc,2.479238134082242
C2_03465.trc,2.1055500509504155
C2_03466.trc,1.5032903073909514
C2_03467.trc,1.1088046259919766
C2_03468.trc,1.5669779503914627
C2_03469.trc,6.087547375011852
C2_03470.trc,5.941633535306186
C2_03471.trc,0.7995021199021802
C2_03472.trc,0.8393361100359267
C2_03473.trc,8.814626455017734
C2_03474.trc,10.139046597187244
C2_03475.trc,0.7682064489865343
C2_03476.trc,0.8549840125757868
C2_03477.trc,0.7518609194918151
C2_03478.trc,1.017010747530647
C2_03479.trc,7.4713361085309415
C2_03480.trc,1.8836228961646215
C2_03481.trc,1.7691377534403698
C2_03482.trc,13.431574571193087
C2_03483.trc,1.2146188587202493
C2_03484.trc,1.803622761423854
C2_03485.trc,0.9734226420452472
C2_03486.trc,0.9021599862350393
C2_03487.trc,0.7000004843099465
C2_03488.trc,2.3397030027986316
C2_03489.trc,0.9810638436579779
C2_03490.trc,1.4298019011751546
C2_03491.trc,2.04471940867761
C2_03492.trc,1.0705655816645714
C2_03493.trc,2.7976770005259217
C2_03494.trc,9.349676976083568
C2_03495.trc,3.4614650997743417
C2_03496.trc,5.68738069264413
C2_03497.trc,4.740768535979901
C2_03498.trc,2.397776248051351
C2_03499.trc,1.1659809817182527
C2_03500.trc,1.2985060245657525
C2_03501.trc,1.015083809738632
C2_03502.trc,0.8024921899263
C2_03503.trc,1.2309644761669731
C2_03504.trc,1.4220941544792347
C2_03505.trc,1.8871113439884248
C2_03506.trc,3.477843807150447
C2_03507.trc,1.022625316710314
C2_03508.trc,1.922759120707298
C2_03509.trc,0.7839872657887653
C2_03510.trc,1.1980075677828275
C2_03511.trc,0.9576750657343046
C2_03512.trc,1.4453500732968796
C2_03513.trc,0.9303993774535627
C2_03514.trc,1.8834900698542563
C2_03515.trc,13.482073116685621
C2_03516.trc,2.2976433606462856
C2_03517.trc,0.8976751048056513
C2_03518.trc,2.072559998971256
C2_03519.trc,0.8032231468151635
C2_03520.trc,1.8423936073997988
C2_03521.trc,0.784020428763032
C2_03522.trc,0.8447845930346846
C2_03523.trc,4.840037781803373
C2_03524.trc,0.6635552205261382
C2_03525.trc,2.8935906650851773
C2_03526.trc,2.3850187477273748
C2_03527.trc,0.940067089260978
C2_03528.trc,4.333724990997234
C2_03529.trc,0.903854368789264
C2_03530.trc,1.818074638339207
C2_03531.trc,1.611728905110696
C2_03532.trc,0.8170437525384298
C2_03533.trc,1.2902003664259896
C2_03534.trc,1.0040206532103713
C2_03535.trc,1.1165124874727166
C2_03536.trc,0.8819939856258954
C2_03537.trc,0.8176417265921732
C2_03538.trc,3.4349866600446237
C2_03539.trc,2.722959331175752
C2_03540.trc,1.331529306601215
C2_03541.trc,0.7988377095872179
C2_03542.trc,1.3192369212249548
C2_03543.trc,2.2257828008457965
C2_03544.trc,3.229238909814129
C2_03545.trc,0.8894026439265312
C2_03546.trc,7.848113843033831
C2_03547.trc,1.50731022443453
C2_03548.trc,0.9976752344731002
C2_03549.trc,0.7547180931421084
C2_03550.trc,1.975383820351356
C2_03551.trc,12.188583636561587
C2_03552.trc,10.194694112430343
C2_03553.trc,2.439570315099986
C2_03554.trc,0.8645187743437446
C2_03555.trc,1.2542866970817608
C2_03556.trc,1.3752502622483704
C2_03557.trc,1.0388713006351784
C2_03558.trc,0.9526917528396045
C2_03559.trc,3.868940695117445
C2_03560.trc,0.7952496714722026
C2_03561.trc,11.367785141081773
C2_03562.trc,0.9961801204533072
C2_03563.trc,16.11848793293557
C2_03564.trc,11.892370525885156
C2_03565.trc,0.8235552604380332
C2_03566.trc,0.8560471626964359
C2_03567.trc,0.7973426745751584
C2_03568.trc,14.356160449324166
C2_03569.trc,3.1995378463132136
C2_03570.trc,2.229005309832174
C2_03571.trc,2.032526640425379
C2_03572.trc,0.8552497874348978
C2_03573.trc,1.3858814891638631
C2_03574.trc,10.460873760655822
C2_03575.trc,1.7546857855915898
C2_03576.trc,12.956889757828487
C2_03577.trc,2.0067790934839116
C2_03578.trc,0.9818943789123593
C2_03579.trc,17.001711345674142
C2_03580.trc,12.205360816905934
C2_03581.trc,1.7232573047634097
C2_03582.trc,2.871099059923216
C2_03583.trc,0.8014290726013136
C2_03584.trc,7.100139641597242
C2_03585.trc,1.3295359563993727
C2_03586.trc,2.019104869913366
C2_03587.trc,1.496147370283795
C2_03588.trc,2.2963143089560107
C2_03589.trc,1.3416289957241814
C2_03590.trc,0.8593028972669823
C2_03591.trc,0.9514624747981121
C2_03592.trc,1.0627915000758452
C2_03593.trc,3.2935578970516124
C2_03594.trc,2.2482412504870495
C2_03595.trc,1.0227582190469888
C2_03596.trc,1.7497026023888282
C2_03597.trc,2.3841549272603473
C2_03598.trc,2.178905687502899
C2_03599.trc,1.2009976184276918
C2_03600.trc,0.8363792954102143
C2_03601.trc,14.526692367355675
C2_03602.trc,8.496187654165377
C2_03603.trc,1.0389377249707006
C2_03604.trc,2.4576434661495066
C2_03605.trc,0.8593029718025789
C2_03606.trc,1.130598839731566
C2_03607.trc,14.960878732568784
C2_03608.trc,1.0469775501135863
C2_03609.trc,13.146026264824343
C2_03610.trc,1.0840539807396443
C2_03611.trc,0.8714623937229738
C2_03612.trc,0.7022927723451652
C2_03613.trc,0.9029242342993979
C2_03614.trc,1.4758484181444809
C2_03615.trc,0.7321931804068205
C2_03616.trc,0.8689042741815902
C2_03617.trc,2.0918622670653786
C2_03618.trc,0.9028243726986095
C2_03619.trc,10.75220303692536
C2_03620.trc,2.106712818195093
C2_03621.trc,1.4611308379241923
C2_03622.trc,17.03676139132532
C2_03623.trc,1.140100586105739
C2_03624.trc,0.7289041457165083
C2_03625.trc,0.9383063569068293
C2_03626.trc,6.0781784773087235
C2_03627.trc,1.1571104603240947
C2_03628.trc,3.2270795002641943
C2_03629.trc,0.9062796873623851
C2_03630.trc,7.961801728262789
C2_03631.trc,1.3838882448025696
C2_03632.trc,1.1212965139444422
C2_03633.trc,0.8385388063285614
C2_03634.trc,0.9161468093218653
C2_03635.trc,0.7265785426544054
C2_03636.trc,0.7817281437092377
C2_03637.trc,8.360107631827294
C2_03638.trc,3.050833333319088
C2_03639.trc,2.7850523652708223
C2_03640.trc,0.8860471938449681
C2_03641.trc,1.0459807587371348
C2_03642.trc,0.8064789708284266
C2_03643.trc,2.5335239847335096
C2_03644.trc,0.774086945077931
C2_03645.trc,0.7977745952436559
C2_03646.trc,0.9345521670195789
C2_03647.trc,6.518610824511219
C2_03648.trc,1.007542311711224
C2_03649.trc,0.9307980278165331
C2_03650.trc,3.0209330460050996
C2_03651.trc,1.4533234308735967
C2_03652.trc,3.2155511587247565
C2_03653.trc,14.96719117467078
C2_03654.trc,8.970108244807724
C2_03655.trc,0.9475754630726311
C2_03656.trc,3.335916655922769
C2_03657.trc,0.9229906326916348
C2_03658.trc,1.0617616321864187
C2_03659.trc,1.5191042394646659
C2_03660.trc,0.9154491614970401
C2_03661.trc,0.6751166803184847
C2_03662.trc,1.6476427533403581
C2_03663.trc,0.7970104902876447
C2_03664.trc,1.737875224629024
C2_03665.trc,1.911496610674024
C2_03666.trc,1.6975761836481762
C2_03667.trc,0.7887049022113437
C2_03668.trc,14.332705384210465
C2_03669.trc,1.8536560578045953
C2_03670.trc,0.7951167810612229
C2_03671.trc,1.782260630840364
C2_03672.trc,0.8506982073789893
C2_03673.trc,7.900439479624708
C2_03674.trc,1.518207202357742
C2_03675.trc,2.3140552950972717
C2_03676.trc,7.757150066029707
C2_03677.trc,1.8076095766123554
C2_03678.trc,3.101232143921347
C2_03679.trc,1.3108316086933645
C2_03680.trc,2.1076762364068937
C2_03681.trc,0.7601334161480233
C2_03682.trc,1.20847270851741
C2_03683.trc,2.9063481639184405
C2_03684.trc,0.9198345540036266
C2_03685.trc,0.8164456622091534
C2_03686.trc,0.8100337684521545
C2_03687.trc,0.9872100519985829
C2_03688.trc,1.1604327414685427
C2_03689.trc,21.589390496411802
C2_03690.trc,4.088209798697607
C2_03691.trc,3.2435909981735787
C2_03692.trc,2.6845538339523
C2_03693.trc,0.7764788711071442
C2_03694.trc,0.8156152223603372
C2_03695.trc,0.8772431087120283
C2_03696.trc,1.4864132475572662
C2_03697.trc,0.8018277319085556
C2_03698.trc,1.8745199671131572
C2_03699.trc,1.860167744589632
C2_03700.trc,12.484264651919215
C2_03701.trc,2.683723420936298
C2_03702.trc,0.8153161444000362
C2_03703.trc,1.2789379681961124
C2_03704.trc,3.7461827203267983
C2_03705.trc,0.8108975114021608
C2_03706.trc,6.165122046580439
C2_03707.trc,0.7980072011656514
C2_03708.trc,4.756449696899594
C2_03709.trc,1.8081411427284089
C2_03710.trc,2.213656522520412
C2_03711.trc,0.7675752553114694
C2_03712.trc,11.742171316270586
C2_03713.trc,1.7594035114568853
C2_03714.trc,2.1337560198107934
C2_03715.trc,1.6077421987441671
C2_03716.trc,0.9732565707714569
C2_03717.trc,10.104760604317164
C2_03718.trc,0.9990039447903408
C2_03719.trc,14.822108050595642
C2_03720.trc,2.5008327394050776
C2_03721.trc,1.7013304182567848
C2_03722.trc,5.612862378289684
C2_03723.trc,1.3621938896823433
C2_03724.trc,1.4162470524224575
C2_03725.trc,0.8267447674470337
C2_03726.trc,1.8556161630430121
C2_03727.trc,7.194026792980391
C2_03728.trc,12.415228186274621
C2_03729.trc,0.9696685565078327
C2_03730.trc,3.7710002758867462
C2_03731.trc,0.712824403006596
C2_03732.trc,1.1624594380022195
C2_03733.trc,1.6749846796176293
C2_03734.trc,13.838552480426856
C2_03735.trc,8.264725361952218
C2_03736.trc,1.479137346994245
C2_03737.trc,13.571641735185585
C2_03738.trc,1.2780741760526113
C2_03739.trc,5.0412009649077
C2_03740.trc,11.208150952292293
C2_03741.trc,4.155518860431345
C2_03742.trc,2.1783408317020636
C2_03743.trc,8.405855219907515
C2_03744.trc,0.8538544112867996
C2_03745.trc,1.3301007406460355
C2_03746.trc,10.5397112146132
C2_03747.trc,11.680742483790807
C2_03748.trc,2.7815973278794695
C2_03749.trc,1.210798253441749
C2_03750.trc,4.641599115980132
C2_03751.trc,0.7781400429843199
C2_03752.trc,2.174918891693653
C2_03753.trc,2.3286399923601406
C2_03754.trc,1.6707655491959605
C2_03755.trc,1.3546190169995709
C2_03756.trc,1.931330547743324
C2_03757.trc,0.8815952905415658
C2_03758.trc,2.4091384318557054
C2_03759.trc,0.7793028072475731
C2_03760.trc,1.4607320519064344
C2_03761.trc,1.4621938911485655
C2_03762.trc,0.8200337480269513
C2_03763.trc,0.9217613367615999
C2_03764.trc,1.2638216213373201
C2_03765.trc,0.7947513175239107
C2_03766.trc,0.7557811627643113
C2_03767.trc,1.040200058655199
C2_03768.trc,0.7908642491513767
C2_03769.trc,5.211765662800506
C2_03770.trc,8.037383262801342
C2_03771.trc,1.6700014695820529
C2_03772.trc,2.3427928270922793
C2_03773.trc,3.332926860189647
C2_03774.trc,0.9445853542900009
C2_03775.trc,0.8862463893345135
C2_03776.trc,1.5710312271832862
C2_03777.trc,0.8602995455350869
C2_03778.trc,0.8076085154703591
C2_03779.trc,1.4496024799869227
C2_03780.trc,1.0447515969711731
C2_03781.trc,0.8677746609669088
C2_03782.trc,4.552230198321056
C2_03783.trc,1.378240371031001
C2_03784.trc,1.286612301478158
C2_03785.trc,1.8164467322954216
C2_03786.trc,0.7534888121191907
C2_03787.trc,5.076915076519381
C2_03788.trc,0.7928908368630826
C2_03789.trc,2.6596371248797386
C2_03790.trc,1.187874684380643
C2_03791.trc,1.5379746629166007
C2_03792.trc,0.8372098336460199
C2_03793.trc,0.8810969276490022
C2_03794.trc,9.932235574597719
C2_03795.trc,1.807476435761771
C2_03796.trc,11.16330025373852
C2_03797.trc,1.4141540895687237
C2_03798.trc,1.9260813630932359
C2_03799.trc,1.016445923034763
C2_03800.trc,2.4461153333097405
C2_03801.trc,1.0329907404431684
C2_03802.trc,2.120201308203594
C2_03803.trc,2.313822659361037
C2_03804.trc,12.88340170043929
C2_03805.trc,0.8623261451724891
C2_03806.trc,9.344759816214816
C2_03807.trc,2.3984739271811266
C2_03808.trc,1.1335890126148096
C2_03809.trc,2.45684606256444
C2_03810.trc,7.292099884978125
C2_03811.trc,1.3296024224748315
C2_03812.trc,1.4373433455369344
C2_03813.trc,0.9358146467938492
C2_03814.trc,1.902227619293042
C2_03815.trc,1.227110596110809
C2_03816.trc,0.8840204898577309
C2_03817.trc,14.171509135316498
C2_03818.trc,3.7247543666538983
C2_03819.trc,1.0132898995030961
C2_03820.trc,1.1502334382029722
C2_03821.trc,1.8709317575662667
C2_03822.trc,2.248938905765436
C2_03823.trc,0.8010636537853594
C2_03824.trc,0.7943858629308697
C2_03825.trc,12.716291677694832
C2_03826.trc,6.885787408687715
C2_03827.trc,1.7730580295085288
C2_03828.trc,1.0626918054347951
C2_03829.trc,16.29061505913872
C2_03830.trc,12.679747075550132
C2_03831.trc,0.9644525094899086
C2_03832.trc,2.0270783467470386
C2_03833.trc,3.3779435718794484
C2_03834.trc,1.3715958534634627
C2_03835.trc,1.6527921807394956
C2_03836.trc,10.059644351529643
C2_03837.trc,1.3881406932325475
C2_03838.trc,11.896855531043641
C2_03839.trc,0.8568444485152567
C2_03840.trc,0.9523926868049992
C2_03841.trc,0.978239847889071
C2_03842.trc,0.8985055714872834
C2_03843.trc,1.8016627351931702
C2_03844.trc,2.8190723253886296
C2_03845.trc,0.7790038485442292
C2_03846.trc,0.9828910510318559
C2_03847.trc,1.7306659496476382
C2_03848.trc,0.8924590577877282
C2_03849.trc,7.892532364516655
C2_03850.trc,3.0733582967385815
C2_03851.trc,0.9916950884620134
C2_03852.trc,1.4728584882472844
C2_03853.trc,0.842425865756824
C2_03854.trc,1.8971113608310206
C2_03855.trc,1.7490047890949763
C2_03856.trc,1.3789047724016903
C2_03857.trc,0.9850505023217253
C2_03858.trc,5.3148221616077915
C2_03859.trc,4.245286364352777
C2_03860.trc,0.9329242386151158
C2_03861.trc,2.5287398926704565
C2_03862.trc,12.270344063896479
C2_03863.trc,2.2307328956098873
C2_03864.trc,16.47559801332404
C2_03865.trc,1.2987385589335743
C2_03866.trc,0.9194358469936026
C2_03867.trc,2.573092100130444
C2_03868.trc,1.1953165608118883
C2_03869.trc,1.0135887836708442
C2_03870.trc,0.9018943216886126
C2_03871.trc,1.7085396142304368
C2_03872.trc,1.1406985214009726
C2_03873.trc,0.7705320311786712
C2_03874.trc,1.8346527603395137
C2_03875.trc,0.815249672361731
C2_03876.trc,1.1076752661983245
C2_03877.trc,0.970930928950843
C2_03878.trc,7.008478453791491
C2_03879.trc,2.100168005703587
C2_03880.trc,1.6741211125716315
C2_03881.trc,14.121774778259844
C2_03882.trc,1.6990712171695237
C2_03883.trc,2.2710984101197527
C2_03884.trc,0.826047021235219
C2_03885.trc,1.6379083682485271
C2_03886.trc,1.0207980228751434
C2_03887.trc,1.2752501773022804
C2_03888.trc,1.4484397142329573
C2_03889.trc,2.5845538846609966
C2_03890.trc,1.7501011901418968
C2_03891.trc,1.3656489583786473
C2_03892.trc,5.4949552627613585
C2_03893.trc,9.814196041214103
C2_03894.trc,7.715588697327206
C2_03895.trc,1.7176093937240415
C2_03896.trc,0.8320603242577255
C2_03897.trc,1.4813634164121905
C2_03898.trc,0.931628506423862
C2_03899.trc,6.20581980798772
C2_03900.trc,2.0918290981282643
C2_03901.trc,2.8056171697862684
C2_03902.trc,2.070400479108638
C2_03903.trc,0.8456151342519138
C2_03904.trc,0.8698344653185107
C2_03905.trc,1.4157154147522306
C2_03906.trc,0.8001334000385378
C2_03907.trc,0.889734905731066
C2_03908.trc,0.7645519656660289
C2_03909.trc,2.89033489175612
C2_03910.trc,2.2750852312711016
C2_03911.trc,12.617055520310032
C2_03912.trc,5.390536759479914
C2_03913.trc,0.8599008743021499
C2_03914.trc,0.7498344122785547
C2_03915.trc,0.8266783103158487
C2_03916.trc,1.1157151241368741
C2_03917.trc,20.63490476178249
C2_03918.trc,0.7016615637629803
C2_03919.trc,1.3409645168364706
C2_03920.trc,0.7749174207038338
C2_03921.trc,0.8088709684118138
C2_03922.trc,1.1823929653627332
C2_03923.trc,2.797344819219832
C2_03924.trc,1.1389376936412592
C2_03925.trc,1.6695362532659244
C2_03926.trc,6.713129211284877
C2_03927.trc,2.6688398395056816
C2_03928.trc,0.9536552083192043
C2_03929.trc,14.530346958007442
C2_03930.trc,0.9415620944587992
C2_03931.trc,12.35051044283362
C2_03932.trc,1.7928587231051158
C2_03933.trc,0.9016617694322474
C2_03934.trc,1.6860479345328776
C2_03935.trc,2.985617401398821
C2_03936.trc,2.062294211741687
C2_03937.trc,1.3332236682854721
C2_03938.trc,0.9701002446252668
C2_03939.trc,2.6963147873765814
C2_03940.trc,2.4270785747280024
C2_03941.trc,3.4687076808383406
C2_03942.trc,0.9164790085164987
C2_03943.trc,2.5768461305115165
C2_03944.trc,1.0830241501180164
C2_03945.trc,1.6856160257900763
C2_03946.trc,1.3836556642226778
C2_03947.trc,1.0770107531806579
C2_03948.trc,1.3714629242939724
C2_03949.trc,1.1246520132195004
C2_03950.trc,14.017422861801524
C2_03951.trc,0.8151167402108175
C2_03952.trc,7.876187215153483
C2_03953.trc,7.538844350847107
C2_03954.trc,2.1005667067507634
C2_03955.trc,5.113459879910195
C2_03956.trc,0.8424257703512594
C2_03957.trc,1.9213969373477067
C2_03958.trc,1.4446855705577775
C2_03959.trc,0.9580405710115518
C2_03960.trc,0.6930236840679053
C2_03961.trc,13.97861841010986
C2_03962.trc,0.9228245852692357
C2_03963.trc,0.9446850578753224
C2_03964.trc,0.8946849930415974
C2_03965.trc,1.6585396641815326
C2_03966.trc,0.9191701377258177
C2_03967.trc,0.9073760272901162
C2_03968.trc,1.3639546354529013
C2_03969.trc,1.0227250262584826
C2_03970.trc,11.170409470345138
C2_03971.trc,1.0075088953159246
C2_03972.trc,0.8202330866248448
C2_03973.trc,2.5673777409041643
C2_03974.trc,1.8116296218571637
C2_03975.trc,0.9798346103378444
C2_03976.trc,6.948611220786217
C2_03977.trc,0.8945189426377753
C2_03978.trc,4.67392470546941
C2_03979.trc,3.1134582227283287
C2_03980.trc,11.225492860236256
C2_03981.trc,2.243523633443727
C2_03982.trc,1.5074763612996454
C2_03983.trc,0.9309309182275136
C2_03984.trc,1.0136219675150782
C2_03985.trc,1.9321943533032324
C2_03986.trc,1.3730908333191802
C2_03987.trc,2.0768788866438768
C2_03988.trc,1.7251510005734239
C2_03989.trc,1.5692704843941523
C2_03990.trc,1.5299348079594752
C2_03991.trc,0.8408310257910298
C2_03992.trc,2.234387413216768
C2_03993.trc,3.599438612204193
C2_03994.trc,2.2367129745389382
C2_03995.trc,14.24117698842871
C2_03996.trc,0.7590370165918144
C2_03997.trc,2.1848192392373025
C2_03998.trc,1.2883731858849266
C2_03999.trc,3.2803021083706705
C2_04000.trc,2.8615309160463354
C2_04001.trc,0.7604656183240787
C2_04002.trc,16.74935218391498
C2_04003.trc,1.160166921888074
C2_04004.trc,0.985116983304301
C2_04005.trc,3.464787327253159
C2_04006.trc,0.9659475683533603
C2_04007.trc,5.431566603806294
C2_04008.trc,1.6288718709861425
C2_04009.trc,0.7986716353320042
C2_04010.trc,13.432638181943728
C2_04011.trc,1.894852182104438
C2_04012.trc,10.733233014237943
C2_04013.trc,1.7399351154419191
C2_04014.trc,1.6693036085854176
C2_04015.trc,0.8515619920689304
C2_04016.trc,0.8380071671676231
C2_04017.trc,0.8169440131760214
C2_04018.trc,1.8405663299624595
C2_04019.trc,0.872791285907071
C2_04020.trc,0.9902996467225902
C2_04021.trc,1.4744530867177421
C2_04022.trc,0.8723594189042032
C2_04023.trc,1.5035892362800578
C2_04024.trc,1.6348186617211233
C2_04025.trc,1.6037223353662184
C2_04026.trc,0.8803660333700412
C2_04027.trc,1.6624267400076267
C2_04028.trc,2.7378431213060415
C2_04029.trc,0.7798344016871528
C2_04030.trc,0.9152165734635873
C2_04031.trc,2.0502011217326728
C2_04032.trc,1.33385487984908
C2_04033.trc,2.911331692966372
C2_04034.trc,1.774254035753782
C2_04035.trc,0.9353495184297257
C2_04036.trc,0.8210968504448181
C2_04037.trc,7.524259851848924
C2_04038.trc,0.8514623212792722
C2_04039.trc,0.9876418832243639
C2_04040.trc,0.879635070518329
C2_04041.trc,0.840532159511826
C2_04042.trc,2.0301014903027084
C2_04043.trc,5.001333707449852
C2_04044.trc,0.9005653967088538
C2_04045.trc,1.6740545645070184
C2_04046.trc,2.3809988187581
C2_04047.trc,9.412068804903667
C2_04048.trc,1.2953498460000445
C2_04049.trc,1.6867455957741113
C2_04050.trc,5.407646374551386
C2_04051.trc,1.0142533251684573
C2_04052.trc,1.7787390871243325
C2_04053.trc,4.465419546293134
C2_04054.trc,3.922262944199341
C2_04055.trc,2.2611647818355913
C2_04056.trc,0.7947513145424866
C2_04057.trc,1.8332905978498901
C2_04058.trc,2.9363814698446356
C2_04059.trc,1.0874756941598398
C2_04060.trc,1.1434227629003517
C2_04061.trc,1.210299936761256
C2_04062.trc,0.7883726165554176
C2_04063.trc,1.8415298912826068
C2_04064.trc,1.8910980220314262
C2_04065.trc,9.714295393015897
C2_04066.trc,0.962824658602468
C2_04067.trc,6.4968498587164785
C2_04068.trc,2.2048193817444663
C2_04069.trc,2.625318101708751
C2_04070.trc,4.592329914120418
C2_04071.trc,7.973263402480658
C2_04072.trc,2.1707661334325885
C2_04073.trc,0.8935886829281061
C2_04074.trc,1.5853501197728046
C2_04075.trc,0.9903661783893722
C2_04076.trc,0.8130901763505037
C2_04077.trc,4.519871521883821
C2_04078.trc,1.228904652436116
C2_04079.trc,1.5570113111856534
C2_04080.trc,1.0390041433433748
C2_04081.trc,1.67442000568365
C2_04082.trc,0.8080404361388562
C2_04083.trc,0.8143858846903655
C2_04084.trc,6.252298115933604
C2_04085.trc,1.0370439054315939
C2_04086.trc,10.300043246608729
C2_04087.trc,0.9599010546538047
C2_04088.trc,2.410002048095198
C2_04089.trc,0.8020271271535022
C2_04090.trc,1.670765583482336
C2_04091.trc,1.3772436124502119
C2_04092.trc,7.456817652246026
C2_04093.trc,12.027420479087706
C2_04094.trc,1.4116622512545163
C2_04095.trc,1.0150173362096153
C2_04096.trc,1.0773098251781106
C2_04097.trc,9.716288476380297
C2_04098.trc,2.202958857852991
C2_04099.trc,6.280072356427325
C2_04100.trc,8.323562792659391
C2_04101.trc,2.360732999778815
C2_04102.trc,5.725620129028775
C2_04103.trc,0.8264124251440541
C2_04104.trc,3.3257506169998776
C2_04105.trc,2.206912274534738
C2_04106.trc,1.274917960219105
C2_04107.trc,1.6568120933109376
C2_04108.trc,6.430404821677304
C2_04109.trc,2.2531915211551516
C2_04110.trc,1.2128248933283707
C2_04111.trc,1.0807317085394677
C2_04112.trc,1.246346539747109
C2_04113.trc,3.036680579085396
C2_04114.trc,8.303064300676072
C2_04115.trc,1.5550511642073026
C2_04116.trc,1.4263134160835542
C2_04117.trc,4.177279791939713
C2_04118.trc,1.9016958832358273
C2_04119.trc,10.182069758919805
C2_04120.trc,0.8509308431152244
C2_04121.trc,0.8619606965422953
C2_04122.trc,2.039769296024976
C2_04123.trc,10.43439559372639
C2_04124.trc,1.845151096844026
C2_04125.trc,0.8329905839673957
C2_04126.trc,2.2143209164375426
C2_04127.trc,1.0429575764229537
C2_04128.trc,1.6288053512450569
C2_04129.trc,1.4489380666905365
C2_04130.trc,5.302895296415899
C2_04131.trc,1.7512308123008515
C2_04132.trc,2.7045871781922415
C2_04133.trc,0.950964082091309
C2_04134.trc,0.8272431035067819
C2_04135.trc,0.9674426212539633
C2_04136.trc,0.92810694034715
C2_04137.trc,6.004956027818897
C2_04138.trc,1.9199352501581948
C2_04139.trc,3.360800583643323
C2_04140.trc,6.970770661039919
C2_04141.trc,2.28395556930769
C2_04142.trc,12.660311447470765
C2_04143.trc,0.8402995953297643
C2_04144.trc,1.0873762201441584
C2_04145.trc,1.1959478662903493
C2_04146.trc,0.714385838502787
C2_04147.trc,1.323422836497438
C2_04148.trc,2.5328595416228845
C2_04149.trc,0.8838544841752669
C2_04150.trc,1.5740212450324869
C2_04151.trc,2.706680223035132
C2_04152.trc,1.3420276759013903
C2_04153.trc,1.8749186741231811
C2_04154.trc,0.9112963123025478
C2_04155.trc,6.926949980937472
C2_04156.trc,1.154718459759283
C2_04157.trc,16.936462246307478
C2_04158.trc,9.08871305884508
C2_04159.trc,3.716714492317519
C2_04160.trc,12.065227793557744
C2_04161.trc,1.686479834331408
C2_04162.trc,0.865548678010257
C2_04163.trc,11.273964396145605
C2_04164.trc,1.4517619759981506
C2_04165.trc,3.6710333032307183
C2_04166.trc,1.7285396494063403
C2_04167.trc,1.4473433012603412
C2_04168.trc,11.980477063647667
C2_04169.trc,11.02336640650061
C2_04170.trc,1.6128917528538178
C2_04171.trc,2.42840749076349
C2_04172.trc,2.9079428249987997
C2_04173.trc,1.1943531187486964
C2_04174.trc,4.139870852050937
C2_04175.trc,23.622814475067926
C2_04176.trc,0.9828910092919217
C2_04177.trc,0.7598012467676286
C2_04178.trc,0.7722596542241832
C2_04179.trc,1.8844534940289044
C2_04180.trc,2.8220956180154935
C2_04181.trc,3.643458592146019
C2_04182.trc,2.3352512843435114
C2_04183.trc,1.2441206104560878
C2_04184.trc,4.71764563279304
C2_04185.trc,1.5398351346331576
C2_04186.trc,1.651330347460213
C2_04187.trc,2.159237785930302
C2_04188.trc,1.7154831844161733
C2_04189.trc,1.0038877896322065
C2_04190.trc,4.028641798686675
C2_04191.trc,2.153490120621408
C2_04192.trc,0.8605653919483713
C2_04193.trc,3.59219602964948
C2_04194.trc,0.8598345095951045
C2_04195.trc,3.4573454374055057
C2_04196.trc,1.1850175822845235
C2_04197.trc,1.7583070955028441
C2_04198.trc,0.8987049130666012
C2_04199.trc,1.278804988342416
C2_04200.trc,6.883029786570124
C2_04201.trc,17.73333998034822
C2_04202.trc,8.25515733435087
C2_04203.trc,0.8831566664092787
C2_04204.trc,1.5858485199331673
C2_04205.trc,10.970475858952558
C2_04206.trc,1.5906990258967575
C2_04207.trc,9.967684005265145
C2_04208.trc,6.620870176135897
C2_04209.trc,2.0749187635169166
C2_04210.trc,0.9430239635151685
C2_04211.trc,0.738904137217002
C2_04212.trc,1.9068788105101313
C2_04213.trc,0.8007314217950633
C2_04214.trc,0.9797348888639793
C2_04215.trc,2.171596592660661
C2_04216.trc,9.942734121292618
C2_04217.trc,0.8289374204696798
C2_04218.trc,1.1225921939607795
C2_04219.trc,0.9895355864879376
C2_04220.trc,0.9124592166927241
C2_04221.trc,11.401705352892899
C2_04222.trc,2.6987732301654583
C2_04223.trc,1.1543530811925513
C2_04224.trc,6.079906092900677
C2_04225.trc,0.9714957340674715
C2_04226.trc,0.8330569814701021
C2_04227.trc,0.9248178877682949
C2_04228.trc,3.4065148194288577
C2_04229.trc,12.148284433093135
C2_04230.trc,1.3253499129256627
C2_04231.trc,4.453658548147493
C2_04232.trc,1.264785088742616
C2_04233.trc,9.661238507356616
C2_04234.trc,5.534855714498426
C2_04235.trc,1.221429520606463
C2_04236.trc,14.738985226729351
C2_04237.trc,1.1283397355405813
C2_04238.trc,12.63904929178217
C2_04239.trc,0.9382398520728614
C2_04240.trc,1.8672774128819731
C2_04241.trc,0.7551167733193174
C2_04242.trc,3.5087075961561065
C2_04243.trc,1.350798416193205
C2_04244.trc,1.897576498139415
C2_04245.trc,1.5821275586115087
C2_04246.trc,8.35465942759167
C2_04247.trc,1.7904667568266803
C2_04248.trc,1.6316958041451486
C2_04249.trc,10.961539150246075
C2_04250.trc,14.705596224754121
C2_04251.trc,0.9247514992098597
C2_04252.trc,0.8306981945637641
C2_04253.trc,1.015881041891824
C2_04254.trc,0.8081400115229508
C2_04255.trc,0.9295687199608025
C2_04256.trc,6.13375994983856
C2_04257.trc,3.8784754822275067
C2_04258.trc,18.26307505938818
C2_04259.trc,5.26183208786914
C2_04260.trc,13.234498128978663
C2_04261.trc,1.1959145706427186
C2_04262.trc,10.257817208207392
C2_04263.trc,0.7906982196175214
C2_04264.trc,0.8386384323968611
C2_04265.trc,0.8659474386859116
C2_04266.trc,1.8920282608711292
C2_04267.trc,1.2142866267299535
C2_04268.trc,0.8895355075046952
C2_04269.trc,14.466957902523003
C2_04270.trc,13.328751077818596
C2_04271.trc,1.131296623211179
C2_04272.trc,8.202100933172968
C2_04273.trc,2.6111983837388086
C2_04274.trc,10.142302236352227
C2_04275.trc,1.1975093748314256
C2_04276.trc,5.22458960832997
C2_04277.trc,5.688776134383551
C2_04278.trc,0.997475639472753
C2_04279.trc,20.563243135106248
C2_04280.trc,0.7779074907279548
C2_04281.trc,6.472597382564156
C2_04282.trc,2.9707336649341616
C2_04283.trc,0.8357813213564702
C2_04284.trc,0.9206650624251931
C2_04285.trc,0.9161468540432246
C2_04286.trc,1.2559810721824263
C2_04287.trc,1.0187051151777515
C2_04288.trc,0.8176749402506459
C2_04289.trc,10.077584333405046
C2_04290.trc,0.7874091014473401
C2_04291.trc,9.201504111194648
C2_04292.trc,0.8185719594690282
C2_04293.trc,7.125023378506666
C2_04294.trc,1.587210557202987
C2_04295.trc,1.3167120690076746
C2_04296.trc,1.0217281245693455
C2_04297.trc,4.412396300635942
C2_04298.trc,2.5313644708337386
C2_04299.trc,1.3161805267430133
C2_04300.trc,6.839342223466878
C2_04301.trc,2.2773111024243575
C2_04302.trc,0.8182065018945626
C2_04303.trc,13.468950325746919
C2_04304.trc,17.008954037050824
C2_04305.trc,0.8292696852556392
C2_04306.trc,1.0303994549460938
C2_04307.trc,0.7957812808189022
C2_04308.trc,0.8420603485538813
C2_04309.trc,1.1657815253541157
C2_04310.trc,0.8208975297354686
C2_04311.trc,10.179445143488723
C2_04312.trc,0.8870438659644636
C2_04313.trc,1.801164317144265
C2_04314.trc,1.1376420568555696
C2_04315.trc,0.9136551081531575
C2_04316.trc,0.804319430095841
C2_04317.trc,0.7585054370593538
C2_04318.trc,1.204718532046567
C2_04319.trc,8.845025307961109
C2_04320.trc,1.001229945635536
C2_04321.trc,0.8586385048405637
C2_04322.trc,3.039438114741693
C2_04323.trc,12.921607405888418
C2_04324.trc,7.855323125468775
C2_04325.trc,1.9431909960532554
C2_04326.trc,0.9084059488451725
C2_04327.trc,10.245292327221824
C2_04328.trc,4.2850205033207205
C2_04329.trc,0.7948510688120143
C2_04330.trc,1.7491709945328409
C2_04331.trc,1.1225589325995222
C2_04332.trc,1.0551503640544413
C2_04333.trc,2.2644539283292997
C2_04334.trc,1.1394028607638922
C2_04335.trc,11.662037766388236
C2_04336.trc,7.4263858748422935
C2_04337.trc,1.0836221107553532
C2_04338.trc,0.9721933520780588
C2_04339.trc,2.132161391526096
C2_04340.trc,1.5014962376492367
C2_04341.trc,2.3062479745079694
C2_04342.trc,0.7998011680482411
C2_04343.trc,12.930610644770969
C2_04344.trc,0.9430571682293694
C2_04345.trc,1.0962135159541473
C2_04346.trc,1.8098687299968352
C2_04347.trc,1.2041206295469964
C2_04348.trc,2.8858829944155655
C2_04349.trc,2.8302353017777433
C2_04350.trc,0.8838876292609901
C2_04351.trc,2.584852891067124
C2_04352.trc,0.9370770460696733
C2_04353.trc,0.8407646491582901
C2_04354.trc,8.20406101008786
C2_04355.trc,0.9551170088028239
C2_04356.trc,2.078772561583923
C2_04357.trc,0.7583060954800367
C2_04358.trc,1.6824931652326767
C2_04359.trc,2.268374153713254
C2_04360.trc,0.8205320542724613
C2_04361.trc,3.1517637584732934
C2_04362.trc,0.9038212892948655
C2_04363.trc,0.9154159299500233
C2_04364.trc,1.350665665909149
C2_04365.trc,2.5858828230571635
C2_04366.trc,0.9848844146501045
C2_04367.trc,2.3295701760435015
C2_04368.trc,1.5364796726258982
C2_04369.trc,2.054653035471059
C2_04370.trc,1.952825665634069
C2_04371.trc,0.8943527729769976
C2_04372.trc,10.269279125411309
C2_04373.trc,0.7562463090169776
C2_04374.trc,0.8856484540392806
C2_04375.trc,3.289704085568198
C2_04376.trc,16.65450256986639
C2_04377.trc,11.399745290885127
C2_04378.trc,1.4375094585506587
C2_04379.trc,0.9651169526005341
C2_04380.trc,4.188442400122976
C2_04381.trc,1.9492375977048144
C2_04382.trc,2.8706670125442035
C2_04383.trc,3.068441466317168
C2_04384.trc,3.2034913584005253
C2_04385.trc,1.3575758539859624
C2_04386.trc,0.9764127180322146
C2_04387.trc,1.0621935349663734
C2_04388.trc,0.8911301596407833
C2_04389.trc,1.493223836398594
C2_04390.trc,0.8931900564165265
C2_04391.trc,8.151702201578441
C2_04392.trc,2.4651850759803113
C2_04393.trc,1.980068216282647
C2_04394.trc,1.9948522655598158
C2_04395.trc,1.6261475937096779
C2_04396.trc,1.1338213412643845
C2_04397.trc,0.9862133262134564
C2_04398.trc,3.693491828898281
C2_04399.trc,1.4478417088742632
C2_04400.trc,0.7576416613136838
C2_04401.trc,2.1924272257008477
C2_04402.trc,0.9822266556240136
C2_04403.trc,0.702757873876473
C2_04404.trc,9.137118508810515
C2_04405.trc,2.1327926209782473
C2_04406.trc,1.1061803474617968
C2_04407.trc,4.020901129021111
C2_04408.trc,9.47064042795607
C2_04409.trc,8.356154611674926
C2_04410.trc,0.8373426912613353
C2_04411.trc,2.2226265045138436
C2_04412.trc,1.7330246963047538
C2_04413.trc,0.7349173771848415
C2_04414.trc,1.875848757928841
C2_04415.trc,6.910372154098133
C2_04416.trc,0.8425255156765146
C2_04417.trc,1.0667782660708536
C2_04418.trc,2.2315303260277686
C2_04419.trc,3.3592391064071965
C2_04420.trc,2.7972118855782053
C2_04421.trc,1.3570111517284569
C2_04422.trc,1.9555830522191724
C2_04423.trc,0.9333893818863573
C2_04424.trc,10.387584874904773
C2_04425.trc,0.7433560077247409
C2_04426.trc,1.776679361780463
C2_04427.trc,0.8546517149941647
C2_04428.trc,0.9459807691966082
C2_04429.trc,2.2416963753856427
C2_04430.trc,1.3806323268744536
C2_04431.trc,0.9790704353183711
C2_04432.trc,2.1657494115961504
C2_04433.trc,2.562294725914854
C2_04434.trc,0.7190369402771593
C2_04435.trc,1.8582075379828034
C2_04436.trc,2.335151421252012
C2_04437.trc,1.0085721796006493
C2_04438.trc,1.1308314665235297
C2_04439.trc,1.5878086132458882
C2_04440.trc,12.736690179876135
C2_04441.trc,0.9297349194358199
C2_04442.trc,1.0836553169602663
C2_04443.trc,1.16418694328149
C2_04444.trc,1.6604996919029282
C2_04445.trc,1.0713296881112941
C2_04446.trc,3.762362446875878
C2_04447.trc,11.50107471970104
C2_04448.trc,1.967343978810639
C2_04449.trc,0.9318943558185704
C2_04450.trc,0.9056817222529127
C2_04451.trc,1.9810649197070944
C2_04452.trc,0.9009308632275894
C2_04453.trc,2.6532915108592015
C2_04454.trc,1.1408646135447293
C2_04455.trc,0.8674424886050902
C2_04456.trc,1.620233895885504
C2_04457.trc,0.9563461079588828
C2_04458.trc,4.341133436126062
C2_04459.trc,10.148049521529574
C2_04460.trc,3.6003023983848452
C2_04461.trc,0.7609639752537953
C2_04462.trc,2.745982672394928
C2_04463.trc,1.378373240572013
C2_04464.trc,0.894352772976998
C2_04465.trc,2.8016303963377007
C2_04466.trc,6.352265116913159
C2_04467.trc,4.317778146151861
C2_04468.trc,0.7892031518097984
C2_04469.trc,3.244620952524298
C2_04470.trc,0.8172430285264197
C2_04471.trc,2.230732914989143
C2_04472.trc,4.32857554272813
C2_04473.trc,1.3865459605980137
C2_04474.trc,1.7911975810421805
C2_04475.trc,0.8742198548436739
C2_04476.trc,3.945319412615699
C2_04477.trc,1.775582871290825
C2_04478.trc,1.0819610134137752
C2_04479.trc,0.8978411343395071
C2_04480.trc,2.057775896028457
C2_04481.trc,0.8005320951228667
C2_04482.trc,1.2161139086394284
C2_04483.trc,1.0875423689349695
C2_04484.trc,1.693057896258474
C2_04485.trc,1.290266845917854
C2_04486.trc,1.397144011122831
C2_04487.trc,0.8204656508069051
C2_04488.trc,9.281736470235154
C2_04489.trc,3.765286067222373
C2_04490.trc,6.309873066866508
C2_04491.trc,1.1270439973864799
C2_04492.trc,3.9939240685056623
C2_04493.trc,1.116313178689063
C2_04494.trc,0.7901333906495016
C2_04495.trc,12.618085751933172
C2_04496.trc,1.2831903793582908
C2_04497.trc,0.8830238475524725
C2_04498.trc,7.738512345396045
C2_04499.trc,4.278342974831534
C2_04500.trc,7.388678128302789
C2_04501.trc,2.0475101639552284
C2_04502.trc,1.400466198352429
C2_04503.trc,1.1151503726858754
C2_04504.trc,2.59551741661167
C2_04505.trc,0.9499010482461923
C2_04506.trc,2.5810322246694333
C2_04507.trc,1.6315628138564686
C2_04508.trc,0.8808975860696856
C2_04509.trc,1.654685766236825
C2_04510.trc,14.920114606454458
C2_04511.trc,3.317544662445435
C2_04512.trc,11.787719033568747
C2_04513.trc,0.8802331369962126
C2_04514.trc,1.1572766583083995
C2_04515.trc,1.576280461026868
C2_04516.trc,2.018074852952745
C2_04517.trc,1.1642201733377933
C2_04518.trc,6.9216011657469485
C2_04519.trc,4.466150503181998
C2_04520.trc,0.9407979626699726
C2_04521.trc,1.0298347198929265
C2_04522.trc,7.539874287309284
C2_04523.trc,0.9620272088053317
C2_04524.trc,0.9328577844653541
C2_04525.trc,2.3327263695163287
C2_04526.trc,1.241529268311959
C2_04527.trc,3.218973103205303
C2_04528.trc,1.558240483386598
C2_04529.trc,2.161231185325638
C2_04530.trc,0.7304655663055803
C2_04531.trc,9.734162387218914
C2_04532.trc,1.5524265219434081
C2_04533.trc,0.8156151329176196
C2_04534.trc,4.805519581031381
C2_04535.trc,14.519549443664923
C2_04536.trc,0.8181068132163617
C2_04537.trc,2.4156168080859945
C2_04538.trc,3.3115313460065234
C2_04539.trc,0.9551833436956287
C2_04540.trc,2.010799140219429
C2_04541.trc,13.531275560290332
C2_04542.trc,7.398810956548634
C2_04543.trc,0.8689374013787707
C2_04544.trc,2.0794370479251945
C2_04545.trc,5.451732851873623
C2_04546.trc,2.796414495409549
C2_04547.trc,0.8635885772439762
C2_04548.trc,1.9541545488738954
C2_04549.trc,3.139703913427703
C2_04550.trc,0.95664506964365
C2_04551.trc,1.6506659416173872
C2_04552.trc,1.8287391355602258
C2_04553.trc,1.1139543187378393
C2_04554.trc,2.226746192224782
C2_04555.trc,3.613325569218095
C2_04556.trc,1.5410977321736716
C2_04557.trc,1.5586392023223186
C2_04558.trc,1.293090814853946
C2_04559.trc,1.0029243997439337
C2_04560.trc,1.078240034203574
C2_04561.trc,1.9340548727225717
C2_04562.trc,1.599768745761884
C2_04563.trc,0.9184392106511925
C2_04564.trc,4.524987750531602
C2_04565.trc,1.0011635660213711
C2_04566.trc,10.518116378230017
C2_04567.trc,0.8661798925552886
C2_04568.trc,2.1366463922124392
C2_04569.trc,0.9145188809174036
C2_04570.trc,1.6367787624874048
C2_04571.trc,1.844719243257566
C2_04572.trc,1.2149511399040391
C2_04573.trc,11.55130715641498
C2_04574.trc,0.9360471036446496
C2_04575.trc,1.2633566450258162
C2_04576.trc,2.0679753588002057
C2_04577.trc,1.0224260049452356
C2_04578.trc,9.891537923503126
C2_04579.trc,4.794556002868637
C2_04580.trc,7.068279132769305
C2_04581.trc,0.9147182523109587
C2_04582.trc,1.5337886596921124
C2_04583.trc,13.295062918875335
C2_04584.trc,2.11153011795377
C2_04585.trc,4.117478907243651
C2_04586.trc,2.270467191102585
C2_04587.trc,0.8547845904980249
C2_04588.trc,0.9075421671366553
C2_04589.trc,1.053489135530211
C2_04590.trc,1.3928583296551258
C2_04591.trc,0.9604989631162235
C2_04592.trc,0.8217280530641551
C2_04593.trc,11.324097431888756
C2_04594.trc,1.0944857378745931
C2_04595.trc,8.815955430681699
C2_04596.trc,0.7782064315427557
C2_04597.trc,10.131072823701892
C2_04598.trc,2.8212983008917214
C2_04599.trc,1.5541209164233283
C2_04600.trc,1.0116618876187644
C2_04601.trc,0.9063793402635006
C2_04602.trc,2.1094703523606775
C2_04603.trc,13.926392655989742
C2_04604.trc,4.2009011012497846
C2_04605.trc,12.478583834308031
C2_04606.trc,0.8809308504123652
C2_04607.trc,0.8545852668072513
C2_04608.trc,1.1894029434861597
C2_04609.trc,2.052659682287794
C2_04610.trc,0.92973488962158
C2_04611.trc,0.9398345310417646
C2_04612.trc,1.1428581903347863
C2_04613.trc,2.1772777427006043
C2_04614.trc,0.9491368776988557
C2_04615.trc,191.15632611952708
C2_04616.trc,1.5477422080012755
C2_04617.trc,0.9117946394180234
C2_04618.trc,0.8096018537465055
C2_04619.trc,1.2885392333073242
C2_04620.trc,4.3024957265285675
C2_04621.trc,2.278540280588151
C2_04622.trc,7.2073490387925165
C2_04623.trc,2.863358208390793
C2_04624.trc,1.1169443649105681
C2_04625.trc,0.9091369027526139
C2_04626.trc,0.7749174057967145
C2_04627.trc,8.828546911906804
C2_04628.trc,10.615359432871157
C2_04629.trc,0.8228244705089074
C2_04630.trc,2.502925927356314
C2_04631.trc,0.9177746810792742
C2_04632.trc,5.230270995393114
C2_04633.trc,1.4971772963109875
C2_04634.trc,7.439342774883353
C2_04635.trc,1.7187721863108225
C2_04636.trc,2.6563146723034157
C2_04637.trc,1.6376093514074161
C2_04638.trc,1.5544198945059284
C2_04639.trc,13.062604243740797
C2_04640.trc,1.8558488300841982
C2_04641.trc,10.804661739831229
C2_04642.trc,1.726745649728088
C2_04643.trc,4.987180868245578
C2_04644.trc,1.0104990339127942
C2_04645.trc,0.8178410204687065
C2_04646.trc,6.520371559846793
C2_04647.trc,1.7128586166878756
C2_04648.trc,1.0847184238502692
C2_04649.trc,1.3911639113238146
C2_04650.trc,4.777911614548275
C2_04651.trc,1.142857996542233
C2_04652.trc,0.7538210560351832
C2_04653.trc,1.012127021945735
C2_04654.trc,0.9180405185482876
C2_04655.trc,13.767223076796634
C2_04656.trc,2.2570451671695397
C2_04657.trc,1.09591445588239
C2_04658.trc,9.55183656297924
C2_04659.trc,2.369271313034067
C2_04660.trc,1.1679412196300327
C2_04661.trc,2.0565134833362246
C2_04662.trc,10.181039977491674
C2_04663.trc,1.451828400333673
C2_04664.trc,0.9607315392239795
C2_04665.trc,7.428412323917789
C2_04666.trc,1.0272432555104185
C2_04667.trc,2.534387668055037
C2_04668.trc,2.425616827910013
C2_04669.trc,1.8004999023571673
C2_04670.trc,0.9432564889387189
C2_04671.trc,17.69450273090672
C2_04672.trc,1.301030939392935
C2_04673.trc,2.8590392193497616
C2_04674.trc,0.898837776644765
C2_04675.trc,1.3234229676800893
C2_04676.trc,2.154985331537477
C2_04677.trc,1.6636226255052118
C2_04678.trc,1.08641278851595
C2_04679.trc,1.5546856887442944
C2_04680.trc,1.7411309949766565
C2_04681.trc,1.619602661961217
C2_04682.trc,12.2772549019237
C2_04683.trc,12.67858388047112
C2_04684.trc,4.838476300095109
C2_04685.trc,0.8211632926688841
C2_04686.trc,9.200972460108016
C2_04687.trc,2.308806205852748
C2_04688.trc,17.01719321569873
C2_04689.trc,5.10289520404074
C2_04690.trc,5.313792554592956
C2_04691.trc,4.628642098172832
C2_04692.trc,1.8349519083632755
C2_04693.trc,0.8387713377149597
C2_04694.trc,0.7908642610770715
C2_04695.trc,0.9367780754406332
C2_04696.trc,0.8749839776882286
C2_04697.trc,2.0817294492545204
C2_04698.trc,1.764619424310732
C2_04699.trc,11.677785834634118
C2_04700.trc,2.3376100742312738
C2_04701.trc,1.3428582454421467
C2_04702.trc,1.1306653863054676
C2_04703.trc,1.0884726018118234
C2_04704.trc,0.8736217764400938
C2_04705.trc,1.0393362232810528
C2_04706.trc,2.012360553354941
C2_04707.trc,7.588412486068062
C2_04708.trc,1.0006651494631773
C2_04709.trc,1.0669775211888766
C2_04710.trc,0.8227912538690094
C2_04711.trc,1.180798246144607
C2_04712.trc,1.5380411364456161
C2_04713.trc,2.4129257563936966
C2_04714.trc,1.139137068016238
C2_04715.trc,6.866950182496423
C2_04716.trc,16.22157803894928
C2_04717.trc,0.9538544604558035
C2_04718.trc,2.8794045853896146
C2_04719.trc,1.0674758870628636
C2_04720.trc,8.933895685332898
C2_04721.trc,1.3478416060396294
C2_04722.trc,9.043596603320738
C2_04723.trc,1.0923928912963907
C2_04724.trc,2.8131919455727643
C2_04725.trc,0.8611966124562509
C2_04726.trc,3.0104014257786513
C2_04727.trc,1.7519948501748246
C2_04728.trc,14.863470189522225
C2_04729.trc,0.7854822381909224
C2_04730.trc,1.1462467139478987
C2_04731.trc,1.4442869842954202
C2_04732.trc,3.1967471178684104
C2_04733.trc,10.17280068405895
C2_04734.trc,1.0737549381116656
C2_04735.trc,1.5441873537304938
C2_04736.trc,2.2212644359390725
C2_04737.trc,1.022525461072374
C2_04738.trc,3.28020245099742
C2_04739.trc,1.7622938555350036
C2_04740.trc,1.9819286954527637
C2_04741.trc,0.8883062890916806
C2_04742.trc,1.1739544033955833
C2_04743.trc,0.8597680375568012
C2_04744.trc,2.6198362843038514
C2_04745.trc,0.8945188591579067
C2_04746.trc,1.1953165309976497
C2_04747.trc,1.3602336428262918
C2_04748.trc,1.1908647037205564
C2_04749.trc,2.061231079509581
C2_04750.trc,1.9763140457746515
C2_04751.trc,0.8801667186235388
C2_04752.trc,2.474819483195824
C2_04753.trc,3.2966809737622427
C2_04754.trc,0.7868775338405756
C2_04755.trc,1.1478413481954444
C2_04756.trc,0.9237548002575472
C2_04757.trc,6.253760262262396
C2_04758.trc,2.1349520663052695
C2_04759.trc,1.442526096907229
C2_04760.trc,0.9917283259718774
C2_04761.trc,2.5008660529412516
C2_04762.trc,0.8520603251472556
C2_04763.trc,2.48438772247827
C2_04764.trc,1.148804885664201
C2_04765.trc,7.051036622814713
C2_04766.trc,0.9679409036480817
C2_04767.trc,3.1955845459069976
C2_04768.trc,2.0271779280939795
C2_04769.trc,18.100317837118716
C2_04770.trc,0.8905653485613068
C2_04771.trc,0.842957346902295
C2_04772.trc,1.3575426999559674
C2_04773.trc,6.342198611634427
C2_04774.trc,0.8943527431627583
C2_04775.trc,0.8503327438416767
C2_04776.trc,2.009005067496291
C2_04777.trc,0.8621600202330681
C2_04778.trc,1.4815294355110618
C2_04779.trc,0.8820603831286029
C2_04780.trc,3.616847329087358
C2_04781.trc,1.368771833843165
C2_04782.trc,1.5247521385783385
C2_04783.trc,1.9535232404140106
C2_04784.trc,1.805715873348782
C2_04785.trc,1.2386720886988183
C2_04786.trc,1.0834892203443742
C2_04787.trc,11.571440014919824
C2_04788.trc,3.742561689178678
C2_04789.trc,1.5325262738326946
C2_04790.trc,1.7272771278921364
C2_04791.trc,0.7774091725567489
C2_04792.trc,2.7692716259856125
C2_04793.trc,1.5954498163493303
C2_04794.trc,1.9777094845326502
C2_04795.trc,10.982834978732424
C2_04796.trc,1.8040879419628952
C2_04797.trc,2.170101599388536
C2_04798.trc,9.933630876210223
C2_04799.trc,12.906956406528403
C2_04800.trc,2.132726080367193
C2_04801.trc,1.7371443273686382
C2_04802.trc,5.718111629997318
C2_04803.trc,1.1880408212457585
C2_04804.trc,1.020399453010617
C2_04805.trc,0.84887102981935
C2_04806.trc,3.943824359715095
C2_04807.trc,0.8568111633026114
C2_04808.trc,1.5296025983298587
C2_04809.trc,1.509170766214549
C2_04810.trc,2.2836565330873237
C2_04811.trc,0.956013974355574
C2_04812.trc,6.241966066856112
C2_04813.trc,9.305756628172887
C2_04814.trc,0.9990040491401764
C2_04815.trc,1.45089833739798
C2_04816.trc,0.8653161764380976
C2_04817.trc,0.759767910870776
C2_04818.trc,0.7760470518070592
C2_04819.trc,1.402360023854381
C2_04820.trc,1.6767456594299612
C2_04821.trc,5.431500218229282
C2_04822.trc,0.8632563899750387
C2_04823.trc,3.0823948849343927
C2_04824.trc,2.3897032420456537
C2_04825.trc,2.7638895330360027
C2_04826.trc,0.7777414134913159
C2_04827.trc,0.8578743342932275
C2_04828.trc,26.04045797819688
C2_04829.trc,11.853068198763745
C2_04830.trc,3.45252824497809
C2_04831.trc,5.599008678164901
C2_04832.trc,2.0024602490419388
C2_04833.trc,4.8956857532043285
C2_04834.trc,3.00388986570413
C2_04835.trc,3.574222796847802
C2_04836.trc,1.8923271793252514
C2_04837.trc,0.9779076337873194
C2_04838.trc,4.145983960027178
C2_04839.trc,1.5243201895863137
C2_04840.trc,0.7899008085788964
C2_04841.trc,1.2386388601332259
C2_04842.trc,2.8702019661692373
C2_04843.trc,2.15780928556645
C2_04844.trc,0.8030237784030321
C2_04845.trc,3.725086682124063
C2_04846.trc,1.3333897857713315
C2_04847.trc,8.924593341657232
C2_04848.trc,3.378541502702546
C2_04849.trc,0.9664126400704289
C2_04850.trc,0.8912630381260671
C2_04851.trc,13.228518237879316
C2_04852.trc,0.9053494693926498
C2_04853.trc,1.0867119261047278
C2_04854.trc,10.753997541954963
C2_04855.trc,1.0010639041759843
C2_04856.trc,12.607288084047328
C2_04857.trc,2.082360717465182
C2_04858.trc,1.2998349614712073
C2_04859.trc,4.581565892199512
C2_04860.trc,0.8471433680153267
C2_04861.trc,0.9009308423576223
C2_04862.trc,1.585383650952923
C2_04863.trc,1.6569117447213404
C2_04864.trc,0.8869773432419541
C2_04865.trc,0.8521268031484068
C2_04866.trc,10.129710759599257
C2_04867.trc,3.360900087473243
C2_04868.trc,3.44834218659726
C2_04869.trc,8.848281178186442
C2_04870.trc,2.1644870987816183
C2_04871.trc,10.424262731194176
C2_04872.trc,1.838041437495958
C2_04873.trc,10.747950990987613
C2_04874.trc,10.09618938747152
C2_04875.trc,1.0932566267928376
C2_04876.trc,1.824054717268256
C2_04877.trc,1.8527923625573708
C2_04878.trc,0.8589374695067566
C2_04879.trc,13.591342488173659
C2_04880.trc,1.0646187849667437
C2_04881.trc,1.2239212396637154
C2_04882.trc,11.098515692414043
C2_04883.trc,7.200172911878277
C2_04884.trc,7.083628264435527
C2_04885.trc,1.4018617205902963
C2_04886.trc,1.4877090334141494
C2_04887.trc,0.8860803896148974
C2_04888.trc,7.536684996453515
C2_04889.trc,0.850897554921153
C2_04890.trc,0.9463462059011067
C2_04891.trc,0.8320603153134546
C2_04892.trc,2.495384427838194
C2_04893.trc,4.605153911824803
C2_04894.trc,0.9010969613341944
C2_04895.trc,3.289272170862547
C2_04896.trc,1.5800677721484502
C2_04897.trc,0.962459198046579
C2_04898.trc,0.7662795052316725
C2_04899.trc,2.3317296750361534
C2_04900.trc,5.102629426200206
C2_04901.trc,10.06801646083774
C2_04902.trc,2.2861814911451526
C2_04903.trc,0.9794026956321942
C2_04904.trc,0.8386716281667904
C2_04905.trc,1.045150342739709
C2_04906.trc,1.899071463088014
C2_04907.trc,0.9241202280177727
C2_04908.trc,3.4709667790664773
C2_04909.trc,1.1940873692316893
C2_04910.trc,16.29978403537558
C2_04911.trc,3.9521298344972893
C2_04912.trc,10.747917501547425
C2_04913.trc,0.8891368243460622
C2_04914.trc,2.395583548816633
C2_04915.trc,1.1707649634686197
C2_04916.trc,1.9059817704217825
C2_04917.trc,7.36097066991546
C2_04918.trc,1.0121269295215947
C2_04919.trc,2.242493808784946
C2_04920.trc,1.4795693004584054
C2_04921.trc,16.68064824691236
C2_04922.trc,2.1887394929447823
C2_04923.trc,3.7604022507040322
C2_04924.trc,1.3848516853750512
C2_04925.trc,5.009174112005685
C2_04926.trc,1.727908495980499
C2_04927.trc,0.8547181274039919
C2_04928.trc,2.78903901648101
C2_04929.trc,10.213465425600312
C2_04930.trc,0.9935555363271795
C2_04931.trc,1.757808826525134
C2_04932.trc,4.100136854700629
C2_04933.trc,0.893522234741193
C2_04934.trc,0.9570770618663227
C2_04935.trc,1.3880741809450203
C2_04936.trc,0.9051169141548603
C2_04937.trc,0.8705985792187942
C2_04938.trc,10.505923776937523
C2_04939.trc,2.738540842175752
C2_04940.trc,8.19469250146055
C2_04941.trc,1.8901346321431525
C2_04942.trc,1.4658816164510713
C2_04943.trc,1.3899014539102241
C2_04944.trc,1.0749842042274627
C2_04945.trc,8.282267016949143
C2_04946.trc,2.712128793985895
C2_04947.trc,13.926160664241069
C2_04948.trc,2.647676801552612
C2_04949.trc,0.7880404113979362
C2_04950.trc,2.058008409526313
C2_04951.trc,13.943701573882022
C2_04952.trc,13.103501597167002
C2_04953.trc,0.8128908735296978
C2_04954.trc,2.054952028460778
C2_04955.trc,1.613290477752387
C2_04956.trc,1.1429908988789088
C2_04957.trc,0.8990039582312386
C2_04958.trc,1.1977417824887322
C2_04959.trc,0.8758810565350883
C2_04960.trc,0.8564789730522492
C2_04961.trc,1.858108044587866
C2_04962.trc,1.5853501436241966
C2_04963.trc,3.1134250105605674
C2_04964.trc,0.8230903735692454
C2_04965.trc,0.8172763554790019
C2_04966.trc,0.987940946277545
C2_04967.trc,10.458349117138209
C2_04968.trc,11.261240377808253
C2_04969.trc,0.8226583127738245
C2_04970.trc,1.7821276480052435
C2_04971.trc,3.0048200031754204
C2_04972.trc,5.062795455445715
C2_04973.trc,2.510733167447172
C2_04974.trc,1.9047857567229678
C2_04975.trc,1.9892045319151705
C2_04976.trc,0.7571433222725117
C2_04977.trc,1.869603066628283
C2_04978.trc,2.6769128857606
C2_04979.trc,0.8873760591962501
C2_04980.trc,11.052004231928873
C2_04981.trc,1.6873768908175881
C2_04982.trc,0.8683394452135713
C2_04983.trc,5.699939074995579
C2_04984.trc,2.7299361224735215
C2_04985.trc,5.378908797835023
C2_04986.trc,1.9566462291726368
C2_04987.trc,1.3089711295232482
C2_04988.trc,3.094222140455818
C2_04989.trc,1.628473193790358
C2_04990.trc,0.8001002460085421
C2_04991.trc,14.687091305088721
C2_04992.trc,11.55057646189142
C2_04993.trc,0.9079409516637006
C2_04994.trc,2.028307414598147
C2_04995.trc,2.343125094859662
C2_04996.trc,10.642236202460781
C2_04997.trc,2.425749879317884
C2_04998.trc,1.4128915620916715
C2_04999.trc,1.0592367769877145
C2_05000.trc,1.0466785705402741
C2_05001.trc,2.5551519050832283
C2_05002.trc,1.0508645171177085
C2_05003.trc,9.106952369120396
C2_05004.trc,0.8038543345273803
C2_05005.trc,6.796950006460486
C2_05006.trc,0.9573760891424166
C2_05007.trc,1.784420199896478
C2_05008.trc,1.2385059592872638
C2_05009.trc,1.0213296366939781
C2_05010.trc,2.021496746749085
C2_05011.trc,2.558640178493734
C2_05012.trc,13.024132583056412
C2_05013.trc,3.0412321859741196
C2_05014.trc,1.9812309552037974
C2_05015.trc,10.818880925854002
C2_05016.trc,11.749546315189876
C2_05017.trc,1.2116620768901998
C2_05018.trc,2.0159486838940968
C2_05019.trc,1.3077419558315921
C2_05020.trc,2.1772111260632405
C2_05021.trc,0.9057481257184671
C2_05022.trc,0.909302971044978
C2_05023.trc,4.367612214247392
C2_05024.trc,3.3313319829560557
C2_05025.trc,16.465133260174557
C2_05026.trc,2.3725270953073965
C2_05027.trc,0.847276282277697
C2_05028.trc,8.946221180017798
C2_05029.trc,3.997445664396613
C2_05030.trc,12.473434731884105
C2_05031.trc,1.849602907723288
C2_05032.trc,1.085249913940013
C2_05033.trc,8.549377230480241
C2_05034.trc,0.9827914339078277
C2_05035.trc,2.7719959181691984
C2_05036.trc,0.7924589579345187
C2_05037.trc,0.9851834225469431
C2_05038.trc,0.9492698158126174
C2_05039.trc,5.516948737581819
C2_05040.trc,0.8173427529817088
C2_05041.trc,7.470472299989608
C2_05042.trc,1.4762470983216907
C2_05043.trc,1.9797027303846555
C2_05044.trc,3.805419105502181
C2_05045.trc,9.928414929069996
C2_05046.trc,3.9868143972318975
C2_05047.trc,4.74801112300675
C2_05048.trc,3.58392365374094
C2_05049.trc,1.30345617001405
C2_05050.trc,2.5482748471850214
C2_05051.trc,0.8396683092305588
C2_05052.trc,1.000166846199093
C2_05053.trc,3.615252636702048
C2_05054.trc,0.8434224454521796
C2_05055.trc,1.346246940487134
C2_05056.trc,1.3082402561142545
C2_05057.trc,2.7700027349270946
C2_05058.trc,14.332273840692093
C2_05059.trc,2.8430590356261116
C2_05060.trc,2.9488399130782774
C2_05061.trc,1.3121272827468533
C2_05062.trc,1.307841611714131
C2_05063.trc,6.855787319401418
C2_05064.trc,0.8646849320788266
C2_05065.trc,1.4109314061690483
C2_05066.trc,0.9863794302829086
C2_05067.trc,1.079735054308514
C2_05068.trc,2.849869806334298
C2_05069.trc,0.9239209073084229
C2_05070.trc,1.6948188149516161
C2_05071.trc,0.8123925911355797
C2_05072.trc,0.7847512991906028
C2_05073.trc,1.3574762592226133
C2_05074.trc,13.709083656157286
C2_05075.trc,7.094956984141803
C2_05076.trc,2.004652982563031
C2_05077.trc,2.5029923606361093
C2_05078.trc,0.9269109624254246
C2_05079.trc,0.951661789544614
C2_05080.trc,2.374321112874193
C2_05081.trc,4.037279523347708
C2_05082.trc,0.7855819000363098
C2_05083.trc,1.4059812130179679
C2_05084.trc,2.6363810674258814
C2_05085.trc,1.0468776974570702
C2_05086.trc,9.883896744251077
C2_05087.trc,3.2471128370505755
C2_05088.trc,13.754665302655656
C2_05089.trc,12.247055245960578
C2_05090.trc,9.860508057260828
C2_05091.trc,3.5837574423402287
C2_05092.trc,1.064917755595785
C2_05093.trc,0.8717945809919116
C2_05094.trc,5.643593521361122
C2_05095.trc,1.672260512653847
C2_05096.trc,0.8778078989215381
C2_05097.trc,0.9211966479205014
C2_05098.trc,11.577552941029206
C2_05099.trc,0.9260139640770101
C2_05100.trc,1.1301669622937145
C2_05101.trc,0.8350503823561499
C2_05102.trc,1.1772434201973523
C2_05103.trc,5.559207870384675
C2_05104.trc,2.459670155229624
C2_05105.trc,2.243523581268809
C2_05106.trc,0.7943193998368366
C2_05107.trc,1.2211305171817592
C2_05108.trc,1.2800675232730283
C2_05109.trc,1.0729242478232424
C2_05110.trc,13.907422557276014
C2_05111.trc,10.246023337776315
C2_05112.trc,1.424120821198672
C2_05113.trc,1.731263938608501
C2_05114.trc,8.136453105926305
C2_05115.trc,0.8993361932029582
C2_05116.trc,6.825255810088836
C2_05117.trc,2.103623196638271
C2_05118.trc,0.8248510850534281
C2_05119.trc,2.3418626642788856
C2_05120.trc,1.492958094335146
C2_05121.trc,1.3289047180029505
C2_05122.trc,8.6793773137792
C2_05123.trc,1.2057484595644716
C2_05124.trc,1.4117951491190548
C2_05125.trc,1.1493696386059118
C2_05126.trc,0.8998677041626699
C2_05127.trc,1.2818947381004657
C2_05128.trc,0.9276418805557771
C2_05129.trc,1.4890377959063072
C2_05130.trc,10.114461544690167
C2_05131.trc,1.050333027027965
C2_05132.trc,1.8753172827462172
C2_05133.trc,1.7151509554073012
C2_05134.trc,1.0065456574802698
C2_05135.trc,0.9145853708442512
C2_05136.trc,0.9519608496163708
C2_05137.trc,1.2014959470338797
C2_05138.trc,2.3461150978017433
C2_05139.trc,1.2275425480842574
C2_05140.trc,2.4622281883097132
C2_05141.trc,1.6119614812184526
C2_05142.trc,1.724752292072687
C2_05143.trc,1.9209652268695934
C2_05144.trc,1.373256900120834
C2_05145.trc,1.8498354301654145
C2_05146.trc,9.892169149973855
C2_05147.trc,3.2103020545731127
C2_05148.trc,0.8277414365851061
C2_05149.trc,0.801528719539581
C2_05150.trc,9.17841411308889
C2_05151.trc,0.7347180862897316
C2_05152.trc,1.4247187877988563
C2_05153.trc,12.579447456485886
C2_05154.trc,9.595723542197407
C2_05155.trc,0.7764125690100028
C2_05156.trc,2.248938907256148
C2_05157.trc,1.9274767779998427
C2_05158.trc,2.003656225472953
C2_05159.trc,9.230507410595209
C2_05160.trc,0.7900336512870929
C2_05161.trc,0.9450172958284659
C2_05162.trc,3.0037237288390157
C2_05163.trc,2.9073116402680066
C2_05164.trc,0.9649509469180703
C2_05165.trc,0.8065785819896067
C2_05166.trc,2.553557030831061
C2_05167.trc,3.0262816942358843
C2_05168.trc,14.334133948674934
C2_05169.trc,3.1953518102930625
C2_05170.trc,2.4496700116765138
C2_05171.trc,1.5354497555429782
C2_05172.trc,4.226216615719359
C2_05173.trc,0.8860803627820828
C2_05174.trc,7.445355961630325
C2_05175.trc,5.9723644980014825
C2_05176.trc,4.204821298310212
C2_05177.trc,0.8945521085934659
C2_05178.trc,2.5886402841778646
C2_05179.trc,1.3734230533837808
C2_05180.trc,1.2862801007928135
C2_05181.trc,2.213822479009382
C2_05182.trc,2.817776718417179
C2_05183.trc,1.5457156396688259
C2_05184.trc,3.6590731886032644
C2_05185.trc,3.5293720416469716
C2_05186.trc,1.2674761538513208
C2_05187.trc,8.04967553041136
C2_05188.trc,9.586554071044171
C2_05189.trc,2.1686398138120357
C2_05190.trc,10.225259138015923
C2_05191.trc,1.0785058030998367
C2_05192.trc,0.7518609105475429
C2_05193.trc,0.7634888125639561
C2_05194.trc,1.4420277414682245
C2_05195.trc,0.8500337106027339
C2_05196.trc,8.266951504415045
C2_05197.trc,0.8511965255501937
C2_05198.trc,3.3250861753799654
C2_05199.trc,0.9294360084352565
C2_05200.trc,2.642992344502132
C2_05201.trc,1.2915624215843537
C2_05202.trc,2.0832244499802055
C2_05203.trc,0.8968776848227554
C2_05204.trc,0.8519274406991237
C2_05205.trc,2.156447112641842
C2_05206.trc,0.9194690308378367
C2_05207.trc,1.720366993480953
C2_05208.trc,1.1597683296628696
C2_05209.trc,1.295815008650542
C2_05210.trc,0.7598011871391511
C2_05211.trc,9.298115244693298
C2_05212.trc,4.710469789114072
C2_05213.trc,9.221337981181913
C2_05214.trc,3.3265812849276224
C2_05215.trc,10.66522650443478
C2_05216.trc,1.5313301572747569
C2_05217.trc,1.257110674962124
C2_05218.trc,0.9658146272581747
C2_05219.trc,0.7974423811419041
C2_05220.trc,0.8189706038691503
C2_05221.trc,1.9070116487461917
C2_05222.trc,1.9766795525426102
C2_05223.trc,11.245392956294351
C2_05224.trc,1.953490053588352
C2_05225.trc,1.0773097416982418
C2_05226.trc,11.586224038854892
C2_05227.trc,7.166020247688487
C2_05228.trc,1.862493328272481
C2_05229.trc,2.8508664560931143
C2_05230.trc,1.3798018378321428
C2_05231.trc,9.61824871580728
C2_05232.trc,0.7711300738051652
C2_05233.trc,1.0792367167580545
C2_05234.trc,1.3736555877516037
C2_05235.trc,0.7961134710692629
C2_05236.trc,11.83765293345083
C2_05237.trc,1.8408320735166208
C2_05238.trc,2.408806278873142
C2_05239.trc,0.890299594572164
C2_05240.trc,0.8248177908965085
C2_05241.trc,1.1041868571330324
C2_05242.trc,11.93788588817493
C2_05243.trc,1.0800672997152179
C2_05244.trc,5.287181027678283
C2_05245.trc,1.3319944722331358
C2_05246.trc,1.979403700127137
C2_05247.trc,11.312967855497103
C2_05248.trc,1.9125598144603042
C2_05249.trc,1.9255830792084057
C2_05250.trc,0.833522154555584
C2_05251.trc,2.812062409875103
C2_05252.trc,1.3601673004799268
C2_05253.trc,0.7272430334678113
C2_05254.trc,1.2693366434564213
C2_05255.trc,2.150334208893139
C2_05256.trc,1.9146195740905476
C2_05257.trc,1.2371105935741502
C2_05258.trc,1.6623602620064746
C2_05259.trc,1.681396814869963
C2_05260.trc,0.9212963723757892
C2_05261.trc,10.847452693661882
C2_05262.trc,3.382627769546051
C2_05263.trc,1.8866793875428405
C2_05264.trc,1.9706992977095505
C2_05265.trc,0.9781402277836196
C2_05266.trc,10.174594558517398
C2_05267.trc,13.862305745471515
C2_05268.trc,0.900731465001219
C2_05269.trc,8.806353809290329
C2_05270.trc,1.4544530634675346
C2_05271.trc,0.7800669927020292
C2_05272.trc,0.8496018972654966
C2_05273.trc,1.6775097778023795
C2_05274.trc,1.5964797468486582
C2_05275.trc,1.6924599087883228
C2_05276.trc,2.7224276994683727
C2_05277.trc,0.8530238730509949
C2_05278.trc,0.7671100703002927
C2_05279.trc,1.079170246210461
C2_05280.trc,1.89133061006488
C2_05281.trc,0.9717614999823119
C2_05282.trc,0.9928579585658147
C2_05283.trc,1.1021603111612621
C2_05284.trc,9.956454977218494
C2_05285.trc,1.719602827405751
C2_05286.trc,10.28050829805702
C2_05287.trc,10.056521590849941
C2_05288.trc,1.0093695250479484
C2_05289.trc,1.830931807962127
C2_05290.trc,4.772595980220561
C2_05291.trc,0.9705322308850903
C2_05292.trc,1.5397023113042163
C2_05293.trc,0.8483394502868905
C2_05294.trc,11.394861854498334
C2_05295.trc,0.9593030269344307
C2_05296.trc,0.8011632798536596
C2_05297.trc,1.0720938049930009
C2_05298.trc,8.806154639142886
C2_05299.trc,0.9093030038406404
C2_05300.trc,9.769411535935497
C2_05301.trc,2.749205164983475
C2_05302.trc,0.8299673241361936
C2_05303.trc,1.7069117529080113
C2_05304.trc,12.218683650058574
C2_05305.trc,7.352099914479526
C2_05306.trc,1.599768821788194
C2_05307.trc,0.832060339164845
C2_05308.trc,0.8302663275608964
C2_05309.trc,11.69516111425202
C2_05310.trc,0.6833558977248937
C2_05311.trc,2.0500682536823738
C2_05312.trc,1.5244199289487224
C2_05313.trc,12.289414079367333
C2_05314.trc,2.005948616367296
C2_05315.trc,0.7498011389916044
C2_05316.trc,1.4259480241004152
C2_05317.trc,22.165670734076787
C2_05318.trc,3.015285163289258
C2_05319.trc,2.461430838390278
C2_05320.trc,1.006744927505413
C2_05321.trc,0.8394689944840579
C2_05322.trc,2.7177764963255893
C2_05323.trc,7.880206667094936
C2_05324.trc,2.1343208070388795
C2_05325.trc,10.185823995019122
C2_05326.trc,10.324262325745009
C2_05327.trc,4.059970528226751
C2_05328.trc,0.9555820924455878
C2_05329.trc,3.150335010651256
C2_05330.trc,0.7284057917682181
C2_05331.trc,5.400736170076744
C2_05332.trc,0.8675753044804732
C2_05333.trc,1.1864128898598711
C2_05334.trc,5.89575328638463
C2_05335.trc,1.3036222919720453
C2_05336.trc,13.930113545757228
C2_05337.trc,1.083555596977114
C2_05338.trc,4.792595906574492
C2_05339.trc,0.9351169780990551
C2_05340.trc,2.1682744456802885
C2_05341.trc,1.2156819775359478
C2_05342.trc,1.5360478220208629
C2_05343.trc,2.934720263681086
C2_05344.trc,1.1473430061728482
C2_05345.trc,1.581595986532609
C2_05346.trc,1.0594358800531198
C2_05347.trc,2.3074771959024076
C2_05348.trc,0.8501666994007027
C2_05349.trc,2.2300352328779427
C2_05350.trc,1.0919941962120618
C2_05351.trc,2.248141503671083
C2_05352.trc,1.6544532199433066
C2_05353.trc,0.8839873239020402
C2_05354.trc,6.060504256876021
C2_05355.trc,1.8830581357693514
C2_05356.trc,14.832074572035204
C2_05357.trc,2.427975629723471
C2_05358.trc,2.328739675075495
C2_05359.trc,5.507945316832412
C2_05360.trc,16.127125694864397
C2_05361.trc,1.6368452226000132
C2_05362.trc,2.1079753143671933
C2_05363.trc,9.46505881006957
C2_05364.trc,6.123461030939672
C2_05365.trc,0.8623593737380811
C2_05366.trc,1.0907981124497872
C2_05367.trc,0.8954491099233046
C2_05368.trc,2.114819161588353
C2_05369.trc,1.5451175970423323
C2_05370.trc,1.3626257313431087
C2_05371.trc,11.151771740767204
C2_05372.trc,1.6583402495573298
C2_05373.trc,0.9523594880536446
C2_05374.trc,1.9958821036350034
C2_05375.trc,2.2008657399652147
C2_05376.trc,10.322236085369193
C2_05377.trc,0.776877569172898
C2_05378.trc,0.9847847900725161
C2_05379.trc,1.4752502473167608
C2_05380.trc,4.090668371178424
C2_05381.trc,0.8107979598694582
C2_05382.trc,12.127254342198098
C2_05383.trc,2.2942545090765436
C2_05384.trc,2.0365134869188317
C2_05385.trc,7.465289372715307
C2_05386.trc,2.365948988658973
C2_05387.trc,3.1481424172570884
C2_05388.trc,1.4426589828460723
C2_05389.trc,0.7553493315385307
C2_05390.trc,0.9647847444616282
C2_05391.trc,12.135393644338084
C2_05392.trc,8.335390249426931
C2_05393.trc,0.8891367676990082
C2_05394.trc,1.9421279055610832
C2_05395.trc,1.396911378368021
C2_05396.trc,5.32279572639347
C2_05397.trc,1.5350512065484199
C2_05398.trc,6.53216575972521
C2_05399.trc,2.6105006956647605
C2_05400.trc,2.6980422986186987
C2_05401.trc,0.7751499580530812
C2_05402.trc,2.294653241428672
C2_05403.trc,2.1234902489790537
C2_05404.trc,0.9965123300829248
C2_05405.trc,1.0790706171607374
C2_05406.trc,3.32475401345313
C2_05407.trc,2.3124937850654828
C2_05408.trc,1.680632714386088
C2_05409.trc,1.13069856865899
C2_05410.trc,5.19502150232207
C2_05411.trc,10.43180442003271
C2_05412.trc,10.001637700553609
C2_05413.trc,5.154224071615846
C2_05414.trc,0.8117613736091243
C2_05415.trc,0.8356484249826439
C2_05416.trc,1.2994030318584375
C2_05417.trc,1.0565457044254511
C2_05418.trc,0.7741864876663616
C2_05419.trc,0.9724260042121248
C2_05420.trc,0.7509972063560484
C2_05421.trc,2.4894374075335746
C2_05422.trc,1.0488047574874648
C2_05423.trc,2.0501014211287765
C2_05424.trc,2.5448860120131105
C2_05425.trc,1.914486843185747
C2_05426.trc,2.3387065393788085
C2_05427.trc,1.456811950251573
C2_05428.trc,1.8990714377459101
C2_05429.trc,0.8985055774501315
C2_05430.trc,4.358010767269321
C2_05431.trc,1.0578744862968636
C2_05432.trc,0.8607979591118573
C2_05433.trc,2.1383074940261535
C2_05434.trc,1.502493002192874
C2_05435.trc,1.0737217155089211
C2_05436.trc,1.3434230118002652
C2_05437.trc,3.177511412746022
C2_05438.trc,0.9163129581126759
C2_05439.trc,14.028684948472604
C2_05440.trc,0.981761533222739
C2_05441.trc,2.645517350262743
C2_05442.trc,1.448904929058373
C2_05443.trc,0.8750171734581583
C2_05444.trc,4.145950789599351
C2_05445.trc,6.421501106003929
C2_05446.trc,10.095092889528319
C2_05447.trc,2.095815983380228
C2_05448.trc,0.9988711468035019
C2_05449.trc,2.476979022437699
C2_05450.trc,2.2933242568204344
C2_05451.trc,1.9623604124949063
C2_05452.trc,1.0101336121154163
C2_05453.trc,1.6769117590272773
C2_05454.trc,9.899743684265013
C2_05455.trc,7.040704333732601
C2_05456.trc,4.106581921866879
C2_05457.trc,3.092029675262876
C2_05458.trc,7.65778154147382
C2_05459.trc,3.4089068721685867
C2_05460.trc,1.8965132511224883
C2_05461.trc,1.5784399346774154
C2_05462.trc,0.7276748318979296
C2_05463.trc,1.3397020385529115
C2_05464.trc,3.820900547692434
C2_05465.trc,1.7266127503728366
C2_05466.trc,1.8335565307244668
C2_05467.trc,0.8267779274398769
C2_05468.trc,1.5636225196891547
C2_05469.trc,1.1521934644336551
C2_05470.trc,13.653933750997215
C2_05471.trc,0.8808975801068374
C2_05472.trc,15.684068897699849
C2_05473.trc,1.7393702208825728
C2_05474.trc,0.8903661053689783
C2_05475.trc,7.243894094113651
C2_05476.trc,1.8456161730332312
C2_05477.trc,11.234230264631224
C2_05478.trc,12.145161220727715
C2_05479.trc,1.911529924210198
C2_05480.trc,1.559037849703865
C2_05481.trc,0.7656483175194553
C2_05482.trc,0.975183401232212
C2_05483.trc,6.038710272706069
C2_05484.trc,1.9109651310192641
C2_05485.trc,1.7764799113791747
C2_05486.trc,4.337877914727323
C2_05487.trc,3.657478470875851
C2_05488.trc,2.001098110403705
C2_05489.trc,2.274055202384784
C2_05490.trc,0.8176084741751889
C2_05491.trc,0.9107315668143956
C2_05492.trc,0.8538543904168328
C2_05493.trc,1.6774433728461127
C2_05494.trc,2.8791389461852908
C2_05495.trc,1.8629584372573484
C2_05496.trc,0.9715289238745538
C2_05497.trc,1.6175096901632116
C2_05498.trc,9.603331817859068
C2_05499.trc,1.4596689912285021
C2_05500.trc,1.1736554104058639
C2_05501.trc,1.5939216496679554
C2_05502.trc,0.9232565044470219
C2_05503.trc,9.953531279354976
C2_05504.trc,2.0616297030397353
C2_05505.trc,1.4005659034284612
C2_05506.trc,2.2404339671655467
C2_05507.trc,0.8256815755864495
C2_05508.trc,5.838311276546911
C2_05509.trc,1.8383736888655084
C2_05510.trc,1.6409980822294892
C2_05511.trc,1.0002000151362063
C2_05512.trc,2.768607261882721
C2_05513.trc,9.417118615178774
C2_05514.trc,1.202226853238538
C2_05515.trc,0.960133559207388
C2_05516.trc,1.288672195272477
C2_05517.trc,1.034851112282025
C2_05518.trc,1.2603000045764037
C2_05519.trc,2.13405508733611
C2_05520.trc,1.7799019542467103
C2_05521.trc,0.9179408388143573
C2_05522.trc,1.024685135969035
C2_05523.trc,1.3105990400391683
C2_05524.trc,11.037120845781523
C2_05525.trc,1.1973431798285445
C2_05526.trc,0.8318942708724794
C2_05527.trc,0.7652164207023491
C2_05528.trc,8.015655541970025
C2_05529.trc,1.1379742471059302
C2_05530.trc,6.914391868404886
C2_05531.trc,2.673523993941635
C2_05532.trc,0.8044855609981076
C2_05533.trc,1.2555824382172864
C2_05534.trc,1.025914521341788
C2_05535.trc,0.8724922735380958
C2_05536.trc,4.062827916539565
C2_05537.trc,3.680734383730648
C2_05538.trc,0.6916948216980485
C2_05539.trc,0.980332892731961
C2_05540.trc,1.759702492520909
C2_05541.trc,0.9645521951866874
C2_05542.trc,1.056080507488578
C2_05543.trc,0.8383725859835772
C2_05544.trc,13.477920124382782
C2_05545.trc,0.949435863235015
C2_05546.trc,1.3929910978277256
C2_05547.trc,1.108206862128617
C2_05548.trc,5.5967163349733395
C2_05549.trc,0.9420272705257038
C2_05550.trc,1.0654492576112236
C2_05551.trc,1.089801538717279
C2_05552.trc,2.1911315501566477
C2_05553.trc,1.9995366122976126
C2_05554.trc,0.8391035756681032
C2_05555.trc,2.4860155852914065
C2_05556.trc,9.368081923835495
C2_05557.trc,0.9822598230704161
C2_05558.trc,0.9896684768989165
C2_05559.trc,1.8692707675559492
C2_05560.trc,1.0663463215509639
C2_05561.trc,2.0284070704806845
C2_05562.trc,0.8945188382879391
C2_05563.trc,0.9529574978844766
C2_05564.trc,1.3958816476240938
C2_05565.trc,1.5920943185649856
C2_05566.trc,2.756946040367288
C2_05567.trc,1.7268452832499472
C2_05568.trc,4.731632437991323
C2_05569.trc,0.9979407648554519
C2_05570.trc,14.035761535779837
C2_05571.trc,17.372077168531487
C2_05572.trc,0.9062464975553024
C2_05573.trc,11.456987777276673
C2_05574.trc,8.262101265288896
C2_05575.trc,2.631530671774976
C2_05576.trc,3.6526610921094407
C2_05577.trc,1.3059477370186836
C2_05578.trc,0.7569772450358748
C2_05579.trc,1.0113627828256493
C2_05580.trc,0.8081733295312596
C2_05581.trc,1.3872104648278285
C2_05582.trc,0.9013627063790653
C2_05583.trc,1.7178752550444458
C2_05584.trc,0.9319607980426349
C2_05585.trc,1.2373763594889893
C2_05586.trc,8.893463813569548
C2_05587.trc,0.8153825866241015
C2_05588.trc,1.1763464457003288
C2_05589.trc,8.099875088877019
C2_05590.trc,0.8262796390829106
C2_05591.trc,13.873302672947519
C2_05592.trc,13.84546215122662
C2_05593.trc,0.7986051573308521
C2_05594.trc,1.0324591266243326
C2_05595.trc,1.180233573701342
C2_05596.trc,2.4720288367401793
C2_05597.trc,1.164718525795373
C2_05598.trc,2.4277431430584318
C2_05599.trc,2.9280758131955857
C2_05600.trc,0.76219319366681
C2_05601.trc,9.89858105565655
C2_05602.trc,7.4171166091703125
C2_05603.trc,0.8888045744672239
C2_05604.trc,0.8858809496485931
C2_05605.trc,1.0915955130534287
C2_05606.trc,2.0995367032065504
C2_05607.trc,1.3487718970542502
C2_05608.trc,1.33083161405503
C2_05609.trc,0.953322919681854
C2_05610.trc,0.9586384526411543
C2_05611.trc,0.8220603595900484
C2_05612.trc,4.369771547771017
C2_05613.trc,1.825483081977322
C2_05614.trc,1.815117822222782
C2_05615.trc,12.910843248312723
C2_05616.trc,1.3109645304092963
C2_05617.trc,2.3573111909530544
C2_05618.trc,9.052168087003816
C2_05619.trc,1.8091710314878018
C2_05620.trc,0.9587381830592913
C2_05621.trc,2.448340886941351
C2_05622.trc,1.3140209025305576
C2_05623.trc,1.2303332452241103
C2_05624.trc,0.8084723597887782
C2_05625.trc,0.8466782456140518
C2_05626.trc,1.0905322511293831
C2_05627.trc,1.2629579141644012
C2_05628.trc,1.0291369110712107
C2_05629.trc,0.8086051100728344
C2_05630.trc,2.138041848858982
C2_05631.trc,1.3187718107493753
C2_05632.trc,3.6148207741713154
C2_05633.trc,1.3740211899251267
C2_05634.trc,1.4646191963052784
C2_05635.trc,0.8891368422346055
C2_05636.trc,11.539512974425108
C2_05637.trc,0.7026582478081727
C2_05638.trc,1.902360487343342
C2_05639.trc,1.0416951860914008
C2_05640.trc,0.9182729992504792
C2_05641.trc,7.271070040050559
C2_05642.trc,1.8028918909962837
C2_05643.trc,2.44099886912947
C2_05644.trc,0.8795687058112844
C2_05645.trc,0.8284058618071877
C2_05646.trc,0.816047077437509
C2_05647.trc,1.084552304873697
C2_05648.trc,3.397876909919544
C2_05649.trc,1.8456162907994749
C2_05650.trc,1.0513298154229929
C2_05651.trc,1.2917286314943541
C2_05652.trc,1.1777418635883616
C2_05653.trc,1.1348514610841296
C2_05654.trc,6.829906718070655
C2_05655.trc,1.0155158287941193
C2_05656.trc,10.879977669451835
C2_05657.trc,0.7930569677653495
C2_05658.trc,1.0001668372548205
C2_05659.trc,2.125018517028842
C2_05660.trc,1.8279086316107944
C2_05661.trc,7.810970604959279
C2_05662.trc,2.157078336131145
C2_05663.trc,2.0505998019098826
C2_05664.trc,6.550139013396858
C2_05665.trc,11.428515990326542
C2_05666.trc,0.8078078242540128
C2_05667.trc,0.9333561682278841
C2_05668.trc,0.8830238415896262
C2_05669.trc,0.7152828666654407
C2_05670.trc,1.951862166923823
C2_05671.trc,10.790741591519533
C2_05672.trc,2.095350774517659
C2_05673.trc,1.060831375458173
C2_05674.trc,10.974396123095023
C2_05675.trc,1.3634563068467127
C2_05676.trc,4.216050381513203
C2_05677.trc,0.9029241865966156
C2_05678.trc,0.9429906902282169
C2_05679.trc,2.2903675048046233
C2_05680.trc,0.871263043199386
C2_05681.trc,5.619307581110722
C2_05682.trc,4.08036925550556
C2_05683.trc,3.5965149754598653
C2_05684.trc,1.3419945114364105
C2_05685.trc,1.9688057792942586
C2_05686.trc,1.3451838559578104
C2_05687.trc,1.1704328104860573
C2_05688.trc,0.9292365326918648
C2_05689.trc,1.0095688725901133
C2_05690.trc,5.396450403638456
C2_05691.trc,0.8533228436800354
C2_05692.trc,1.0882401032210884
C2_05693.trc,0.8715952334497472
C2_05694.trc,1.234519138135913
C2_05695.trc,12.232470477143538
C2_05696.trc,2.6106004573878474
C2_05697.trc,1.2157816557791659
C2_05698.trc,1.0820938680476677
C2_05699.trc,1.2953499414056093
C2_05700.trc,0.6514954515068578
C2_05701.trc,0.8035553698611884
C2_05702.trc,1.1961804513423775
C2_05703.trc,6.7022655260278725
C2_05704.trc,2.57717836846466
C2_05705.trc,2.584587114717301
C2_05706.trc,0.7016616174286107
C2_05707.trc,1.7365463085935353
C2_05708.trc,0.948704980881749
C2_05709.trc,11.207486154392228
C2_05710.trc,0.8166449799370794
C2_05711.trc,1.2362800180705462
C2_05712.trc,2.302360837562686
C2_05713.trc,1.0366452923364224
C2_05714.trc,1.5632903741601516
C2_05715.trc,14.72533001400594
C2_05716.trc,0.9788046530057011
C2_05717.trc,0.9723927831000924
C2_05718.trc,8.803430171055293
C2_05719.trc,0.8745853332881057
C2_05720.trc,0.7811632402056203
C2_05721.trc,1.3761473023367197
C2_05722.trc,3.063557655761677
C2_05723.trc,2.727676881137038
C2_05724.trc,1.512127522702495
C2_05725.trc,1.0867118068477724
C2_05726.trc,0.8274091628548762
C2_05727.trc,2.0902012278615674
C2_05728.trc,0.8497680222049168
C2_05729.trc,6.427082533079295
C2_05730.trc,13.912173182259565
C2_05731.trc,1.1252832754673152
C2_05732.trc,0.9024591029538508
C2_05733.trc,2.6211651988486278
C2_05734.trc,9.739145592782355
C2_05735.trc,16.328321838206165
C2_05736.trc,2.962295117874133
C2_05737.trc,0.8082730360980047
C2_05738.trc,2.081729450745233
C2_05739.trc,1.4881740305956215
C2_05740.trc,1.1511305170498318
C2_05741.trc,1.6980081072980968
C2_05742.trc,5.560968708579375
C2_05743.trc,1.8821278387918818
C2_05744.trc,1.2713963717817136
C2_05745.trc,1.121163678689805
C2_05746.trc,1.2948514905610407
C2_05747.trc,1.4732570625839454
C2_05748.trc,10.903266555960482
C2_05749.trc,2.9270791440575112
C2_05750.trc,1.982028255929738
C2_05751.trc,0.8473427781673931
C2_05752.trc,2.1759820567214208
C2_05753.trc,2.9810326896735964
C2_05754.trc,1.254120467792505
C2_05755.trc,16.278023151569997
C2_05756.trc,0.7881399897634539
C2_05757.trc,2.714786414375774
C2_05758.trc,18.021447123290795
C2_05759.trc,1.7744865164559749
C2_05760.trc,8.107250116119838
C2_05761.trc,0.8257812225247174
C2_05762.trc,5.282928488314876
C2_05763.trc,1.5787056126402503
C2_05764.trc,1.6503336097493904
C2_05765.trc,1.0434226660285657
C2_05766.trc,9.875125467302956
C2_05767.trc,1.106180168576363
C2_05768.trc,0.8119938960512506
C2_05769.trc,1.027808015905689
C2_05770.trc,1.0769774977822504
C2_05771.trc,10.831406040881348
C2_05772.trc,1.061363011637688
C2_05773.trc,0.7812961723565341
C2_05774.trc,2.294055189857906
C2_05775.trc,4.491233824656786
C2_05776.trc,16.153670705019405
C2_05777.trc,10.786223053690222
C2_05778.trc,0.8605653561712843
C2_05779.trc,8.057947821349316
C2_05780.trc,0.7807978154268179
C2_05781.trc,0.8928909993261934
C2_05782.trc,1.7287722240233858
C2_05783.trc,0.8797016170922312
C2_05784.trc,0.7419606226323725
C2_05785.trc,3.726448634423302
C2_05786.trc,1.6825595612446733
C2_05787.trc,3.559139522029849
C2_05788.trc,1.435914792998163
C2_05789.trc,4.4393730600275765
C2_05790.trc,2.45551711373329
C2_05791.trc,0.98016678866251
C2_05792.trc,5.941334415605953
C2_05793.trc,0.9832564012750598
C2_05794.trc,6.785986572896803
C2_05795.trc,1.0257482741639892
C2_05796.trc,0.8251832902109077
C2_05797.trc,1.5756491376598643
C2_05798.trc,12.51546054471394
C2_05799.trc,1.5347520719410652
C2_05800.trc,0.9487713873287278
C2_05801.trc,2.127011868721395
C2_05802.trc,14.87317145934257
C2_05803.trc,7.170538421784079
C2_05804.trc,0.7594689193717683
C2_05805.trc,6.237049191713343
C2_05806.trc,0.9278743940536321
C2_05807.trc,0.8373759466597426
C2_05808.trc,12.773866397567382
C2_05809.trc,1.4726921754781594
C2_05810.trc,0.8474757252254272
C2_05811.trc,2.118805861992035
C2_05812.trc,0.844020532800032
C2_05813.trc,14.115362829346504
C2_05814.trc,0.9739209482907565
C2_05815.trc,0.9638544519562962
C2_05816.trc,0.869103568058126
C2_05817.trc,2.948175499781891
C2_05818.trc,1.7245861969475065
C2_05819.trc,1.2214959971169037
C2_05820.trc,10.04721906828884
C2_05821.trc,2.7497700282378688
C2_05822.trc,0.8403659481111139
C2_05823.trc,0.7501666770645141
C2_05824.trc,3.263757205991684
C2_05825.trc,0.8915287682638187
C2_05826.trc,1.2313297965959382
C2_05827.trc,0.8663793325215947
C2_05828.trc,1.8338554283086212
C2_05829.trc,8.645722688997479
C2_05830.trc,0.6884721576776275
C2_05831.trc,1.22229335598061
C2_05832.trc,0.8420936128965604
C2_05833.trc,0.8949839785777582
C2_05834.trc,5.150735722179031
C2_05835.trc,6.9345914583319175
C2_05836.trc,3.0556174596685146
C2_05837.trc,5.895022125268228
C2_05838.trc,0.8966783462248629
C2_05839.trc,0.8811966371971716
C2_05840.trc,9.200008800400884
C2_05841.trc,0.9885389948668861
C2_05842.trc,10.470940620723997
C2_05843.trc,10.688681639611936
C2_05844.trc,0.8125919297334723
C2_05845.trc,0.860299563423631
C2_05846.trc,1.1631238691871488
C2_05847.trc,0.8731899750285526
C2_05848.trc,1.6311310154263503
C2_05849.trc,2.6763812495810857
C2_05850.trc,4.0411666722186865
C2_05851.trc,9.000307516167162
C2_05852.trc,0.7836217634929424
C2_05853.trc,7.0019667267572325
C2_05854.trc,0.8996018279351459
C2_05855.trc,0.9109641488850009
C2_05856.trc,4.993061246570729
C2_05857.trc,5.099473243162362
C2_05858.trc,5.762463888141511
C2_05859.trc,7.446518530610313
C2_05860.trc,2.254719564107436
C2_05861.trc,0.8816617059328165
C2_05862.trc,0.9503329480447233
C2_05863.trc,11.538051194811455
C2_05864.trc,1.1451836294185762
C2_05865.trc,0.7418941237612522
C2_05866.trc,0.9112962437297982
C2_05867.trc,0.8360137782072713
C2_05868.trc,1.6970114307064645
C2_05869.trc,2.586048958431567
C2_05870.trc,1.730001408150026
C2_05871.trc,2.0573771994534162
C2_05872.trc,0.9533893976830069
C2_05873.trc,0.8893360824455099
C2_05874.trc,9.363962295753034
C2_05875.trc,2.208506935615098
C2_05876.trc,0.9053162169756664
C2_05877.trc,2.198739548545889
C2_05878.trc,14.100346175638052
C2_05879.trc,2.7938895895266374
C2_05880.trc,2.2577428537528763
C2_05881.trc,3.8845552393997753
C2_05882.trc,3.820169896399519
C2_05883.trc,0.8313626585443566
C2_05884.trc,0.8619607203936859
C2_05885.trc,4.2202364085890824
C2_05886.trc,10.473166223549097
C2_05887.trc,1.5716957030895735
C2_05888.trc,2.400168276939688
C2_05889.trc,1.126246601254974
C2_05890.trc,3.4335247417947596
C2_05891.trc,1.5490046654148668
C2_05892.trc,2.053955369757689
C2_05893.trc,1.0401668912087962
C2_05894.trc,0.8472098907378376
C2_05895.trc,0.8963461708816203
C2_05896.trc,6.254823246914018
C2_05897.trc,1.5608985226665357
C2_05898.trc,0.8716285514580573
C2_05899.trc,0.8339208377142167
C2_05900.trc,9.788447948672065
C2_05901.trc,0.7817612530178744
C2_05902.trc,0.8457148199486912
C2_05903.trc,2.5365471908990807
C2_05904.trc,12.648882647029046
C2_05905.trc,9.575192101902337
C2_05906.trc,22.227331513583888
C2_05907.trc,0.8341533780448878
C2_05908.trc,0.8296682998415229
C2_05909.trc,4.872164271208668
C2_05910.trc,2.675052256028577
C2_05911.trc,15.959318526665038
C2_05912.trc,6.128078905639163
C2_05913.trc,1.202459417420599
C2_05914.trc,1.7149849184198867
C2_05915.trc,0.9435554178278249
C2_05916.trc,0.9484724077554156
C2_05917.trc,8.962533534612554
C2_05918.trc,7.4789771968495655
C2_05919.trc,2.6286403664553672
C2_05920.trc,0.8186716093887183
C2_05921.trc,9.731404978273133
C2_05922.trc,11.358051091400128
C2_05923.trc,5.9973145653315765
C2_05924.trc,0.8537214701916145
C2_05925.trc,2.694686893258493
C2_05926.trc,0.7712961629674977
C2_05927.trc,5.740802716865519
C2_05928.trc,13.65964815047272
C2_05929.trc,0.8442198445651086
C2_05930.trc,0.8272763112024069
C2_05931.trc,0.9295355510236875
C2_05932.trc,9.549510789975976
C2_05933.trc,0.7783061023324136
C2_05934.trc,10.718814419553812
C2_05935.trc,12.069081722807399
C2_05936.trc,0.9814957881778659
C2_05937.trc,0.8594690520206411
C2_05938.trc,0.8423593132200746
C2_05939.trc,1.8684733475730533
C2_05940.trc,1.0320605940276062
C2_05941.trc,1.7588053868412334
C2_05942.trc,1.6321275921402818
C2_05943.trc,1.724253930670836
C2_05944.trc,3.499438637570786
C2_05945.trc,2.306114957386474
C2_05946.trc,1.0439209364969884
C2_05947.trc,7.9957554488933535
C2_05948.trc,2.9858831166294544
C2_05949.trc,0.7838210633323242
C2_05950.trc,2.708872917797714
C2_05951.trc,3.439371893045031
C2_05952.trc,0.7593028272280113
C2_05953.trc,1.487044506823656
C2_05954.trc,1.8156161433754114
C2_05955.trc,10.808116735482646
C2_05956.trc,0.8911634299463109
C2_05957.trc,8.85718456590319
C2_05958.trc,0.8836550978745925
C2_05959.trc,2.2685402890876576
C2_05960.trc,1.7856493750788456
C2_05961.trc,0.9752166655748918
C2_05962.trc,1.2304992881743724
C2_05963.trc,1.4750843027534868
C2_05964.trc,1.1954492932074012
C2_05965.trc,13.96413357295707
C2_05966.trc,2.52717826040029
C2_05967.trc,6.913561507563802
C2_05968.trc,3.2980429797271125
C2_05969.trc,0.8790703786958087
C2_05970.trc,1.816147739305703
C2_05971.trc,4.1133926970472015
C2_05972.trc,2.4996700750195244
C2_05973.trc,2.4000022265358663
C2_05974.trc,1.288871535361082
C2_05975.trc,0.8956484216883815
C2_05976.trc,0.7610303936264704
C2_05977.trc,1.519669050544144
C2_05978.trc,1.9812309179359993
C2_05979.trc,2.6653844965183793
C2_05980.trc,2.253158130101956
C2_05981.trc,1.8040547268137097
C2_05982.trc,4.325784803848343
C2_05983.trc,2.6029923322880917
C2_05984.trc,0.791196552695846
C2_05985.trc,21.502313802687336
C2_05986.trc,0.8721600773248872
C2_05987.trc,0.8510968786119273
C2_05988.trc,2.2018624120847123
C2_05989.trc,13.30117581367977
C2_05990.trc,0.828140045208142
C2_05991.trc,1.5538219159800484
C2_05992.trc,1.1578414082686865
C2_05993.trc,1.432127407340983
C2_05994.trc,3.033391548867219
C2_05995.trc,2.2209654414586417
C2_05996.trc,1.5722605663439682
C2_05997.trc,5.569606491378172
C2_05998.trc,6.453261954477191
C2_05999.trc,5.88389273223415
C2_06000.trc,2.277942297590135
C2_06001.trc,5.896184955122807
C2_06002.trc,0.8184389825967553
C2_06003.trc,0.8592364818757312
C2_06004.trc,2.2458492693014938
C2_06005.trc,0.7825586461679562
C2_06006.trc,0.7891367841213313
C2_06007.trc,13.530744006099978
C2_06008.trc,0.9397016137979701
C2_06009.trc,1.3630243712710948
C2_06010.trc,0.7174423090110382
C2_06011.trc,2.177576850475144
C2_06012.trc,6.06827820280996
C2_06013.trc,0.8339872978268268
C2_06014.trc,2.8184413657553393
C2_06015.trc,2.179171432547771
C2_06016.trc,1.8732573993868815
C2_06017.trc,1.0785722333982068
C2_06018.trc,10.214395238096396
C2_06019.trc,2.1676098356099254
C2_06020.trc,0.818571917729094
C2_06021.trc,1.873988320498658
C2_06022.trc,1.9679418738566499
C2_06023.trc,0.8685055969858057
C2_06024.trc,1.3322270885901168
C2_06025.trc,6.553261938054869
C2_06026.trc,10.290441765344285
C2_06027.trc,4.401665359700146
C2_06028.trc,3.0245875173999095
C2_06029.trc,1.014220041446523
C2_06030.trc,2.7179093941901282
C2_06031.trc,1.0428247158262134
C2_06032.trc,0.9787714945035686
C2_06033.trc,3.069139091781316
C2_06034.trc,0.8559807562494561
C2_06035.trc,1.2166122551341605
C2_06036.trc,1.981696064188665
C2_06037.trc,0.9477415656513721
C2_06038.trc,3.4665148146438853
C2_06039.trc,2.2443541493188532
C2_06040.trc,0.8248177849336606
C2_06041.trc,1.2422933061859325
C2_06042.trc,0.7517280290808361
C2_06043.trc,14.209549092976328
C2_06044.trc,13.563302805249586
C2_06045.trc,0.8844192386076899
C2_06046.trc,1.054319691654559
C2_06047.trc,5.2674468210271215
C2_06048.trc,0.9844857240379115
C2_06049.trc,1.0566453722336857
C2_06050.trc,0.9441867605740843
C2_06051.trc,8.898878869738027
C2_06052.trc,13.874199748812954
C2_06053.trc,9.188281056162936
C2_06054.trc,13.539947406453418
C2_06055.trc,7.015853682280422
C2_06056.trc,2.309902472735595
C2_06057.trc,2.065649721451728
C2_06058.trc,0.8327912334438072
C2_06059.trc,0.7374423218262625
C2_06060.trc,3.947213075630049
C2_06061.trc,1.5612969926533602
C2_06062.trc,0.7323925130418656
C2_06063.trc,0.7334223540984774
C2_06064.trc,0.9612299050979662
C2_06065.trc,0.9224258722963637
C2_06066.trc,1.423057581635307
C2_06067.trc,0.8478079214386353
C2_06068.trc,1.457310149165822
C2_06069.trc,0.749103422594029
C2_06070.trc,3.1837239157302095
C2_06071.trc,1.2945193480134616
C2_06072.trc,1.5155826435737159
C2_06073.trc,0.7539871839560265
C2_06074.trc,7.666751341600396
C2_06075.trc,1.272692060742322
C2_06076.trc,1.854353741406508
C2_06077.trc,2.267643237073612
C2_06078.trc,1.4674430668543812
C2_06079.trc,1.4355825952942427
C2_06080.trc,1.0262466072423135
C2_06081.trc,2.92887317205929
C2_06082.trc,0.858638519747684
C2_06083.trc,2.2639555863067047
C2_06084.trc,1.416147426354157
C2_06085.trc,0.8546517865483383
C2_06086.trc,1.288539276537972
C2_06087.trc,1.2197683845063745
C2_06088.trc,0.9166451930843964
C2_06089.trc,0.8427580411000657
C2_06090.trc,6.028643621337568
C2_06091.trc,1.4851508110136424
C2_06092.trc,1.3200342726351026
C2_06093.trc,12.401374354967189
C2_06094.trc,3.0169796576468797
C2_06095.trc,1.912626170223076
C2_06096.trc,0.7585055115949518
C2_06097.trc,1.3491373561194253
C2_06098.trc,5.043526412935762
C2_06099.trc,2.004653010886556
C2_06100.trc,9.839909828896529
C2_06101.trc,1.3759479219988922
C2_06102.trc,0.8083393680093862
C2_06103.trc,0.8869109039993117
C2_06104.trc,0.9217613934086522
C2_06105.trc,0.7492032007149472
C2_06106.trc,0.8376417274817015
C2_06107.trc,1.9156162223586528
C2_06108.trc,0.8203327335631112
C2_06109.trc,0.8732563725312599
C2_06110.trc,11.357121073185793
C2_06111.trc,0.7885387116805977
C2_06112.trc,4.564290152188617
C2_06113.trc,2.4016632627582544
C2_06114.trc,2.2256497837243012
C2_06115.trc,0.8561799875160886
C2_06116.trc,3.607013455072726
C2_06117.trc,0.809734732231788
C2_06118.trc,1.2656156239969973
C2_06119.trc,0.837342789648324
C2_06120.trc,1.457310038853138
C2_06121.trc,0.8196018213956068
C2_06122.trc,2.684819853288169
C2_06123.trc,1.5953501843181832
C2_06124.trc,1.080200009750052
C2_06125.trc,0.8672099124973343
C2_06126.trc,1.4598683864734485
C2_06127.trc,1.5370445105381905
C2_06128.trc,6.093693385087768
C2_06129.trc,0.9295688213292151
C2_06130.trc,16.910515412943035
C2_06131.trc,0.9058809982409046
C2_06132.trc,0.81049882228068
C2_06133.trc,1.7141210934807223
C2_06134.trc,13.966126963408133
C2_06135.trc,1.1220606502054047
C2_06136.trc,2.402028715860583
C2_06137.trc,7.42063828705042
C2_06138.trc,0.7957480671604286
C2_06139.trc,0.8921933127428566
C2_06140.trc,25.242949229366506
C2_06141.trc,7.673096991398016
C2_06142.trc,1.537542825727971
C2_06143.trc,5.640869081597053
C2_06144.trc,1.90694510217229
C2_06145.trc,7.060637963952237
C2_06146.trc,9.124958775331326
C2_06147.trc,4.282229928419248
C2_06148.trc,1.9773772495609307
C2_06149.trc,1.7831907325345675
C2_06150.trc,0.8504324563712695
C2_06151.trc,0.8586384929148685
C2_06152.trc,1.8368122533693185
C2_06153.trc,1.1588381236188292
C2_06154.trc,7.582798091301694
C2_06155.trc,5.976650173506339
C2_06156.trc,1.4197021762751019
C2_06157.trc,1.0466451690520966
C2_06158.trc,0.8913627595999315
C2_06159.trc,2.6765473342712824
C2_06160.trc,5.280403758335976
C2_06161.trc,1.0430904877039002
C2_06162.trc,1.2898017533308197
C2_06163.trc,11.373731887095396
C2_06164.trc,1.0385057536179965
C2_06165.trc,2.6303347177046406
C2_06166.trc,2.0360150927213176
C2_06167.trc,7.481236383029705
C2_06168.trc,0.7949506680474994
C2_06169.trc,0.8724259118124751
C2_06170.trc,2.068872285594447
C2_06171.trc,2.366746237209996
C2_06172.trc,0.7161799097352128
C2_06173.trc,0.9795355651732058
C2_06174.trc,1.9524601424682788
C2_06175.trc,1.3798350008064104
C2_06176.trc,0.8183061846099171
C2_06177.trc,1.4278084704748697
C2_06178.trc,6.330770282257684
C2_06179.trc,12.848218601889531
C2_06180.trc,8.339277119534776
C2_06181.trc,0.8383394766749399
C2_06182.trc,1.455117643723658
C2_06183.trc,1.2497352019964338
C2_06184.trc,4.175851099274018
C2_06185.trc,9.329643464883885
C2_06186.trc,0.7451831465258687
C2_06187.trc,4.011465590829228
C2_06188.trc,3.3217639374661636
C2_06189.trc,11.704496543384934
C2_06190.trc,1.088140378765799
C2_06191.trc,1.0880739275974611
C2_06192.trc,1.040931012562639
C2_06193.trc,1.15139621290121
C2_06194.trc,0.8817281898968167
C2_06195.trc,0.7877081287234349
C2_06196.trc,0.9875422631189114
C2_06197.trc,7.558578676755225
C2_06198.trc,1.0681070941543358
C2_06199.trc,2.3149523799069787
C2_06200.trc,2.675284924560475
C2_06201.trc,3.0582420124896927
C2_06202.trc,1.1338214918262908
C2_06203.trc,8.680174431147574
C2_06204.trc,1.9190050292070353
C2_06205.trc,1.7126260465429657
C2_06206.trc,0.9945855562692247
C2_06207.trc,4.469605618090371
C2_06208.trc,7.881203448036404
C2_06209.trc,1.6068119748115839
C2_06210.trc,1.434552667776338
C2_06211.trc,1.9394369045529931
C2_06212.trc,0.8686384933596316
C2_06213.trc,6.349507743744464
C2_06214.trc,1.255648826775722
C2_06215.trc,4.67807733851067
C2_06216.trc,1.0130572026476719
C2_06217.trc,1.8863805391521786
C2_06218.trc,0.8072762566472479
C2_06219.trc,0.8231567263505934
C2_06220.trc,0.8684723505316696
C2_06221.trc,1.639370194074249
C2_06222.trc,8.639543463772378
C2_06223.trc,1.0096019908430223
C2_06224.trc,0.8684723028288878
C2_06225.trc,0.8720271153597341
C2_06226.trc,1.3316621746515136
C2_06227.trc,1.4373766352217172
C2_06228.trc,1.9116627669183952
C2_06229.trc,1.8262475551391835
C2_06230.trc,5.122430130231777
C2_06231.trc,1.090931035656429
C2_06232.trc,2.916215330599279
C2_06233.trc,0.9798012565524468
C2_06234.trc,1.0712633114785546
C2_06235.trc,1.3479412857735584
C2_06236.trc,4.57458901444045
C2_06237.trc,1.489868304327873
C2_06238.trc,0.9220936969531227
C2_06239.trc,4.791466244166315
C2_06240.trc,0.7803327168769336
C2_06241.trc,1.8489718213794835
C2_06242.trc,0.9907316121124465
C2_06243.trc,2.718872916751766
C2_06244.trc,16.902043337684308
C2_06245.trc,4.383990835162205
C2_06246.trc,7.191668025453307
C2_06247.trc,0.9533229107375824
C2_06248.trc,1.0241535847601024
C2_06249.trc,8.498646038816492
C2_06250.trc,0.7486383747283498
C2_06251.trc,8.033761774004656
C2_06252.trc,0.9931900847155627
C2_06253.trc,1.7460148413092358
C2_06254.trc,6.285886334268347
C2_06255.trc,1.3555824501184914
C2_06256.trc,1.0022267429748357
C2_06257.trc,10.731571718631674
C2_06258.trc,1.026811480931692
C2_06259.trc,0.7455818207402312
C2_06260.trc,0.7659141162299576
C2_06261.trc,2.1961814170788103
C2_06262.trc,1.7587058069850046
C2_06263.trc,1.0094691332277064
C2_06264.trc,5.861799471839209
C2_06265.trc,2.1358158018017166
C2_06266.trc,2.1536564617140606
C2_06267.trc,0.884219852307015
C2_06268.trc,4.052130102800947
C2_06269.trc,0.9196019421187825
C2_06270.trc,13.68313702702038
C2_06271.trc,0.7659473418141267
C2_06272.trc,4.207080268337119
C2_06273.trc,1.0174426383849053
C2_06274.trc,13.794133902296977
C2_06275.trc,2.338108440105261
C2_06276.trc,1.7310645612520976
C2_06277.trc,12.981641111168997
C2_06278.trc,1.4659480214073373
C2_06279.trc,0.9069441930829115
C2_06280.trc,1.3060475345188576
C2_06281.trc,0.9081069185876541
C2_06282.trc,0.9559808411955464
C2_06283.trc,0.9373761121042785
C2_06284.trc,1.0245190020853443
C2_06285.trc,0.8859474842967994
C2_06286.trc,3.452794073502831
C2_06287.trc,0.9208311814017647
C2_06288.trc,1.462659085104013
C2_06289.trc,5.162529935473857
C2_06290.trc,1.1348513999649397
C2_06291.trc,3.8838242213917207
C2_06292.trc,14.639150756899193
C2_06293.trc,0.8770769897354561
C2_06294.trc,1.3688383565656754
C2_06295.trc,9.458746688470645
C2_06296.trc,0.9098012653647917
C2_06297.trc,5.2112673654992685
C2_06298.trc,9.675756939790139
C2_06299.trc,1.342526076061752
C2_06300.trc,8.000505924805706
C2_06301.trc,2.065649681202505
C2_06302.trc,1.7911311075131635
C2_06303.trc,2.132227826296602
C2_06304.trc,3.439704326281441
C2_06305.trc,5.496051830768016
C2_06306.trc,0.9172763957037324
C2_06307.trc,10.266787276662123
C2_06308.trc,2.740135391452717
C2_06309.trc,0.7847181064020969
C2_06310.trc,1.8910316275101435
C2_06311.trc,3.696714463104462
C2_06312.trc,0.9184391420784423
C2_06313.trc,0.9606651715355112
C2_06314.trc,2.3884739461156177
C2_06315.trc,1.0613297159900568
C2_06316.trc,2.0872112249194847
C2_06317.trc,3.5320632155776472
C2_06318.trc,12.29403170213651
C2_06319.trc,1.4645859901003653
C2_06320.trc,1.0844858537053597
C2_06321.trc,1.2669445191625175
C2_06322.trc,0.9236551443750087
C2_06323.trc,1.7511642567826773
C2_06324.trc,1.9585066695842432
C2_06325.trc,0.939203310533885
C2_06326.trc,6.61479039809366
C2_06327.trc,0.8684391100403811
C2_06328.trc,0.8845188974716527
C2_06329.trc,0.7896017962099215
C2_06330.trc,9.459477818282092
C2_06331.trc,0.9569774477237183
C2_06332.trc,16.14908628994586
C2_06333.trc,10.20632228575633
C2_06334.trc,1.899237616350959
C2_06335.trc,3.767511902598543
C2_06336.trc,11.572071059523692
C2_06337.trc,0.8207645469003487
C2_06338.trc,1.705483249562734
C2_06339.trc,1.6829250620497844
C2_06340.trc,9.799677252500421
C2_06341.trc,0.6979073828200012
C2_06342.trc,11.759911838800436
C2_06343.trc,1.0046852543364624
C2_06344.trc,9.061038793246258
C2_06345.trc,7.3634953790243936
C2_06346.trc,1.7383736471500646
C2_06347.trc,1.0820938307798693
C2_06348.trc,0.8747182207176616
C2_06349.trc,3.891033725942746
C2_06350.trc,3.040966226266727
C2_06351.trc,1.4856823517875921
C2_06352.trc,0.8879408315172165
C2_06353.trc,1.0588048086164354
C2_06354.trc,0.9835223609824533
C2_06355.trc,10.374329157778007
C2_06356.trc,0.9116286039213213
C2_06357.trc,3.1585744009802514
C2_06358.trc,2.6628262726271608
C2_06359.trc,0.776578589599586
C2_06360.trc,1.2206321677056038
C2_06361.trc,1.100000803224339
C2_06362.trc,0.8607979471861615
C2_06363.trc,1.3920277153930114
C2_06364.trc,1.7169449774462322
C2_06365.trc,1.678838696819292
C2_06366.trc,0.8027580065253446
C2_06367.trc,3.08555107840722
C2_06368.trc,0.8437214876353931
C2_06369.trc,0.808837724939102
C2_06370.trc,14.646293975750911
C2_06371.trc,1.2141869917173813
C2_06372.trc,13.9429704723941
C2_06373.trc,8.250904817348143
C2_06374.trc,6.677182642822395
C2_06375.trc,2.0474768548911912
C2_06376.trc,0.9831900276237445
C2_06377.trc,1.0256154046229755
C2_06378.trc,1.8926926488254123
C2_06379.trc,1.289270120132728
C2_06380.trc,2.2838226997666786
C2_06381.trc,3.7323956651629064
C2_06382.trc,3.5244218634030102
C2_06383.trc,9.450673658613557
C2_06384.trc,1.944087992910957
C2_06385.trc,1.3685724952452734
C2_06386.trc,0.8918610509383207
C2_06387.trc,1.6864466683757189
C2_06388.trc,1.5934565704973256
C2_06389.trc,0.779535320745428
C2_06390.trc,7.6236286864729
C2_06391.trc,0.9322266056974091
C2_06392.trc,0.8967116135489661
C2_06393.trc,0.6893359632375355
C2_06394.trc,3.609405406444043
C2_06395.trc,8.685955214709379
C2_06396.trc,0.8449839882796306
C2_06397.trc,11.591605945465513
C2_06398.trc,0.9750505138026567
C2_06399.trc,0.848671676314338
C2_06400.trc,0.8284058379557964
C2_06401.trc,13.950512289433862
C2_06402.trc,11.098150357077957
C2_06403.trc,9.422367941446499
C2_06404.trc,2.1951514478209715
C2_06405.trc,14.933204258270287
C2_06406.trc,2.433789570296694
C2_06407.trc,0.8341201554421429
C2_06408.trc,2.292261228938165
C2_06409.trc,1.5118282584032017
C2_06410.trc,1.209602253159342
C2_06411.trc,1.9933241033505762
C2_06412.trc,0.9553162877722385
C2_06413.trc,0.7842862811391639
C2_06414.trc,0.9676751526403614
C2_06415.trc,0.8142530151493537
C2_06416.trc,17.139452770949763
C2_06417.trc,2.015383765483361
C2_06418.trc,2.0506662888553064
C2_06419.trc,0.8636882897735687
C2_06420.trc,0.9990373075200082
C2_06421.trc,2.25548379428325
C2_06422.trc,1.9118289976983631
C2_06423.trc,2.4723611179239686
C2_06424.trc,1.2112964687538295
C2_06425.trc,0.9027581183042498
C2_06426.trc,1.093688489323569
C2_06427.trc,0.6762462696817756
C2_06428.trc,9.534228286872812
C2_06429.trc,1.7676094585577662
C2_06430.trc,1.7461477063781117
C2_06431.trc,1.2378748058614208
C2_06432.trc,2.1550518304085977
C2_06433.trc,1.676911721759479
C2_06434.trc,10.039245700277139
C2_06435.trc,1.0320605835926222
C2_06436.trc,0.8571766477098901
C2_06437.trc,5.75289576662531
C2_06438.trc,1.1581404340540695
C2_06439.trc,1.6662472960926331
C2_06440.trc,2.350533696513245
C2_06441.trc,0.8367114975862714
C2_06442.trc,1.074884542382076
C2_06443.trc,1.5444864063486912
C2_06444.trc,0.8290702900106924
C2_06445.trc,7.616219852268252
C2_06446.trc,2.845185377607345
C2_06447.trc,0.9176086396197244
C2_06448.trc,0.9150504843012539
C2_06449.trc,0.9549175926879094
C2_06450.trc,0.7940536369034225
C2_06451.trc,1.06714366401684
C2_06452.trc,1.03691107166767
C2_06453.trc,1.5377753630772175
C2_06454.trc,0.878372650372537
C2_06455.trc,1.0369110716676695
C2_06456.trc,0.8977747040411371
C2_06457.trc,8.07193485462653
C2_06458.trc,2.498175029572482
C2_06459.trc,1.0872101488703687
C2_06460.trc,1.7928586739116221
C2_06461.trc,1.4698683019476326
C2_06462.trc,1.254319974840848
C2_06463.trc,2.3579755893423204
C2_06464.trc,0.9456818045304171
C2_06465.trc,1.8604336416871217
C2_06466.trc,12.989015987849902
C2_06467.trc,1.2923266025666733
C2_06468.trc,14.837888447017102
C2_06469.trc,0.9362132852311231
C2_06470.trc,1.5838219068793586
C2_06471.trc,0.9122597469121794
C2_06472.trc,1.1615291186640728
C2_06473.trc,0.9813627963984751
C2_06474.trc,9.922002884751087
C2_06475.trc,1.293987705871101
C2_06476.trc,0.9350836779792892
C2_06477.trc,15.236692984783748
C2_06478.trc,3.078574494318412
C2_06479.trc,1.6612306174868419
C2_06480.trc,1.9440216669624233
C2_06481.trc,13.130743700601991
C2_06482.trc,1.7127921461402829
C2_06483.trc,7.408312744662741
C2_06484.trc,1.033987461756159
C2_06485.trc,4.356349884590264
C2_06486.trc,12.819913263363308
C2_06487.trc,2.232726327800887
C2_06488.trc,1.3529579688514883
C2_06489.trc,0.8476749952505691
C2_06490.trc,2.50026811168317
C2_06491.trc,1.481396536155811
C2_06492.trc,0.842757978490164
C2_06493.trc,1.175648765079841
C2_06494.trc,12.441573510495855
C2_06495.trc,4.511698621481673
C2_06496.trc,6.755056243280089
C2_06497.trc,1.335582479043201
C2_06498.trc,15.142042147334648
C2_06499.trc,1.0627913748560416
C2_06500.trc,1.1589044480766526
C2_06501.trc,1.384154065873751
C2_06502.trc,1.8607657723090059
C2_06503.trc,1.3336886893183337
C2_06504.trc,7.315953761451681
C2_06505.trc,0.9921933947075232
C2_06506.trc,0.8548842911019217
C2_06507.trc,1.236446132574982
C2_06508.trc,0.854851107257688
C2_06509.trc,14.611409995410673
C2_06510.trc,11.549480041465245
C2_06511.trc,1.7964468283021702
C2_06512.trc,11.263765587796403
C2_06513.trc,1.4058483136627173
C2_06514.trc,1.1051502440398828
C2_06515.trc,10.626754459146714
C2_06516.trc,0.8503660052029316
C2_06517.trc,1.0321270168724164
C2_06518.trc,0.8346517170860606
C2_06519.trc,2.6669458723860924
C2_06520.trc,2.8588066015020703
C2_06521.trc,7.70339639119568
C2_06522.trc,0.9910637993813838
C2_06523.trc,14.888353485180911
C2_06524.trc,7.838811558986643
C2_06525.trc,18.494305609695992
C2_06526.trc,0.8557480996432543
C2_06527.trc,1.6660478814684312
C2_06528.trc,1.3419942684503643
C2_06529.trc,1.8954168500755677
C2_06530.trc,2.5748529085109033
C2_06531.trc,0.8137546910153022
C2_06532.trc,2.206480473123196
C2_06533.trc,0.7248509047017729
C2_06534.trc,0.8345188624521666
C2_06535.trc,2.577577072493261
C2_06536.trc,0.8241201520159543
C2_06537.trc,2.873225303517459
C2_06538.trc,1.6432573071681413
C2_06539.trc,0.875017134699648
C2_06540.trc,3.4887740345092184
C2_06541.trc,8.815622925891116
C2_06542.trc,0.8752497257145245
C2_06543.trc,4.546216932566347
C2_06544.trc,1.6459814472991081
C2_06545.trc,0.998871066305056
C2_06546.trc,10.515624842530334
C2_06547.trc,1.8873439156240457
C2_06548.trc,15.037656270371166
C2_06549.trc,1.3207651818211839
C2_06550.trc,2.082825760858726
C2_06551.trc,0.8996685355059377
C2_06552.trc,1.812958397765727
C2_06553.trc,0.9182729724176641
C2_06554.trc,7.852997452343211
C2_06555.trc,11.574097762020218
C2_06556.trc,0.8918610956596782
C2_06557.trc,4.984223914983654
C2_06558.trc,0.8773759961415839
C2_06559.trc,2.575450834861865
C2_06560.trc,7.886851476842015
C2_06561.trc,1.8020944933740655
C2_06562.trc,2.133556700592156
C2_06563.trc,0.8902663958208099
C2_06564.trc,1.0002997351193599
C2_06565.trc,3.942694759916821
C2_06566.trc,9.599843124067792
C2_06567.trc,1.2260142606552145
C2_06568.trc,0.9458146889785469
C2_06569.trc,11.682768753980863
C2_06570.trc,1.7443204378850452
C2_06571.trc,0.777375932065461
C2_06572.trc,1.7763803210879612
C2_06573.trc,4.3117980836206415
C2_06574.trc,4.688110880570537
C2_06575.trc,0.9255820583156303
C2_06576.trc,12.6490823925913
C2_06577.trc,5.4058191597239516
C2_06578.trc,1.1495023143543708
C2_06579.trc,6.580870128144769
C2_06580.trc,3.6862825002512656
C2_06581.trc,0.778073606723102
C2_06582.trc,1.1069776034663792
C2_06583.trc,12.714730455370452
C2_06584.trc,1.5164464282636578
C2_06585.trc,2.3390386819263864
C2_06586.trc,1.0147847705368418
C2_06587.trc,8.808845555180397
C2_06588.trc,1.770068039982855
C2_06589.trc,2.9111322127508443
C2_06590.trc,1.0949176645059375
C2_06591.trc,0.9467448562640766
C2_06592.trc,3.080102514910017
C2_06593.trc,2.175982025416471
C2_06594.trc,4.203359386023196
C2_06595.trc,1.0528911674393147
C2_06596.trc,1.053821364539083
C2_06597.trc,6.415653823571007
C2_06598.trc,3.9284091122907254
C2_06599.trc,4.059505504212464
C2_06600.trc,0.9634557389834235
C2_06601.trc,18.70041747794719
C2_06602.trc,2.0803674298732435
C2_06603.trc,0.8938544190287059
C2_06604.trc,2.962428055987893
C2_06605.trc,3.8018972502273525
C2_06606.trc,5.132330441998339
C2_06607.trc,0.9776751262523116
C2_06608.trc,4.176648479007692
C2_06609.trc,4.1823628039476
C2_06610.trc,1.2710640935793474
C2_06611.trc,1.768971586761015
C2_06612.trc,0.7767446280777118
C2_06613.trc,1.1799013089153827
C2_06614.trc,0.8048177273970778
C2_06615.trc,0.7858144821069136
C2_06616.trc,1.197675295543309
C2_06617.trc,1.9234901178453838
C2_06618.trc,0.9209640777755924
C2_06619.trc,10.497352023435582
C2_06620.trc,3.6897710777670087
C2_06621.trc,0.992658469406015
C2_06622.trc,0.8837215222101131
C2_06623.trc,17.202775361849454
C2_06624.trc,0.9613295967575924
C2_06625.trc,1.4396689381640548
C2_06626.trc,1.0986386616046824
C2_06627.trc,1.3506988691326385
C2_06628.trc,2.1420284717456415
C2_06629.trc,11.201007773689806
C2_06630.trc,0.8038543255831091
C2_06631.trc,1.6496027467753793
C2_06632.trc,1.9215963236483824
C2_06633.trc,1.6956825489573515
C2_06634.trc,0.9144524834146952
C2_06635.trc,1.0552831724762624
C2_06636.trc,1.7619284575890162
C2_06637.trc,0.9556485406325006
C2_06638.trc,13.816791349163083
C2_06639.trc,1.0003661758527134
C2_06640.trc,9.314327758557237
C2_06641.trc,5.185586263763288
C2_06642.trc,0.8100669612406596
C2_06643.trc,1.4984065355939686
C2_06644.trc,1.7054831869528315
C2_06645.trc,10.265192600674636
C2_06646.trc,6.743628058502405
C2_06647.trc,3.811000313442893
C2_06648.trc,1.0971769386380839
C2_06649.trc,5.992430724961844
C2_06650.trc,0.9001999450972376
C2_06651.trc,0.8693361024259483
C2_06652.trc,2.610799737847974
C2_06653.trc,0.9521601584000232
C2_06654.trc,3.2879100963249277
C2_06655.trc,1.1921936540424196
C2_06656.trc,6.467481118139287
C2_06657.trc,0.9175089569043711
C2_06658.trc,2.413324472347993
C2_06659.trc,1.1345523488374545
C2_06660.trc,0.8568775369539271
C2_06661.trc,1.3095691319005194
C2_06662.trc,10.456987029184187
C2_06663.trc,1.8817958318990906
C2_06664.trc,2.137875759696649
C2_06665.trc,2.3822281474837994
C2_06666.trc,1.0957815893228016
C2_06667.trc,4.724622459867895
C2_06668.trc,1.53873885880604
C2_06669.trc,9.651604065854725
C2_06670.trc,5.614523474140549
C2_06671.trc,0.9002664260798128
C2_06672.trc,0.8599673195076394
C2_06673.trc,13.094531528712276
C2_06674.trc,2.302028624951645
C2_06675.trc,0.9427580932504928
C2_06676.trc,0.9054158758396295
C2_06677.trc,0.9068444388133845
C2_06678.trc,6.446218689650406
C2_06679.trc,1.1125255962579064
C2_06680.trc,3.4220962484397006
C2_06681.trc,8.133894791101659
C2_06682.trc,0.7721267012033026
C2_06683.trc,1.048871169897292
C2_06684.trc,1.3694363678872192
C2_06685.trc,2.9075775627075995
C2_06686.trc,1.0794692287651975
C2_06687.trc,4.0127279438929815
C2_06688.trc,0.700000415737196
C2_06689.trc,12.114895341675187
C2_06690.trc,3.3077439484236466
C2_06691.trc,0.8220603178501136
C2_06692.trc,1.883224214496701
C2_06693.trc,2.927477684107798
C2_06694.trc,2.425948885487011
C2_06695.trc,0.9072098874435776
C2_06696.trc,1.1475423358264698
C2_06697.trc,0.9153494608931423
C2_06698.trc,1.627243868046083
C2_06699.trc,0.9088045813195988
C2_06700.trc,2.773590582230982
C2_06701.trc,1.6063137043431608
C2_06702.trc,2.146679652527748
C2_06703.trc,0.8862797252313677
C2_06704.trc,1.8146195338658153
C2_06705.trc,1.4103001573376417
C2_06706.trc,0.7798676183270505
C2_06707.trc,1.2592035662616838
C2_06708.trc,0.7471765921332745
C2_06709.trc,1.6664133151915044
C2_06710.trc,12.205161675082024
C2_06711.trc,2.8338565133020093
C2_06712.trc,1.8413969874552218
C2_06713.trc,3.578375482063981
C2_06714.trc,1.1686055792607886
C2_06715.trc,0.963954227095792
C2_06716.trc,0.8433892496822499
C2_06717.trc,13.166624448467289
C2_06718.trc,8.054858180413243
C2_06719.trc,0.8981732888127818
C2_06720.trc,0.7705985300497902
C2_06721.trc,1.870300765137315
C2_06722.trc,0.7969439824722533
C2_06723.trc,1.1063796040705336
C2_06724.trc,1.4710975442120384
C2_06725.trc,1.0493696103068753
C2_06726.trc,0.9322930807171373
C2_06727.trc,1.249635501392537
C2_06728.trc,1.476579239378558
C2_06729.trc,11.239246953671994
C2_06730.trc,10.485957205859698
C2_06731.trc,2.2187727332796516
C2_06732.trc,1.7439549981991225
C2_06733.trc,0.7081067486954735
C2_06734.trc,1.0338878759370813
C2_06735.trc,1.0951502883164774
C2_06736.trc,12.76971395682797
C2_06737.trc,16.69593055920439
C2_06738.trc,8.386220540937662
C2_06739.trc,0.8468444272005257
C2_06740.trc,11.26429677079948
C2_06741.trc,0.9765122785091891
C2_06742.trc,7.134126468555022
C2_06743.trc,0.9649508604567764
C2_06744.trc,9.633431430354541
C2_06745.trc,2.3506333032022884
C2_06746.trc,14.128120434020314
C2_06747.trc,10.241039607482271
C2_06748.trc,8.669908745286412
C2_06749.trc,1.1080739359405505
C2_06750.trc,2.472427402132568
C2_06751.trc,1.1343862328423062
C2_06752.trc,1.6669449319917629
C2_06753.trc,2.061231112305243
C2_06754.trc,13.656292478275075
C2_06755.trc,10.673100085381291
C2_06756.trc,9.433398012517513
C2_06757.trc,11.553167408996883
C2_06758.trc,4.824356646225783
C2_06759.trc,0.856611854518957
C2_06760.trc,0.8443527677717518
C2_06761.trc,4.618110606147612
C2_06762.trc,0.8543195426323471
C2_06763.trc,1.632194055234315
C2_06764.trc,1.1375424844528992
C2_06765.trc,2.145981900353086
C2_06766.trc,0.8604657569358002
C2_06767.trc,1.7909981216966202
C2_06768.trc,2.421098540520311
C2_06769.trc,5.598510286948811
C2_06770.trc,0.7984722579756003
C2_06771.trc,8.258678980926023
C2_06772.trc,0.8628908727720952
C2_06773.trc,2.1037228823350484
C2_06774.trc,0.8327247822754696
C2_06775.trc,2.662593774036424
C2_06776.trc,0.9365455738684728
C2_06777.trc,5.065553132719647
C2_06778.trc,0.8342198590274645
C2_06779.trc,9.424759994186227
C2_06780.trc,1.849835570292338
C2_06781.trc,1.131529053229165
C2_06782.trc,1.104651948229357
C2_06783.trc,0.6579738292278579
C2_06784.trc,1.5999016555521195
C2_06785.trc,0.8229241174471744
C2_06786.trc,1.4680410483616853
C2_06787.trc,2.3589059742717944
C2_06788.trc,0.9553162549765752
C2_06789.trc,0.8805986005335253
C2_06790.trc,2.8519959575044007
C2_06791.trc,0.8566449936418316
C2_06792.trc,12.520610335846797
C2_06793.trc,2.634653554693053
C2_06794.trc,2.821929485622514
C2_06795.trc,10.87074146538571
C2_06796.trc,1.7790380368834058
C2_06797.trc,1.0114624059125252
C2_06798.trc,2.1922278528165795
C2_06799.trc,0.7724258596620477
C2_06800.trc,1.327642297857159
C2_06801.trc,0.8338876061672004
C2_06802.trc,12.284729625298276
C2_06803.trc,0.9383063241111665
C2_06804.trc,0.9908313574377018
C2_06805.trc,1.1942201970327664
C2_06806.trc,9.860973114070779
C2_06807.trc,2.3006000008587
C2_06808.trc,1.5858152868954383
C2_06809.trc,1.8210980159366512
C2_06810.trc,6.855122846476554
C2_06811.trc,0.9926917665443584
C2_06812.trc,3.9407679398910505
C2_06813.trc,0.8425586846136299
C2_06814.trc,2.566015641024441
C2_06815.trc,0.8207646691387289
C2_06816.trc,12.865926049397116
C2_06817.trc,11.22376520290437
C2_06818.trc,2.7676101365867924
C2_06819.trc,2.3672777422068574
C2_06820.trc,0.8515619771618099
C2_06821.trc,10.680375702709037
C2_06822.trc,1.3828915458502578
C2_06823.trc,1.8022274687556261
C2_06824.trc,0.9208976474772214
C2_06825.trc,0.8892696849428025
C2_06826.trc,1.3832237569705867
C2_06827.trc,0.7813293621636153
C2_06828.trc,1.5714631299632393
C2_06829.trc,1.051196843022857
C2_06830.trc,16.222607371673114
C2_06831.trc,9.002234871358521
C2_06832.trc,1.0259808159853716
C2_06833.trc,12.388650105569486
C2_06834.trc,7.525588502537688
C2_06835.trc,2.0417958330524746
C2_06836.trc,0.8219939859387319
C2_06837.trc,4.728741913537057
C2_06838.trc,0.7970436920204218
C2_06839.trc,1.808672686483783
C2_06840.trc,0.8169772894443954
C2_06841.trc,0.7955486212312759
C2_06842.trc,2.585417636555276
C2_06843.trc,1.8664799973712125
C2_06844.trc,2.0454834599679916
C2_06845.trc,10.564894184516971
C2_06846.trc,7.958147283700794
C2_06847.trc,2.188606580173124
C2_06848.trc,0.7950170834387504
C2_06849.trc,12.727221833499431
C2_06850.trc,0.8531235527849247
C2_06851.trc,0.7581399854477372
C2_06852.trc,3.1464148478772054
C2_06853.trc,0.919601965970174
C2_06854.trc,0.9976751301232646
C2_06855.trc,1.8870781079692711
C2_06856.trc,2.1286397702930433
C2_06857.trc,2.620600332612808
C2_06858.trc,3.7019968763201416
C2_06859.trc,10.735193422090882
C2_06860.trc,10.059976474697967
C2_06861.trc,5.401500049935249
C2_06862.trc,2.0921280717387285
C2_06863.trc,0.9659475474833932
C2_06864.trc,1.74917086335019
C2_06865.trc,10.581904137743056
C2_06866.trc,1.5438551008702306
C2_06867.trc,6.185753354439142
C2_06868.trc,2.866746790141674
C2_06869.trc,8.25333008374634
C2_06870.trc,1.0991702023786318
C2_06871.trc,3.2161491715370105
C2_06872.trc,5.633327674503073
C2_06873.trc,0.8097347650274502
C2_06874.trc,1.3215292659072269
C2_06875.trc,0.7479407090149814
C2_06876.trc,2.289703064675423
C2_06877.trc,15.258653055134607
C2_06878.trc,5.349074791748209
C2_06879.trc,1.6450180663551064
C2_06880.trc,1.6487056932706237
C2_06881.trc,1.4321938555278955
C2_06882.trc,6.8574816095315
C2_06883.trc,13.532372269914628
C2_06884.trc,0.8706650274057082
C2_06885.trc,1.9212309152674116
C2_06886.trc,1.1555822757541747
C2_06887.trc,1.8974766916949686
C2_06888.trc,0.8984391233003703
C2_06889.trc,1.0012632517181497
C2_06890.trc,2.555185218619403
C2_06891.trc,1.4326589973084267
C2_06892.trc,1.1545192046412596
C2_06893.trc,9.802036090090967
C2_06894.trc,10.619644822159323
C2_06895.trc,2.8863482286202364
C2_06896.trc,0.8312630175689373
C2_06897.trc,21.766600062189454
C2_06898.trc,1.1607983004114208
C2_06899.trc,0.8693361650358489
C2_06900.trc,0.8961800489236248
C2_06901.trc,0.8115951890412256
C2_06902.trc,0.7953160570492135
C2_06903.trc,0.8367778980704017
C2_06904.trc,0.958638607675197
C2_06905.trc,11.586423043533308
C2_06906.trc,1.6285728601078806
C2_06907.trc,0.962459037049689
C2_06908.trc,3.8045882616704265
C2_06909.trc,0.8418610039931409
C2_06910.trc,7.769608703055902
C2_06911.trc,4.951931545115698
C2_06912.trc,0.8239872228464648
C2_06913.trc,1.9046195736457825
C2_06914.trc,3.4878105939367368
C2_06915.trc,13.366192517314825
C2_06916.trc,14.854533015713615
C2_06917.trc,3.218906611787743
C2_06918.trc,1.035781562802824
C2_06919.trc,0.8166118706284435
C2_06920.trc,2.1327593134049216
C2_06921.trc,7.104658037808916
C2_06922.trc,0.928572071692697
C2_06923.trc,1.3971772963354783
C2_06924.trc,1.2795689978928624
C2_06925.trc,1.6127920433056495
C2_06926.trc,4.227312761854537
C2_06927.trc,0.7842198448779463
C2_06928.trc,1.4749181405462681
C2_06929.trc,8.733795813346111
C2_06930.trc,2.2732578688631815
C2_06931.trc,1.853656095072393
C2_06932.trc,7.917648857909985
C2_06933.trc,2.3926931928128172
C2_06934.trc,11.00569174928931
C2_06935.trc,2.1448524466445815
C2_06936.trc,1.973357184936869
C2_06937.trc,0.8108642470594818
C2_06938.trc,9.933963181245403
C2_06939.trc,2.375683200828218
C2_06940.trc,10.868282985329031
C2_06941.trc,0.9184724481610567
C2_06942.trc,0.8388710323560099
C2_06943.trc,1.3942868434353852
C2_06944.trc,0.8869441623791431
C2_06945.trc,0.9288047342617469
C2_06946.trc,4.178143572157518
C2_06947.trc,0.799070345323453
C2_06948.trc,1.29860564168978
C2_06949.trc,1.3722270531013754
C2_06950.trc,1.7558154927211236
C2_06951.trc,1.0666785356527162
C2_06952.trc,1.593523005267833
C2_06953.trc,2.520267902382315
C2_06954.trc,0.8825588145939147
C2_06955.trc,6.8116012786207865
C2_06956.trc,0.9727914036488237
C2_06957.trc,0.9920604267795219
C2_06958.trc,3.0974115580221016
C2_06959.trc,9.340042239420717
C2_06960.trc,0.8565786110462446
C2_06961.trc,9.019942114638567
C2_06962.trc,1.6976426109651221
C2_06963.trc,2.7300025840768427
C2_06964.trc,0.8692364733762243
C2_06965.trc,1.5722936786340291
C2_06966.trc,3.537544851115689
C2_06967.trc,1.5634232466825877
C2_06968.trc,1.0740871820276572
C2_06969.trc,1.0732565990704934
C2_06970.trc,3.9214322986322756
C2_06971.trc,3.3838902910602546
C2_06972.trc,0.9751501786294674
C2_06973.trc,3.8828275656700564
C2_06974.trc,1.6942871057272166
C2_06975.trc,1.110931069341621
C2_06976.trc,1.0567115759438392
C2_06977.trc,1.187476092155438
C2_06978.trc,1.6014963568817024
C2_06979.trc,2.360434036603334
C2_06980.trc,0.8770770314753911
C2_06981.trc,0.8805321612908841
C2_06982.trc,1.9848854415057273
C2_06983.trc,1.7321278008154644
C2_06984.trc,2.4013975221855177
C2_06985.trc,0.9086385249529298
C2_06986.trc,0.7833892112365761
C2_06987.trc,0.8416948879979925
C2_06988.trc,4.3790406256132925
C2_06989.trc,0.747841050151018
C2_06990.trc,9.699511035161356
C2_06991.trc,2.032559763150423
C2_06992.trc,1.3397021548284438
C2_06993.trc,3.8198374333488716
C2_06994.trc,3.5305680404386646
C2_06995.trc,1.1463131710790853
C2_06996.trc,4.169937602695957
C2_06997.trc,16.150215441039837
C2_06998.trc,0.933389384867782
C2_06999.trc,1.5068118406719986
C2_07000.trc,3.2387406159390797
C2_07001.trc,2.4160486780702843
C2_07002.trc,1.0833895078147808
C2_07003.trc,3.5804686491452515
C2_07004.trc,0.9830903538526615
C2_07005.trc,0.6817279991346696
C2_07006.trc,0.8167115086224372
C2_07007.trc,13.673269541327183
C2_07008.trc,1.4175427741787274
C2_07009.trc,0.8526251660409707
C2_07010.trc,1.1558148533526444
C2_07011.trc,1.1684393946928902
C2_07012.trc,3.3294051435510292
C2_07013.trc,1.5125593837425155
C2_07014.trc,12.999082795743165
C2_07015.trc,1.2699344013569327
C2_07016.trc,0.8951833410270413
C2_07017.trc,10.996256913222751
C2_07018.trc,5.277912136175002
C2_07019.trc,7.368146814718242
C2_07020.trc,0.9468445181094634
C2_07021.trc,0.9858145625563772
C2_07022.trc,0.8574423718847947
C2_07023.trc,0.7928576381117275
C2_07024.trc,1.6383070618421427
C2_07025.trc,2.6617964032470227
C2_07026.trc,0.7878077935502454
C2_07027.trc,11.61678871263245
C2_07028.trc,1.0450173181646534
C2_07029.trc,1.0216618970078004
C2_07030.trc,1.9227590148667502
C2_07031.trc,9.06260006327342
C2_07032.trc,6.861734026656528
C2_07033.trc,0.9646186910763825
C2_07034.trc,6.686650916154215
C2_07035.trc,9.439344558775732
C2_07036.trc,12.822736879000667
C2_07037.trc,4.775187197144885
C2_07038.trc,0.8557147458578576
C2_07039.trc,2.2133907059213684
C2_07040.trc,1.616778801847097
C2_07041.trc,1.6408319766693251
C2_07042.trc,4.551333171649116
C2_07043.trc,0.7780735590203198
C2_07044.trc,9.56140466809761
C2_07045.trc,11.947686347284979
C2_07046.trc,1.8302672947880412
C2_07047.trc,1.757808832487981
C2_07048.trc,0.8285720284865429
C2_07049.trc,1.4435228152387962
C2_07050.trc,1.6621608727243746
C2_07051.trc,1.944686110073047
C2_07052.trc,2.287045325028587
C2_07053.trc,1.5930910831086225
C2_07054.trc,0.880665001017657
C2_07055.trc,0.7453825209008487
C2_07056.trc,3.5401694516396485
C2_07057.trc,0.8397347902131362
C2_07058.trc,1.5412968441833481
C2_07059.trc,2.421729585124181
C2_07060.trc,5.966018895906642
C2_07061.trc,1.0031569072789406
C2_07062.trc,12.00552661990056
C2_07063.trc,2.678573901113021
C2_07064.trc,1.8284069378563044
C2_07065.trc,1.2919279820179421
C2_07066.trc,9.410640264290592
C2_07067.trc,0.9044856489256212
C2_07068.trc,9.433962504584633
C2_07069.trc,1.4979746834982215
C2_07070.trc,3.2236243152923594
C2_07071.trc,1.0286053762601075
C2_07072.trc,1.241662148287955
C2_07073.trc,1.8351843055855992
C2_07074.trc,13.920644877386737
C2_07075.trc,2.2210984302566086
C2_07076.trc,11.683566419931228
C2_07077.trc,4.907546094182997
C2_07078.trc,10.383099820552799
C2_07079.trc,0.8210636755448563
C2_07080.trc,3.0672785678898395
C2_07081.trc,1.000100293662343
C2_07082.trc,9.719046165579929
C2_07083.trc,1.636712399271072
C2_07084.trc,21.52709824595722
C2_07085.trc,0.9059807107704965
C2_07086.trc,3.0346539928644027
C2_07087.trc,8.603762353901077
C2_07088.trc,1.0739210779582047
C2_07089.trc,2.333058629830152
C2_07090.trc,11.891573046273784
C2_07091.trc,1.781164353522535
C2_07092.trc,1.4035559764340046
C2_07093.trc,0.7745851588992994
C2_07094.trc,1.2314295747168567
C2_07095.trc,1.2244527550955617
C2_07096.trc,0.8128576240941376
C2_07097.trc,1.7058486296201774
C2_07098.trc,1.4533234249107494
C2_07099.trc,0.7098675227895586
C2_07100.trc,1.8364469061075375
C2_07101.trc,1.0726253815440379
C2_07102.trc,1.4370776481948455
C2_07103.trc,2.372992268392878
C2_07104.trc,12.796657170132367
C2_07105.trc,0.7803659752567659
C2_07106.trc,0.8749176427954228
C2_07107.trc,3.5876776707056046
C2_07108.trc,11.132569441605133
C2_07109.trc,0.7391698703361774
C2_07110.trc,3.3743220398521134
C2_07111.trc,0.8167779299765361
C2_07112.trc,1.0512632420162766
C2_07113.trc,0.9039873650407915
C2_07114.trc,3.151996345016034
C2_07115.trc,0.9524923605760818
C2_07116.trc,1.266745183546049
C2_07117.trc,1.2976422696900498
C2_07118.trc,1.6445861456866084
C2_07119.trc,9.766122404348907
C2_07120.trc,9.813697068620357
C2_07121.trc,3.509671094866351
C2_07122.trc,1.7306659392126553
C2_07123.trc,8.478313796992396
C2_07124.trc,1.7044864402977393
C2_07125.trc,1.2510973063482926
C2_07126.trc,3.6666146448907395
C2_07127.trc,9.133563720131061
C2_07128.trc,14.623735615315374
C2_07129.trc,13.418152843911722
C2_07130.trc,2.5460156446070483
C2_07131.trc,0.9147847004978725
C2_07132.trc,0.7616948665513338
C2_07133.trc,0.8900006388502419
C2_07134.trc,0.8723593712014217
C2_07135.trc,0.816080261281743
C2_07136.trc,1.0341535538999163
C2_07137.trc,6.365288508371776
C2_07138.trc,2.3384073675036547
C2_07139.trc,1.5867123612701621
C2_07140.trc,1.4111308491167776
C2_07141.trc,8.833729250349887
C2_07142.trc,1.4539878888913405
C2_07143.trc,10.933532230785476
C2_07144.trc,1.6267456661504112
C2_07145.trc,0.9165122818034497
C2_07146.trc,3.5908671836774544
C2_07147.trc,11.371439949377482
C2_07148.trc,1.0961469514917022
C2_07149.trc,1.0804326753005253
C2_07150.trc,5.09937363796403
C2_07151.trc,3.2291724750436233
C2_07152.trc,6.4066173382343194
C2_07153.trc,1.5394365409172417
C2_07154.trc,0.8093360878316653
C2_07155.trc,1.33953606566611
C2_07156.trc,1.079867968570885
C2_07157.trc,0.9357813079155717
C2_07158.trc,1.9054833091422307
C2_07159.trc,11.549313682484042
C2_07160.trc,10.237119422347536
C2_07161.trc,2.2324605708303182
C2_07162.trc,0.9133229417541866
C2_07163.trc,5.964490708355297
C2_07164.trc,1.8184733289513988
C2_07165.trc,1.6588054852527143
C2_07166.trc,1.9722608301020186
C2_07167.trc,2.4056831708575612
C2_07168.trc,0.8943527371999109
C2_07169.trc,0.825282880502122
C2_07170.trc,11.976622894393383
C2_07171.trc,0.8559806131411101
C2_07172.trc,1.359303471068626
C2_07173.trc,3.123258696745495
C2_07174.trc,2.2946531803094814
C2_07175.trc,0.7384390028900305
C2_07176.trc,1.186977581682393
C2_07177.trc,0.8925255357888813
C2_07178.trc,3.036248726989647
C2_07179.trc,0.8304657019358765
C2_07180.trc,0.84342243054506
C2_07181.trc,3.8470802090949516
C2_07182.trc,1.3963798659175979
C2_07183.trc,0.8797680086320905
C2_07184.trc,1.0143196928569265
C2_07185.trc,1.3790708988318228
C2_07186.trc,1.0556153463287925
C2_07187.trc,4.235253089130351
C2_07188.trc,0.9558145999805954
C2_07189.trc,7.395322635435345
C2_07190.trc,0.8593028614898948
C2_07191.trc,1.718705860362289
C2_07192.trc,1.3953167187783735
C2_07193.trc,0.8985056102457948
C2_07194.trc,0.9792033719414207
C2_07195.trc,3.6014983300945005
C2_07196.trc,0.8291366845319764
C2_07197.trc,1.5519282082443384
C2_07198.trc,2.289869194086978
C2_07199.trc,10.443299340704717
C2_07200.trc,15.493736409800842
C2_07201.trc,1.974154530384168
C2_07202.trc,0.8166119183312248
C2_07203.trc,4.110834434397469
C2_07204.trc,4.2941902726163415
C2_07205.trc,7.780971035931452
C2_07206.trc,0.8012297757433554
C2_07207.trc,0.7979740113585698
C2_07208.trc,2.557676779661189
C2_07209.trc,3.8146215935399077
C2_07210.trc,1.1408314833661257
C2_07211.trc,2.7506004129303436
C2_07212.trc,1.0098346027278664
C2_07213.trc,1.1117283849746815
C2_07214.trc,1.6762472369089199
C2_07215.trc,2.4594041418566013
C2_07216.trc,0.8174756046341771
C2_07217.trc,1.8622939881838763
C2_07218.trc,1.0996686099925541
C2_07219.trc,2.2549852659216603
C2_07220.trc,1.220233530759041
C2_07221.trc,1.557642481009327
C2_07222.trc,0.8646185733346302
C2_07223.trc,2.728075592619198
C2_07224.trc,1.6000345474538111
C2_07225.trc,0.8422928948473991
C2_07226.trc,7.961502793410834
C2_07227.trc,9.534062570388468
C2_07228.trc,0.8751832298248284
C2_07229.trc,0.6465120163737776
C2_07230.trc,1.2698348945455888
C2_07231.trc,2.6125272938114485
C2_07232.trc,0.8431898782886951
C2_07233.trc,0.7290702259345687
C2_07234.trc,1.9769120496426345
C2_07235.trc,1.0016619080439673
C2_07236.trc,7.531435835654818
C2_07237.trc,0.831163343797855
C2_07238.trc,0.9274093521508013
C2_07239.trc,3.3759833175698364
C2_07240.trc,1.4835560336577507
C2_07241.trc,0.811993869218435
C2_07242.trc,10.664428869789361
C2_07243.trc,0.9793362206124656
C2_07244.trc,1.6857489788109572
C2_07245.trc,1.192525792117863
C2_07246.trc,1.7749517640770538
C2_07247.trc,9.63964402576287
C2_07248.trc,0.895781350857872
C2_07249.trc,0.8468444093119815
C2_07250.trc,0.7457147320211772
C2_07251.trc,1.5220278210526503
C2_07252.trc,1.37817387066917
C2_07253.trc,0.9319606370457446
C2_07254.trc,0.7594689432231596
C2_07255.trc,2.9943551069175967
C2_07256.trc,2.2739555569372296
C2_07257.trc,1.7081409593953294
C2_07258.trc,1.0278412325455857
C2_07259.trc,1.7257821867949286
C2_07260.trc,2.1800352366169666
C2_07261.trc,0.86412021342349
C2_07262.trc,4.6420309904365595
C2_07263.trc,9.015557152947734
C2_07264.trc,0.8480736962977462
C2_07265.trc,1.1197349368306158
C2_07266.trc,7.512698405472989
C2_07267.trc,2.1461813030515917
C2_07268.trc,1.0255822491022688
C2_07269.trc,0.8460138442433615
C2_07270.trc,15.788388247468678
C2_07271.trc,0.970631904656172
C2_07272.trc,3.034388159867526
C2_07273.trc,5.246018477789205
C2_07274.trc,0.8511966328814549
C2_07275.trc,2.6915639984147197
C2_07276.trc,11.693998314211676
C2_07277.trc,1.788240763435044
C2_07278.trc,0.8661135218853968
C2_07279.trc,0.8626251635043107
C2_07280.trc,0.7426250508358765
C2_07281.trc,8.451137581236623
C2_07282.trc,2.6121287269283484
C2_07283.trc,1.391529449396725
C2_07284.trc,0.7624589416931059
C2_07285.trc,1.7338552583919509
C2_07286.trc,2.064453686882947
C2_07287.trc,1.0949509482278728
C2_07288.trc,1.4463800157219038
C2_07289.trc,1.2534892726267284
C2_07290.trc,1.0487713709064062
C2_07291.trc,0.9768112759710447
C2_07292.trc,5.411167770686936
C2_07293.trc,1.6039882607872362
C2_07294.trc,1.3815625940376839
C2_07295.trc,9.50382965902694
C2_07296.trc,0.7211964482140824
C2_07297.trc,1.2726920995008322
C2_07298.trc,2.51525146676257
C2_07299.trc,1.98289212559026
C2_07300.trc,0.9493030324525144
C2_07301.trc,0.8216616794128386
C2_07302.trc,1.7644533411112486
C2_07303.trc,3.3474117286473914
C2_07304.trc,8.55120410095322
C2_07305.trc,2.9492386543746756
C2_07306.trc,1.183755163629444
C2_07307.trc,12.953036070074166
C2_07308.trc,0.8938544398986734
C2_07309.trc,7.636884485588823
C2_07310.trc,0.9671103564680049
C2_07311.trc,0.971927651754545
C2_07312.trc,3.692694361212601
C2_07313.trc,2.488972212087413
C2_07314.trc,7.079574491236625
C2_07315.trc,1.7686394143991975
C2_07316.trc,0.8881732674980505
C2_07317.trc,0.8956152408255728
C2_07318.trc,1.0394690331935863
C2_07319.trc,1.0233894783133795
C2_07320.trc,0.773455629164487
C2_07321.trc,0.6824921070721047
C2_07322.trc,1.6267456184476279
C2_07323.trc,4.085219862837563
C2_07324.trc,0.937077034143978
C2_07325.trc,1.80445334587173
C2_07326.trc,1.4381074862700323
C2_07327.trc,0.9312631233849942
C2_07328.trc,3.716780880875955
C2_07329.trc,15.369118561069127
C2_07330.trc,0.9882399407579767
C2_07331.trc,0.7735885613154003
C2_07332.trc,0.8269108208322803
C2_07333.trc,0.8448510620915652
C2_07334.trc,0.8301998227269295
C2_07335.trc,4.01987086758373
C2_07336.trc,6.951235918206453
C2_07337.trc,8.623895461354815
C2_07338.trc,0.9998346171902209
C2_07339.trc,6.402697063656872
C2_07340.trc,1.3269114110317561
C2_07341.trc,1.021230027023509
C2_07342.trc,0.9018278436874606
C2_07343.trc,0.7972430067669238
C2_07344.trc,2.526148569905585
C2_07345.trc,17.494070911655612
C2_07346.trc,10.286023096569323
C2_07347.trc,0.7926583770308567
C2_07348.trc,9.825757043357884
C2_07349.trc,8.80838051327757
C2_07350.trc,0.8429905605607688
C2_07351.trc,0.7487379978152268
C2_07352.trc,1.0282065887516394
C2_07353.trc,2.0800682341466996
C2_07354.trc,1.960533309470867
C2_07355.trc,2.190167978401516
C2_07356.trc,0.8811301591960191
C2_07357.trc,0.812558674335065
C2_07358.trc,0.9480073718154325
C2_07359.trc,0.8535221375565694
C2_07360.trc,1.7487058378451905
C2_07361.trc,1.8576427969667875
C2_07362.trc,0.9523262117852707
C2_07363.trc,0.9322266474373435
C2_07364.trc,2.1583075813769756
C2_07365.trc,1.8747856823437892
C2_07366.trc,0.6873758863226462
C2_07367.trc,2.0873441093676157
C2_07368.trc,2.5578428732956575
C2_07369.trc,5.3006362593069545
C2_07370.trc,0.865681654882529
C2_07371.trc,5.506350615502827
C2_07372.trc,0.959635244017607
C2_07373.trc,0.9322597716530996
C2_07374.trc,2.5060820060443225
C2_07375.trc,0.7579407154225934
C2_07376.trc,1.249469446516578
C2_07377.trc,3.759837427698861
C2_07378.trc,0.7755819443129036
C2_07379.trc,1.0370439292829863
C2_07380.trc,1.9391711580174085
C2_07381.trc,9.48818198456601
C2_07382.trc,1.2374427495381357
C2_07383.trc,1.0166784946703846
C2_07384.trc,0.9826253358012229
C2_07385.trc,0.9230903660911938
C2_07386.trc,14.192206745272342
C2_07387.trc,3.3993387789759133
C2_07388.trc,9.078713100140252
C2_07389.trc,1.2977751138889588
C2_07390.trc,0.8711301796212216
C2_07391.trc,1.4969446233069548
C2_07392.trc,1.6098019866979372
C2_07393.trc,1.7509981527132243
C2_07394.trc,7.592831175712992
C2_07395.trc,14.732374013753711
C2_07396.trc,13.615694715614085
C2_07397.trc,15.30177622008559
C2_07398.trc,10.474462179347148
C2_07399.trc,3.3509667051565546
C2_07400.trc,1.3529911005208033
C2_07401.trc,2.2727595685805206
C2_07402.trc,10.36545850669191
C2_07403.trc,1.120432778447996
C2_07404.trc,2.23269305898607
C2_07405.trc,1.4739547223344667
C2_07406.trc,12.413566975638936
C2_07407.trc,0.9004325450563854
C2_07408.trc,0.9353162481241977
C2_07409.trc,1.4773766489264704
C2_07410.trc,1.5459148485747782
C2_07411.trc,1.1531570391702122
C2_07412.trc,1.1530905865111623
C2_07413.trc,0.8194689816688332
C2_07414.trc,4.07791084998448
C2_07415.trc,2.4616300890361664
C2_07416.trc,0.884319561855184
C2_07417.trc,1.997643107298727
C2_07418.trc,1.3549844775554591
C2_07419.trc,1.5029580932891986
C2_07420.trc,1.0284724530534668
C2_07421.trc,7.432930673917389
C2_07422.trc,0.7668111205412192
C2_07423.trc,4.559904700053552
C2_07424.trc,1.478904843931374
C2_07425.trc,0.8573095709165328
C2_07426.trc,0.9606652311639896
C2_07427.trc,0.9114956628261361
C2_07428.trc,6.152331578565462
C2_07429.trc,0.8232230791319426
C2_07430.trc,2.87771024010319
C2_07431.trc,8.005622265256887
C2_07432.trc,9.628746860009953
C2_07433.trc,0.8680072579446332
C2_07434.trc,1.6458485971373513
C2_07435.trc,0.7395685177177245
C2_07436.trc,1.332725305392909
C2_07437.trc,3.3985413813536964
C2_07438.trc,0.9975754742407248
C2_07439.trc,1.425416453512227
C2_07440.trc,1.2732566735571096
C2_07441.trc,1.9276760852927852
C2_07442.trc,7.437914164206814
C2_07443.trc,1.2541538767342435
C2_07444.trc,4.636881567509558
C2_07445.trc,3.5657839531360946
C2_07446.trc,3.228209111988164
C2_07447.trc,2.8362483797027447
C2_07448.trc,11.830144538769208
C2_07449.trc,6.687016536216284
C2_07450.trc,0.8125254248995053
C2_07451.trc,1.2619610676316078
C2_07452.trc,2.126945438423025
C2_07453.trc,1.494918254729905
C2_07454.trc,1.5445195797579419
C2_07455.trc,2.1988391835584613
C2_07456.trc,1.9727592242995335
C2_07457.trc,0.8792364946909557
C2_07458.trc,0.8980404729374001
C2_07459.trc,0.8057148330767526
C2_07460.trc,1.300167148740145
C2_07461.trc,1.0302665451558592
C2_07462.trc,0.7538211752921395
C2_07463.trc,1.2165125754002304
C2_07464.trc,3.837744568280944
C2_07465.trc,1.856712623718411
C2_07466.trc,11.402636035964761
C2_07467.trc,0.8821932675767338
C2_07468.trc,0.8765787192670342
C2_07469.trc,1.0111968486973584
C2_07470.trc,1.3871440017337964
C2_07471.trc,6.4235941970588915
C2_07472.trc,5.628410736750403
C2_07473.trc,10.829811186008438
C2_07474.trc,1.5858485035353351
C2_07475.trc,0.8151167938764481
C2_07476.trc,3.8478442439875016
C2_07477.trc,1.24026695698814
C2_07478.trc,1.487808531281222
C2_07479.trc,1.9617957430330653
C2_07480.trc,0.8794026583888859
C2_07481.trc,2.2473442595921953
C2_07482.trc,0.968771504493789
C2_07483.trc,5.653626739936496
C2_07484.trc,16.580648267806815
C2_07485.trc,11.605160721173322
C2_07486.trc,0.8478743129784947
C2_07487.trc,2.479503935774168
C2_07488.trc,1.0886719150676138
C2_07489.trc,0.7036549586861796
C2_07490.trc,0.7521599527307578
C2_07491.trc,1.1186719730489605
C2_07492.trc,1.2240209417583243
C2_07493.trc,8.009077544143574
C2_07494.trc,0.7752496079727716
C2_07495.trc,1.1201338346517702
C2_07496.trc,3.925917309753602
C2_07497.trc,0.8399341288110287
C2_07498.trc,0.8976750421957507
C2_07499.trc,2.5641551544007637
C2_07500.trc,4.1198044223537496
C2_07501.trc,6.678743808499723
C2_07502.trc,0.9810638317322818
C2_07503.trc,1.4125593822762932
C2_07504.trc,3.645053350122655
C2_07505.trc,1.472525990910262
C2_07506.trc,0.8359473985931083
C2_07507.trc,1.3238548928207234
C2_07508.trc,2.027975175154291
C2_07509.trc,2.4706002767478465
C2_07510.trc,0.8285720225236938
C2_07511.trc,2.200599959143257
C2_07512.trc,6.067779851843092
C2_07513.trc,11.36047612822869
C2_07514.trc,5.232762468482894
C2_07515.trc,1.10707719226688
C2_07516.trc,0.9474093590031788
C2_07517.trc,1.5398684213365164
C2_07518.trc,12.018948600602958
C2_07519.trc,9.66801587508591
C2_07520.trc,0.9328909683095883
C2_07521.trc,1.177177022694645
C2_07522.trc,1.1187716289314995
C2_07523.trc,1.678805365394574
C2_07524.trc,0.7745851738064196
C2_07525.trc,2.1217626363685245
C2_07526.trc,2.11046703640587
C2_07527.trc,1.2399014189152295
C2_07528.trc,5.309539921314698
C2_07529.trc,12.22791888367122
C2_07530.trc,0.7990039030993878
C2_07531.trc,1.0343196713857763
C2_07532.trc,3.525916959534259
C2_07533.trc,3.505053086002785
C2_07534.trc,7.094657885311532
C2_07535.trc,10.297883863891613
C2_07536.trc,0.9971103548208741
C2_07537.trc,0.8237214390430828
C2_07538.trc,2.1548192051073465
C2_07539.trc,11.23542634541207
C2_07540.trc,3.3289399242534783
C2_07541.trc,5.718145007634105
C2_07542.trc,0.9161136046076646
C2_07543.trc,3.7761830004242256
C2_07544.trc,4.004356107385169
C2_07545.trc,6.14302892482171
C2_07546.trc,0.7582396800887867
C2_07547.trc,4.180734815914658
C2_07548.trc,4.304489036481185
C2_07549.trc,8.087250356725644
C2_07550.trc,0.866179925350951
C2_07551.trc,2.701597190157278
C2_07552.trc,15.358154575942022
C2_07553.trc,1.0465122756596925
C2_07554.trc,2.188972089922507
C2_07555.trc,0.8192695834424626
C2_07556.trc,1.787709146634785
C2_07557.trc,0.9909310222645125
C2_07558.trc,1.0392366210641435
C2_07559.trc,6.405985970145958
C2_07560.trc,0.968605382535793
C2_07561.trc,0.7686051202194725
C2_07562.trc,1.6488387297713727
C2_07563.trc,1.1173762572555381
C2_07564.trc,2.9376438273805254
C2_07565.trc,10.469777917579929
C2_07566.trc,0.8222265471393699
C2_07567.trc,1.109934376352157
C2_07568.trc,1.7836892504611739
C2_07569.trc,1.147044154800763
C2_07570.trc,0.9071435137922612
C2_07571.trc,0.8631234965826351
C2_07572.trc,1.3129579208603606
C2_07573.trc,6.7269499153951315
C2_07574.trc,0.934352810533143
C2_07575.trc,9.98662118100923
C2_07576.trc,0.8966783641134064
C2_07577.trc,1.8281409990188788
C2_07578.trc,13.475827319544514
C2_07579.trc,8.356951602332783
C2_07580.trc,2.2143873363009283
C2_07581.trc,0.7790702967311423
C2_07582.trc,1.865284003051653
C2_07583.trc,1.130931043398335
C2_07584.trc,2.6174441719356434
C2_07585.trc,4.718077553461536
C2_07586.trc,2.503490692223721
C2_07587.trc,0.9987382325411315
C2_07588.trc,13.269514625561177
C2_07589.trc,0.8665454395724708
C2_07590.trc,13.335827150830205
C2_07591.trc,6.218909540301992
C2_07592.trc,6.068045629683625
C2_07593.trc,1.0008312922911407
C2_07594.trc,13.832605160489132
C2_07595.trc,1.5592371912831822
C2_07596.trc,5.555055022680896
C2_07597.trc,0.8540537647918132
C2_07598.trc,1.8179418105381289
C2_07599.trc,0.9214291793068998
C2_07600.trc,1.5091374347898316
C2_07601.trc,1.9892043858254
C2_07602.trc,0.8875422437641467
C2_07603.trc,0.8146516625309006
C2_07604.trc,0.822292885013599
C2_07605.trc,9.589045554568937
C2_07606.trc,15.410945937181802
C2_07607.trc,0.898771367216362
C2_07608.trc,0.7192363683177684
C2_07609.trc,1.7327921529926598
C2_07610.trc,2.8080424838872533
C2_07611.trc,2.382659950386054
C2_07612.trc,0.746611754220983
C2_07613.trc,1.3972769119687944
C2_07614.trc,1.8574435030902534
C2_07615.trc,2.8206337519405498
C2_07616.trc,1.1755822975136725
C2_07617.trc,1.5311640427703208
C2_07618.trc,2.8852185811191795
C2_07619.trc,1.8473769799229776
C2_07620.trc,1.111562310719468
C2_07621.trc,0.8009972085798703
C2_07622.trc,1.6252172907693618
C2_07623.trc,1.1088380304615784
C2_07624.trc,1.6997688828828936
C2_07625.trc,1.3574762353712226
C2_07626.trc,1.377077636581986
C2_07627.trc,0.7521931067607526
C2_07628.trc,2.8983415613782983
C2_07629.trc,1.2415292548955519
C2_07630.trc,1.333655590444681
C2_07631.trc,4.051565074077527
C2_07632.trc,0.822226466640924
C2_07633.trc,0.7475088330678424
C2_07634.trc,2.0966795936568707
C2_07635.trc,1.7259150503730925
C2_07636.trc,8.809975314484848
C2_07637.trc,2.6588396154541245
C2_07638.trc,13.967688410830021
C2_07639.trc,2.186945450035884
C2_07640.trc,1.5106989522751797
C2_07641.trc,1.0773762107551224
C2_07642.trc,13.463302617444377
C2_07643.trc,7.043528275835877
C2_07644.trc,16.825665001808318
C2_07645.trc,1.5088052967143881
C2_07646.trc,0.7390037722295734
C2_07647.trc,5.988710045384743
C2_07648.trc,1.5603667776650483
C2_07649.trc,1.1217616915020594
C2_07650.trc,1.9413638453264306
C2_07651.trc,1.64827381434206
C2_07652.trc,1.5483733629178291
C2_07653.trc,2.513789688639629
C2_07654.trc,10.100275309960566
C2_07655.trc,0.7150170232335795
C2_07656.trc,2.0658822468752778
C2_07657.trc,0.8823926419517129
C2_07658.trc,2.263822525954563
C2_07659.trc,1.4224596060908516
C2_07660.trc,7.238113221109131
C2_07661.trc,0.8304655647903773
C2_07662.trc,0.7902995245331934
C2_07663.trc,0.8667781528257267
C2_07664.trc,0.9495024217346126
C2_07665.trc,0.8624258308692662
C2_07666.trc,0.7240868683185111
C2_07667.trc,12.837454478600213
C2_07668.trc,10.78276822350783
C2_07669.trc,1.8914302838359625
C2_07670.trc,2.894986047196122
C2_07671.trc,1.6499681521749254
C2_07672.trc,14.640047631518517
C2_07673.trc,2.3689389409168484
C2_07674.trc,2.7450191125654912
C2_07675.trc,0.8745187926770519
C2_07676.trc,1.0481071156254869
C2_07677.trc,2.694653690035004
C2_07678.trc,6.620438389631474
C2_07679.trc,2.2630252550428613
C2_07680.trc,1.2755824122740016
C2_07681.trc,2.6653514453475085
C2_07682.trc,1.0915288993974894
C2_07683.trc,1.3626588227632013
C2_07684.trc,1.2677418854797844
C2_07685.trc,1.407276814026571
C2_07686.trc,13.371740693463924
C2_07687.trc,2.8815641365571842
C2_07688.trc,10.411571851979696
C2_07689.trc,0.8938876386500266
C2_07690.trc,0.8213626223225055
C2_07691.trc,0.8385055568930013
C2_07692.trc,2.018872255047097
C2_07693.trc,1.6150844178021608
C2_07694.trc,0.7318941799635423
C2_07695.trc,1.1426919565733946
C2_07696.trc,0.9655156059449281
C2_07697.trc,4.777247153549105
C2_07698.trc,1.8360480634427259
C2_07699.trc,1.987443693720473
C2_07700.trc,0.9987382295597074
C2_07701.trc,7.079674402030904
C2_07702.trc,1.1703331188264314
C2_07703.trc,7.871602103917457
C2_07704.trc,7.76229988250466
C2_07705.trc,20.79686515290027
C2_07706.trc,11.338981266740403
C2_07707.trc,10.624030587343897
C2_07708.trc,1.876247374005437
C2_07709.trc,1.3015957609073943
C2_07710.trc,1.326977872635077
C2_07711.trc,6.7161193990752395
C2_07712.trc,1.1417617937600006
C2_07713.trc,8.037383019815296
C2_07714.trc,10.280740905469726
C2_07715.trc,13.571375426651604
C2_07716.trc,5.55316126575169
C2_07717.trc,1.914121324492092
C2_07718.trc,3.8240899742029897
C2_07719.trc,2.3971782948675733
C2_07720.trc,1.1488380724898586
C2_07721.trc,1.9401013476636169
C2_07722.trc,2.760932867481485
C2_07723.trc,2.2800019111306065
C2_07724.trc,1.1008314025793338
C2_07725.trc,1.5201673508268048
C2_07726.trc,4.476050759792219
C2_07727.trc,1.0014958308073316
C2_07728.trc,1.2062799213306885
C2_07729.trc,1.9693705873923117
C2_07730.trc,3.517312238341315
C2_07731.trc,13.937422159099507
C2_07732.trc,2.5782415469088367
C2_07733.trc,8.68163628529682
C2_07734.trc,1.636546214703174
C2_07735.trc,1.4038881964986056
C2_07736.trc,14.11004729191507
C2_07737.trc,12.768384709854423
C2_07738.trc,0.8084058460105392
C2_07739.trc,4.414057301081244
C2_07740.trc,7.463063595476904
C2_07741.trc,1.2619278122331985
C2_07742.trc,2.5670787926358014
C2_07743.trc,15.47473322115773
C2_07744.trc,0.8274091300592138
C2_07745.trc,0.8197678867065473
C2_07746.trc,9.673531368269984
C2_07747.trc,1.0177748077652993
C2_07748.trc,1.026180132222585
C2_07749.trc,0.8844191640720925
C2_07750.trc,1.0375755088154461
C2_07751.trc,0.9989043783505187
C2_07752.trc,0.8941866867960886
C2_07753.trc,1.0382067263419024
C2_07754.trc,1.0841536545107258
C2_07755.trc,5.829241267483664
C2_07756.trc,1.0257149889513424
C2_07757.trc,15.284500325040653
C2_07758.trc,14.876492987677482
C2_07759.trc,12.648152143316619
C2_07760.trc,1.0493031188893145
C2_07761.trc,10.263000190638039
C2_07762.trc,1.3140210158246657
C2_07763.trc,0.8128244193799355
C2_07764.trc,2.4076433774643906
C2_07765.trc,13.154929797140145
C2_07766.trc,1.3960808684557433
C2_07767.trc,1.1808979497299286
C2_07768.trc,1.6533568591456087
C2_07769.trc,4.884688968836672
C2_07770.trc,0.8748842949728751
C2_07771.trc,10.903864541939921
C2_07772.trc,1.761695911295499
C2_07773.trc,1.4083068339686151
C2_07774.trc,0.8667779888474131
C2_07775.trc,0.9441867337412692
C2_07776.trc,2.596347977208154
C2_07777.trc,0.8154158599110531
C2_07778.trc,3.6473456292136017
C2_07779.trc,1.57887177633818
C2_07780.trc,1.4067785361045884
C2_07781.trc,10.614129876066531
C2_07782.trc,1.0418612036995594
C2_07783.trc,8.780241125277465
C2_07784.trc,1.201927831925291
C2_07785.trc,12.416391036999167
C2_07786.trc,0.9212297154892028
C2_07787.trc,1.956280743274644
C2_07788.trc,4.162096946209802
C2_07789.trc,6.074025635567789
C2_07790.trc,10.883897709987506
C2_07791.trc,1.805018118192696
C2_07792.trc,13.82018022458422
C2_07793.trc,0.9315620999768822
C2_07794.trc,0.9243860148025792
C2_07795.trc,3.575252511193899
C2_07796.trc,1.446712131436667
C2_07797.trc,1.4257485155613607
C2_07798.trc,1.238040835395277
C2_07799.trc,0.7632895157059987
C2_07800.trc,2.275882387397984
C2_07801.trc,1.349569179891647
C2_07802.trc,5.950138652791512
C2_07803.trc,10.45486083180201
C2_07804.trc,1.0269110294829706
C2_07805.trc,0.7867114893996007
C2_07806.trc,1.57940332456569
C2_07807.trc,0.8556483960579324
C2_07808.trc,1.224951156746636
C2_07809.trc,0.8994690150411885
C2_07810.trc,2.0155167304299373
C2_07811.trc,3.204122765247399
C2_07812.trc,6.688378422924197
C2_07813.trc,0.8963128975946699
C2_07814.trc,1.0301004306514225
C2_07815.trc,11.029812005851026
C2_07816.trc,4.513692093921895
C2_07817.trc,6.095852982467408
C2_07818.trc,14.260811680814966
C2_07819.trc,0.7939539869837311
C2_07820.trc,2.1385733285137416
C2_07821.trc,0.8052164373885264
C2_07822.trc,2.264453923857165
C2_07823.trc,1.3546521427060392
C2_07824.trc,0.9572763974827905
C2_07825.trc,0.7839539537433038
C2_07826.trc,1.54777545445541
C2_07827.trc,1.3494695165555495
C2_07828.trc,1.417011176757724
C2_07829.trc,1.9422609286454255
C2_07830.trc,12.756358282694846
C2_07831.trc,3.85870786216247
C2_07832.trc,1.757277293204744
C2_07833.trc,1.480067678258088
C2_07834.trc,15.320712912839005
C2_07835.trc,0.8488709761537203
C2_07836.trc,2.802062431791019
C2_07837.trc,0.8306649928309874
C2_07838.trc,1.322858320578927
C2_07839.trc,2.458972391129266
C2_07840.trc,1.1331569965407475
C2_07841.trc,6.8105382716084835
C2_07842.trc,11.820975085504521
C2_07843.trc,0.9410969899460682
C2_07844.trc,2.4637232113960787
C2_07845.trc,2.5422615605603447
C2_07846.trc,0.7783061232023817
C2_07847.trc,0.8330570202286132
C2_07848.trc,3.413358726278496
C2_07849.trc,5.095885172251684
C2_07850.trc,0.9272431944157195
C2_07851.trc,1.6192372938294695
C2_07852.trc,2.2574771459758027
C2_07853.trc,5.237712476785694
C2_07854.trc,1.4414630973484859
C2_07855.trc,2.9360160778614968
C2_07856.trc,8.585356926139902
C2_07857.trc,1.666612716399299
C2_07858.trc,0.8333893267545063
C2_07859.trc,8.02409406368795
C2_07860.trc,9.411936050147476
C2_07861.trc,0.8961467726552501
C2_07862.trc,0.9601336620665122
C2_07863.trc,1.3966789394057637
C2_07864.trc,9.473397957649517
C2_07865.trc,2.4224936841173443
C2_07866.trc,18.58756046785494
C2_07867.trc,16.641611152030904
C2_07868.trc,1.505084274273541
C2_07869.trc,0.8583061953332468
C2_07870.trc,10.114195738526105
C2_07871.trc,11.533865213947644
C2_07872.trc,0.9545189572320589
C2_07873.trc,0.8480404170479479
C2_07874.trc,0.8608311250675474
C2_07875.trc,1.2966787933404833
C2_07876.trc,12.922869554724633
C2_07877.trc,1.0188046995061169
C2_07878.trc,1.4120941599973178
C2_07879.trc,7.866585605687811
C2_07880.trc,8.256652445389237
C2_07881.trc,1.1373429848581176
C2_07882.trc,2.514055384491008
C2_07883.trc,1.6011641234006946
C2_07884.trc,2.2779090809502365
C2_07885.trc,2.1019619308462416
C2_07886.trc,7.651170075077153
C2_07887.trc,0.9865455492594806
C2_07888.trc,11.925427046921197
C2_07889.trc,12.08592545419779
C2_07890.trc,1.8822605190124768
C2_07891.trc,0.853156712777768
C2_07892.trc,2.0825267350733423
C2_07893.trc,1.546512909089816
C2_07894.trc,12.102703150328484
C2_07895.trc,2.846181982644803
C2_07896.trc,5.566683020102873
C2_07897.trc,2.4268460254530604
C2_07898.trc,0.8011632768722358
C2_07899.trc,5.255320673884388
C2_07900.trc,1.5252837091665266
C2_07901.trc,0.99020002065429
C2_07902.trc,15.448354203268778
C2_07903.trc,16.164734192485724
C2_07904.trc,1.010698485804795
C2_07905.trc,1.6330910878691043
C2_07906.trc,0.9139541980391532
C2_07907.trc,6.126285013292171
C2_07908.trc,0.8158476881554095
C2_07909.trc,0.9109641309964572
C2_07910.trc,2.458042007690505
C2_07911.trc,9.047517186475556
C2_07912.trc,1.204220228782482
C2_07913.trc,2.2079422005619307
C2_07914.trc,2.30040072487071
C2_07915.trc,1.2106322283800293
C2_07916.trc,0.9496019881744344
C2_07917.trc,0.8316617096718414
C2_07918.trc,7.462631879035941
C2_07919.trc,4.168608588273482
C2_07920.trc,1.0062798080855617
C2_07921.trc,12.510577053170811
C2_07922.trc,0.8236217921048146
C2_07923.trc,5.38658317732914
C2_07924.trc,0.7981068361782232
C2_07925.trc,7.444625205987575
C2_07926.trc,3.268408318201039
C2_07927.trc,0.8003327177664634
C2_07928.trc,3.7444885882121812
C2_07929.trc,6.013327870289559
C2_07930.trc,1.9037558277143525
C2_07931.trc,9.066586981321048
C2_07932.trc,0.8426583375147445
C2_07933.trc,2.8645873150004117
C2_07934.trc,1.1508314510152267
C2_07935.trc,0.7972097811827554
C2_07936.trc,1.6760811492372987
C2_07937.trc,2.498241431547324
C2_07938.trc,1.1205988720824651
C2_07939.trc,0.7863127376682173
C2_07940.trc,1.6066458931028107
C2_07941.trc,0.8419274402543586
C2_07942.trc,1.4034562847743781
C2_07943.trc,2.189038569414371
C2_07944.trc,1.3554828031802242
C2_07945.trc,2.3379755005007867
C2_07946.trc,1.3428582842006573
C2_07947.trc,7.376950542080314
C2_07948.trc,1.708805484495112
C2_07949.trc,0.8473759649930509
C2_07950.trc,1.7695364425618512
C2_07951.trc,1.8410314508730226
C2_07952.trc,0.7989373624883336
C2_07953.trc,1.131396162818186
C2_07954.trc,2.4774108521727665
C2_07955.trc,4.099505514935794
C2_07956.trc,1.2221936359974575
C2_07957.trc,1.3411970884720905
C2_07958.trc,4.0320637774535975
C2_07959.trc,2.5841883987630063
C2_07960.trc,1.3160143630450833
C2_07961.trc,0.9925256893077206
C2_07962.trc,2.2300684152314654
C2_07963.trc,1.7941543718165007
C2_07964.trc,2.9175442555790387
C2_07965.trc,0.8911633911878001
C2_07966.trc,2.4950189464123387
C2_07967.trc,1.3551838265883362
C2_07968.trc,0.8187048290100399
C2_07969.trc,1.0338546056315532
C2_07970.trc,10.372336210068394
C2_07971.trc,4.688808461313326
C2_07972.trc,1.1596354362704666
C2_07973.trc,5.117114583856068
C2_07974.trc,2.0200349313583468
C2_07975.trc,2.6103015001752143
C2_07976.trc,1.2274426536878071
C2_07977.trc,1.351894778481616
C2_07978.trc,8.426087852061144
C2_07979.trc,0.8120271246168428
C2_07980.trc,0.9378743736284296
C2_07981.trc,0.9176750937694855
C2_07982.trc,8.84063962476569
C2_07983.trc,11.909513596110443
C2_07984.trc,1.0484393446343583
C2_07985.trc,0.9312298530794669
C2_07986.trc,1.8975099903240231
C2_07987.trc,1.1706321878424606
C2_07988.trc,1.4118616017781047
C2_07989.trc,2.210400640369383
C2_07990.trc,1.6529249548749423
C2_07991.trc,0.8197679195022103
C2_07992.trc,2.7171786743244635
C2_07993.trc,1.184552434541145
C2_07994.trc,1.4053167609630721
C2_07995.trc,0.9412963076739926
C2_07996.trc,0.9790372470020008
C2_07997.trc,1.0566452678838483
C2_07998.trc,1.5715294916888594
C2_07999.trc,1.6856824859026847
C2_08000.trc,0.8574756004503874
C2_08001.trc,10.157983510566025
C2_08002.trc,0.8650171670505462
C2_08003.trc,1.564419945634899
C2_08004.trc,9.832102535140038
C2_08005.trc,1.983224308387062
C2_08006.trc,2.211596682391724
C2_08007.trc,11.248981100249917
C2_08008.trc,0.8277745906151017
C2_08009.trc,2.9963814590968134
C2_08010.trc,2.0454835240686053
C2_08011.trc,1.751330386194232
C2_08012.trc,2.052260957389226
C2_08013.trc,0.955914315491612
C2_08014.trc,0.9577082436156903
C2_08015.trc,0.7829905370222152
C2_08016.trc,0.9273095650856122
C2_08017.trc,10.591837557327548
C2_08018.trc,0.7916283481445402
C2_08019.trc,1.2921273414858019
C2_08020.trc,11.960609839875007
C2_08021.trc,1.3687718904902177
C2_08022.trc,0.7267446437424334
C2_08023.trc,21.5746068794411
C2_08024.trc,1.0768446848882922
C2_08025.trc,1.3336556426195991
C2_08026.trc,1.058472548302613
C2_08027.trc,2.2854837464240507
C2_08028.trc,1.8869784073653748
C2_08029.trc,1.2845857450714044
C2_08030.trc,2.74601586220201
C2_08031.trc,2.283889042113043
C2_08032.trc,17.194503009792307
C2_08033.trc,0.8361134966997114
C2_08034.trc,14.191542697200383
C2_08035.trc,0.8699009403382401
C2_08036.trc,14.651875252264372
C2_08037.trc,4.688542641732856
C2_08038.trc,2.5315969545173544
C2_08039.trc,1.0050172537756947
C2_08040.trc,3.6892725419518584
C2_08041.trc,8.008147253128953
C2_08042.trc,2.303822809478179
C2_08043.trc,3.799173017672244
C2_08044.trc,0.9299341626281479
C2_08045.trc,0.7707645923793087
C2_08046.trc,0.9423926595274192
C2_08047.trc,1.6411641430682948
C2_08048.trc,1.015980778272808
C2_08049.trc,2.270035294285477
C2_08050.trc,3.8072461459163205
C2_08051.trc,0.9395355186727895
C2_08052.trc,2.3445536056584992
C2_08053.trc,9.245657227514927
C2_08054.trc,1.3741538552386021
C2_08055.trc,0.8136218363814094
C2_08056.trc,1.6403004239696795
C2_08057.trc,1.0199674995464583
C2_08058.trc,0.9826917243596585
C2_08059.trc,10.154694276120312
C2_08060.trc,0.997176794063517
C2_08061.trc,1.459469670519154
C2_08062.trc,2.667610391523027
C2_08063.trc,16.50290691228183
C2_08064.trc,16.80539872368975
C2_08065.trc,3.5993059528535642
C2_08066.trc,1.7217622473906697
C2_08067.trc,1.102957662571409
C2_08068.trc,0.8375420477477719
C2_08069.trc,1.3284063968503215
C2_08070.trc,1.4529912286975402
C2_08071.trc,13.417122943226635
C2_08072.trc,5.310137892387019
C2_08073.trc,8.283562816222435
C2_08074.trc,2.6659493627541986
C2_08075.trc,0.8252164949251095
C2_08076.trc,3.2529931632008107
C2_08077.trc,1.1004659614027017
C2_08078.trc,3.3370463645430144
C2_08079.trc,1.8096028731485672
C2_08080.trc,3.0046539140130877
C2_08081.trc,0.8096683108776898
C2_08082.trc,0.9292365505804087
C2_08083.trc,4.7779115429941
C2_08084.trc,0.82584770052587
C2_08085.trc,5.1879783015959
C2_08086.trc,12.26987907565928
C2_08087.trc,2.6240888713700397
C2_08088.trc,1.220765126689333
C2_08089.trc,1.1742202170132043
C2_08090.trc,3.8594055800507565
C2_08091.trc,1.0574425954426045
C2_08092.trc,2.8863483374422083
C2_08093.trc,5.624756199764266
C2_08094.trc,3.609870473688977
C2_08095.trc,0.8325919186973052
C2_08096.trc,1.530333480683125
C2_08097.trc,0.8601334533913316
C2_08098.trc,0.8736218509756918
C2_08099.trc,12.962969418104477
C2_08100.trc,0.8798344955775148
C2_08101.trc,0.9043195925589528
C2_08102.trc,3.033059391412519
C2_08103.trc,0.7586383841173869
C2_08104.trc,0.883389278294123
C2_08105.trc,8.467848715886289
C2_08106.trc,7.647316329185062
C2_08107.trc,2.5579757771230445
C2_08108.trc,6.955820434648412
C2_08109.trc,1.992393863020161
C2_08110.trc,9.655192048813397
C2_08111.trc,0.9004989604476356
C2_08112.trc,1.7248187029918016
C2_08113.trc,0.9022264910690078
C2_08114.trc,0.9864792203295228
C2_08115.trc,7.195189460347366
C2_08116.trc,0.8001666136970109
C2_08117.trc,2.3920619544163944
C2_08118.trc,8.9020351809771
C2_08119.trc,9.61785001774153
C2_08120.trc,2.2617961201097163
C2_08121.trc,0.7071100557060104
C2_08122.trc,10.423066340345237
C2_08123.trc,0.7675420058759095
C2_08124.trc,0.8096351389591517
C2_08125.trc,1.5720943996646128
C2_08126.trc,10.83981140856928
C2_08127.trc,0.9707979908370824
C2_08128.trc,21.153709170722237
C2_08129.trc,1.3192701482998355
C2_08130.trc,1.387177267567187
C2_08131.trc,2.6743213885824293
C2_08132.trc,1.8822276497084633
C2_08133.trc,2.3520287136367592
C2_08134.trc,3.0311655554755843
C2_08135.trc,1.8960150328289842
C2_08136.trc,1.121429405846134
C2_08137.trc,1.0431237028530853
C2_08138.trc,1.639536245968783
C2_08139.trc,9.319643673138795
C2_08140.trc,9.162899442333046
C2_08141.trc,0.8693028678975075
C2_08142.trc,0.8967779872002823
C2_08143.trc,15.624767312063451
C2_08144.trc,0.7949174096676669
C2_08145.trc,0.9109640534794363
C2_08146.trc,2.8633580623010237
C2_08147.trc,1.992692893277679
C2_08148.trc,1.415615802100339
C2_08149.trc,0.9485389871249801
C2_08150.trc,3.208939839908571
C2_08151.trc,0.8656485038339582
C2_08152.trc,1.0599675281583287
C2_08153.trc,6.417082598225857
C2_08154.trc,0.8131234019346727
C2_08155.trc,0.9401003237894184
C2_08156.trc,3.2379099092528243
C2_08157.trc,6.9714353247759115
C2_08158.trc,0.9132564935672733
C2_08159.trc,1.6929915404957019
C2_08160.trc,1.430067643238604
C2_08161.trc,5.251865429284075
C2_08162.trc,1.0011635213000125
C2_08163.trc,0.9109308666537778
C2_08164.trc,0.9006318866357013
C2_08165.trc,0.7847845605518577
C2_08166.trc,3.3501359671653472
C2_08167.trc,2.41744403782055
C2_08168.trc,14.504699135521259
C2_08169.trc,1.1895357832129327
C2_08170.trc,3.2484747774241196
C2_08171.trc,8.550240734916336
C2_08172.trc,1.1075091591474489
C2_08173.trc,1.558306921138528
C2_08174.trc,1.5994697169950784
C2_08175.trc,1.4219281100382601
C2_08176.trc,0.8896683889714033
C2_08177.trc,0.7980403343256803
C2_08178.trc,5.07691507651938
C2_08179.trc,0.7589705803305964
C2_08180.trc,2.21677944270629
C2_08181.trc,1.2403664727437556
C2_08182.trc,0.8882065676178166
C2_08183.trc,2.1383740599793106
C2_08184.trc,9.844826802426285
C2_08185.trc,8.31645309157139
C2_08186.trc,0.8922265025499387
C2_08187.trc,0.9005321085147834
C2_08188.trc,0.9381070153275134
C2_08189.trc,0.8383061437595107
C2_08190.trc,4.387811382302939
C2_08191.trc,0.8884723335326554
C2_08192.trc,5.962796239339779
C2_08193.trc,1.5823935034117822
C2_08194.trc,1.5187721416384456
C2_08195.trc,10.5729009599797
C2_08196.trc,0.9060803994486974
C2_08197.trc,1.856180969650353
C2_08198.trc,12.970378362621812
C2_08199.trc,2.4366798502741984
C2_08200.trc,1.0384061603453598
C2_08201.trc,1.925051535453032
C2_08202.trc,1.0022931166261515
C2_08203.trc,0.9933894501462702
C2_08204.trc,0.905449143163732
C2_08205.trc,10.57675437940587
C2_08206.trc,8.373562829169591
C2_08207.trc,2.7372118337161244
C2_08208.trc,0.7587712119184649
C2_08209.trc,2.443523818243027
C2_08210.trc,1.3411638211479864
C2_08211.trc,0.869170057984973
C2_08212.trc,1.9300681186532598
C2_08213.trc,0.883954032726546
C2_08214.trc,0.8947846817197995
C2_08215.trc,0.7808310588995302
C2_08216.trc,12.596856258339631
C2_08217.trc,3.2922954351658857
C2_08218.trc,1.9221278867830114
C2_08219.trc,0.8175752485910208
C2_08220.trc,5.904723201296022
C2_08221.trc,1.434087525995808
C2_08222.trc,4.708077794512108
C2_08223.trc,1.144884628975296
C2_08224.trc,0.9941535178344827
C2_08225.trc,0.8475420780067753
C2_08226.trc,1.263190397848017
C2_08227.trc,2.788706887349838
C2_08228.trc,0.9322265222175399
C2_08229.trc,0.8662463854635616
C2_08230.trc,1.0797683037440755
C2_08231.trc,0.9821269132801814
C2_08232.trc,2.873723600818698
C2_08233.trc,10.333398815790838
C2_08234.trc,0.8582729786933496
C2_08235.trc,14.04905023103259
C2_08236.trc,1.2299676728648266
C2_08237.trc,1.6859483338066816
C2_08238.trc,0.9843528425712035
C2_08239.trc,7.5862199746630505
C2_08240.trc,1.0096353341934343
C2_08241.trc,6.533063099446663
C2_08242.trc,2.554852858427879
C2_08243.trc,0.8140536527000695
C2_08244.trc,0.8233892219599059
C2_08245.trc,0.9992365686008797
C2_08246.trc,0.9502996747577708
C2_08247.trc,2.500965641741752
C2_08248.trc,3.7169137757590693
C2_08249.trc,4.332429179798248
C2_08250.trc,5.254921841654561
C2_08251.trc,14.40596096238819
C2_08252.trc,1.6671111642624452
C2_08253.trc,0.9357149879298852
C2_08254.trc,1.9749185473881752
C2_08255.trc,1.014319674968382
C2_08256.trc,5.677247904647509
C2_08257.trc,0.8556483811508138
C2_08258.trc,1.2407983829772689
C2_08259.trc,0.9296019872849055
C2_08260.trc,1.1398014783312
C2_08261.trc,8.787384119031676
C2_08262.trc,1.4112636888435508
C2_08263.trc,0.955316293735086
C2_08264.trc,1.8431909990591688
C2_08265.trc,10.468615124993152
C2_08266.trc,0.9597016355574663
C2_08267.trc,8.300606020374797
C2_08268.trc,0.9021268441307411
C2_08269.trc,5.540271229806182
C2_08270.trc,11.506157421640838
C2_08271.trc,0.9972432482132771
C2_08272.trc,2.253656524299471
C2_08273.trc,2.768573993067906
C2_08274.trc,1.4604332020250614
C2_08275.trc,0.7933559383943893
C2_08276.trc,5.799972233473216
C2_08277.trc,0.8259141427499352
C2_08278.trc,1.0447184518854495
C2_08279.trc,1.909403610552493
C2_08280.trc,0.9564459308011586
C2_08281.trc,0.8342198023804102
C2_08282.trc,0.9741867768154975
C2_08283.trc,13.429049771150728
C2_08284.trc,0.7809971629689823
C2_08285.trc,2.0066794763598828
C2_08286.trc,0.826412454958293
C2_08287.trc,1.3389713365757907
C2_08288.trc,1.3929580093890568
C2_08289.trc,1.204585659524132
C2_08290.trc,1.5186058959513584
C2_08291.trc,15.008088562383358
C2_08292.trc,0.8546517030684698
C2_08293.trc,5.791101731458318
C2_08294.trc,3.0870461313078232
C2_08295.trc,1.84684545554686
C2_08296.trc,12.491905993658866
C2_08297.trc,1.2726588768980873
C2_08298.trc,11.372336639148521
C2_08299.trc,1.029469177347881
C2_08300.trc,1.2785725419265974
C2_08301.trc,1.9526596301373667
C2_08302.trc,1.5186060077547539
C2_08303.trc,0.8869440431221881
C2_08304.trc,1.2599678038910584
C2_08305.trc,0.8003660178862289
C2_08306.trc,1.1182399077814038
C2_08307.trc,10.552801210783489
C2_08308.trc,0.8768776600818354
C2_08309.trc,1.1722600163692225
C2_08310.trc,1.6495362970977543
C2_08311.trc,1.0877417045514381
C2_08312.trc,1.4136223997235797
C2_08313.trc,0.9904325788735033
C2_08314.trc,10.596355729932426
C2_08315.trc,0.8292031983102152
C2_08316.trc,2.1918624608334416
C2_08317.trc,1.7619949549694245
C2_08318.trc,2.2955170857470906
C2_08319.trc,1.2734229132813486
C2_08320.trc,1.3388714913728346
C2_08321.trc,0.8167447282437585
C2_08322.trc,0.8681068363101518
C2_08323.trc,15.215131684052817
C2_08324.trc,0.9839209740776246
C2_08325.trc,0.8599008802649974
C2_08326.trc,3.334920189521522
C2_08327.trc,9.811969722847262
C2_08328.trc,1.8423936565932937
C2_08329.trc,0.9333229694765308
C2_08330.trc,3.3534915186153222
C2_08331.trc,1.744253976281723
C2_08332.trc,1.4012967529860643
C2_08333.trc,0.9270770754391483
C2_08334.trc,0.7290702885444721
C2_08335.trc,0.8609640095156789
C2_08336.trc,0.9022930137915176
C2_08337.trc,1.9274435673227939
C2_08338.trc,1.0513296752960701
C2_08339.trc,0.9105986227377871
C2_08340.trc,0.7193692110259651
C2_08341.trc,12.048351048264275
C2_08342.trc,0.8119274568086079
C2_08343.trc,1.722592833329258
C2_08344.trc,0.9545521679091072
C2_08345.trc,4.931167533185009
C2_08346.trc,6.824691028823599
C2_08347.trc,1.8593039986582016
C2_08348.trc,0.8310636551196531
C2_08349.trc,2.214586765832251
C2_08350.trc,1.594386788467062
C2_08351.trc,0.9925256356420902
C2_08352.trc,1.0554493257392086
C2_08353.trc,0.916744759524219
C2_08354.trc,9.247317949197097
C2_08355.trc,1.0593031476576082
C2_08356.trc,0.8838544066582454
C2_08357.trc,1.1157814798996457
C2_08358.trc,0.9564126276999696
C2_08359.trc,0.7656815162708093
C2_08360.trc,0.917841162061851
C2_08361.trc,0.7888709555965898
C2_08362.trc,1.6348850711495262
C2_08363.trc,12.059048425224292
C2_08364.trc,2.275350891345393
C2_08365.trc,1.0923929822298193
C2_08366.trc,1.6031574750932471
C2_08367.trc,0.9518278757255223
C2_08368.trc,1.1960807969505505
C2_08369.trc,9.634029529628087
C2_08370.trc,0.728571854097735
C2_08371.trc,7.532598613334478
C2_08372.trc,0.8777082460204224
C2_08373.trc,7.8327317332416255
C2_08374.trc,5.743826127258627
C2_08375.trc,0.9113959562593911
C2_08376.trc,1.4164463328825838
C2_08377.trc,0.7702662563195602
C2_08378.trc,1.0953495985908428
C2_08379.trc,2.4177099364087535
C2_08380.trc,8.244459975279396
C2_08381.trc,1.303256950673112
C2_08382.trc,17.400382720229523
C2_08383.trc,1.2463797519148707
C2_08384.trc,8.784393852233576
C2_08385.trc,7.328910721121216
C2_08386.trc,1.041130301967038
C2_08387.trc,1.700765563946661
C2_08388.trc,1.0080073864097163
C2_08389.trc,10.624495647135268
C2_08390.trc,1.9256163465325091
C2_08391.trc,6.874159408284317
C2_08392.trc,0.9572098986116712
C2_08393.trc,1.7701011045701336
C2_08394.trc,1.557675714047056
C2_08395.trc,1.065814688352873
C2_08396.trc,5.969474153923361
C2_08397.trc,0.9792699334224422
C2_08398.trc,1.043954245561027
C2_08399.trc,20.659921371214352
C2_08400.trc,1.9493372446430821
C2_08401.trc,1.0601669114775805
C2_08402.trc,1.1534892532719647
C2_08403.trc,1.5626259608637663
C2_08404.trc,3.2604349218658117
C2_08405.trc,0.8463793047992499
C2_08406.trc,1.0745523282803235
C2_08407.trc,1.738705856779682
C2_08408.trc,1.272525901516526
C2_08409.trc,0.9647847876922752
C2_08410.trc,0.9925921166246666
C2_08411.trc,0.855249790416321
C2_08412.trc,12.339945871314004
C2_08413.trc,1.068937747174962
C2_08414.trc,1.1454826358247039
C2_08415.trc,2.1721613709444743
C2_08416.trc,1.163555600535229
C2_08417.trc,0.9614624692800293
C2_08418.trc,0.8279406857402822
C2_08419.trc,1.0091369161445292
C2_08420.trc,0.8666782792992435
C2_08421.trc,0.9412631536439975
C2_08422.trc,2.338440695946947
C2_08423.trc,4.158043940727554
C2_08424.trc,1.1709643557321427
C2_08425.trc,2.0343207429627554
C2_08426.trc,0.8368111594316572
C2_08427.trc,0.9490040290278106
C2_08428.trc,0.98661200937209
C2_08429.trc,4.430236766755732
C2_08430.trc,2.2679089612485175
C2_08431.trc,1.0181071172726164
C2_08432.trc,0.8260138135395931
C2_08433.trc,2.540633483084688
C2_08434.trc,1.8554169243228205
C2_08435.trc,1.1794360970713909
C2_08436.trc,3.712661214034984
C2_08437.trc,0.8499008947273521
C2_08438.trc,0.7976416779998613
C2_08439.trc,0.9899342696465713
C2_08440.trc,0.8613958258343413
C2_08441.trc,3.8752861347246843
C2_08442.trc,0.8739208066976126
C2_08443.trc,0.8593693335282002
C2_08444.trc,1.597210657525452
C2_08445.trc,2.4647863272303523
C2_08446.trc,5.101599515080134
C2_08447.trc,2.560899336350348
C2_08448.trc,1.0138545048643242
C2_08449.trc,10.545658448089634
C2_08450.trc,0.827176661282716
C2_08451.trc,14.860811941542615
C2_08452.trc,0.8925254910675219
C2_08453.trc,2.1941546802959104
C2_08454.trc,1.4948516902674602
C2_08455.trc,9.976919897772474
C2_08456.trc,15.578554044055688
C2_08457.trc,1.559635966865955
C2_08458.trc,5.841567039440983
C2_08459.trc,0.9494027092050195
C2_08460.trc,3.006381610103486
C2_08461.trc,6.047414448535439
C2_08462.trc,11.465592708660003
C2_08463.trc,1.4877753653255317
C2_08464.trc,1.6550179863014254
C2_08465.trc,6.045121989068348
C2_08466.trc,2.106812463642647
C2_08467.trc,1.0815623406901258
C2_08468.trc,0.7318609275465575
C2_08469.trc,2.393623467429607
C2_08470.trc,0.7983394182488281
C2_08471.trc,1.1685723283345162
C2_08472.trc,0.7808974891979005
C2_08473.trc,9.31346410952208
C2_08474.trc,1.0916287103140712
C2_08475.trc,0.8196018631355408
C2_08476.trc,0.8646185226504238
C2_08477.trc,0.9093361250749734
C2_08478.trc,1.0358811858896997
C2_08479.trc,1.071296444638584
C2_08480.trc,1.8261146185161345
C2_08481.trc,0.9089041835365086
C2_08482.trc,0.8173759189373995
C2_08483.trc,2.699802996686472
C2_08484.trc,0.9968446664230568
C2_08485.trc,12.964630739052852
C2_08486.trc,0.9823926732321735
C2_08487.trc,0.9606983702868651
C2_08488.trc,1.138240115879894
C2_08489.trc,5.3364504546355
C2_08490.trc,3.2286742030844877
C2_08491.trc,11.593200716858549
C2_08492.trc,4.877180736642653
C2_08493.trc,9.302102627843052
C2_08494.trc,1.0203661916493618
C2_08495.trc,12.990610951544792
C2_08496.trc,7.012697603592416
C2_08497.trc,13.166823790046609
C2_08498.trc,2.977344964371091
C2_08499.trc,0.8891035778919263
C2_08500.trc,1.386246924377648
C2_08501.trc,8.519111138255903
C2_08502.trc,11.290542880388918
C2_08503.trc,2.8121952853789636
C2_08504.trc,1.59611425498782
C2_08505.trc,13.780379385499042
C2_08506.trc,1.101761550485608
C2_08507.trc,13.997721903095213
C2_08508.trc,9.764162640483526
C2_08509.trc,8.24166909030984
C2_08510.trc,2.5742881138292577
C2_08511.trc,1.252293297686426
C2_08512.trc,10.870243414051945
C2_08513.trc,1.8521609437848012
C2_08514.trc,1.8023604426464743
C2_08515.trc,0.8725254603637552
C2_08516.trc,1.629370123566023
C2_08517.trc,1.1506653245850944
C2_08518.trc,2.5388396235333572
C2_08519.trc,1.2691704067136054
C2_08520.trc,1.9074767577310594
C2_08521.trc,2.2330917823939265
C2_08522.trc,0.9682066665814967
C2_08523.trc,1.2377085989328442
C2_08524.trc,2.4048195248038327
C2_08525.trc,9.153131497737565
C2_08526.trc,1.1464128552851505
C2_08527.trc,2.8945541429254558
C2_08528.trc,2.7652516985070497
C2_08529.trc,2.5685073720073883
C2_08530.trc,16.218521590801707
C2_08531.trc,1.8616626961218228
C2_08532.trc,1.8393371354008363
C2_08533.trc,2.0892045482885115
C2_08534.trc,2.06375600775317
C2_08535.trc,1.4235228352192346
C2_08536.trc,1.0294027485402226
C2_08537.trc,0.8533228228100682
C2_08538.trc,0.76797385200881
C2_08539.trc,0.8694358417883558
C2_08540.trc,1.0613296727594101
C2_08541.trc,2.0056497456159557
C2_08542.trc,1.7956825996170669
C2_08543.trc,14.878719182315235
C2_08544.trc,5.291699414945685
C2_08545.trc,4.424289901485156
C2_08546.trc,1.544552750185769
C2_08547.trc,2.3615968366436735
C2_08548.trc,0.9805987510709424
C2_08549.trc,9.32482620686514
C2_08550.trc,11.365293679917688
C2_08551.trc,1.0938546127722772
C2_08552.trc,3.891565187708963
C2_08553.trc,0.9742532011510195
C2_08554.trc,0.8427248095530492
C2_08555.trc,1.064286578318552
C2_08556.trc,3.3138571488240274
C2_08557.trc,1.5016955762471293
C2_08558.trc,2.8345541939224996
C2_08559.trc,1.8899685027315967
C2_08560.trc,1.456712152751399
C2_08561.trc,1.555250562433673
C2_08562.trc,2.3359821607339297
C2_08563.trc,2.9841224036545597
C2_08564.trc,14.271608847821597
C2_08565.trc,1.526512751675532
C2_08566.trc,2.923557649534974
C2_08567.trc,1.5784066539369048
C2_08568.trc,0.7971766152270638
C2_08569.trc,10.417452114029315
C2_08570.trc,1.2887718183593533
C2_08571.trc,1.9090050332344073
C2_08572.trc,3.0732585827182755
C2_08573.trc,1.5737222326635125
C2_08574.trc,1.1368447233339656
C2_08575.trc,1.361961259908956
C2_08576.trc,3.3043553502749368
C2_08577.trc,3.9196049511314754
C2_08578.trc,1.0721603366597845
C2_08579.trc,3.5078105829005723
C2_08580.trc,0.8521600406582719
C2_08581.trc,7.360472225033741
C2_08582.trc,11.97429753729875
C2_08583.trc,0.8098676494755821
C2_08584.trc,9.93804967914926
C2_08585.trc,2.660301433826288
C2_08586.trc,4.440901362363739
C2_08587.trc,2.2193042308229556
C2_08588.trc,0.9422598048935269
C2_08589.trc,12.865394852977625
C2_08590.trc,0.9181733493307889
C2_08591.trc,1.3254827243289096
C2_08592.trc,6.903329062193933
C2_08593.trc,0.9933893666664013
C2_08594.trc,1.7076427560089453
C2_08595.trc,1.6076094097016007
C2_08596.trc,1.8368787611847088
C2_08597.trc,1.0003660744843017
C2_08598.trc,2.0087724720092797
C2_08599.trc,13.899980542208556
C2_08600.trc,1.933456770467601
C2_08601.trc,0.981263173311599
C2_08602.trc,2.195649955312594
C2_08603.trc,2.407410883345791
C2_08604.trc,1.1705989413883247
C2_08605.trc,10.242203127536483
C2_08606.trc,8.756752524511516
C2_08607.trc,14.370280226922588
C2_08608.trc,1.3181075152192339
C2_08609.trc,1.1455822484765954
C2_08610.trc,1.0212631795627929
C2_08611.trc,0.8345520462964016
C2_08612.trc,1.182625475879164
C2_08613.trc,1.0428910864961058
C2_08614.trc,7.402565183703682
C2_08615.trc,1.421994591020836
C2_08616.trc,10.810808373024742
C2_08617.trc,1.0842200788462497
C2_08618.trc,1.4828916442127555
C2_08619.trc,0.8132895835211466
C2_08620.trc,1.0359807821437608
C2_08621.trc,0.9503993902687876
C2_08622.trc,1.1305324332845872
C2_08623.trc,0.7847845844032505
C2_08624.trc,2.1256830138050975
C2_08625.trc,1.019369537418409
C2_08626.trc,0.7832231101485486
C2_08627.trc,1.4417619651184022
C2_08628.trc,0.9600338496592189
C2_08629.trc,1.3775758205891162
C2_08630.trc,15.789617289977683
C2_08631.trc,1.6593701383167248
C2_08632.trc,2.6031253136325
C2_08633.trc,11.707851808618216
C2_08634.trc,0.8497680102792206
C2_08635.trc,2.9573448978902372
C2_08636.trc,1.324751883715577
C2_08637.trc,12.858451381178877
C2_08638.trc,2.8800691567014667
C2_08639.trc,1.219967705215725
C2_08640.trc,1.0605988306553673
C2_08641.trc,10.257551724037112
C2_08642.trc,1.5022271483260305
C2_08643.trc,2.169370799024427
C2_08644.trc,10.335724268291033
C2_08645.trc,5.968743074796118
C2_08646.trc,10.051205715026889
C2_08647.trc,1.7500680838146836
C2_08648.trc,1.1798680714055183
C2_08649.trc,3.8812329150246803
C2_08650.trc,1.1500673192264
C2_08651.trc,0.8623926261550645
C2_08652.trc,0.9215953072277436
C2_08653.trc,2.3510983615029497
C2_08654.trc,4.094256428672696
C2_08655.trc,0.7509971169133305
C2_08656.trc,0.872625163949075
C2_08657.trc,2.073257719840968
C2_08658.trc,1.5674099798819323
C2_08659.trc,1.9276428626900406
C2_08660.trc,1.3664130618439456
C2_08661.trc,0.980465768235821
C2_08662.trc,6.688312037347185
C2_08663.trc,2.5956833641563684
C2_08664.trc,0.91116348450147
C2_08665.trc,1.770200879709627
C2_08666.trc,8.656254346491725
C2_08667.trc,2.522493992670227
C2_08668.trc,4.460768264142617
C2_08669.trc,11.344695417267005
C2_08670.trc,0.9977747949500749
C2_08671.trc,0.8714624235372135
C2_08672.trc,1.4275759525048788
C2_08673.trc,1.4271108554457057
C2_08674.trc,3.736182983738049
C2_08675.trc,5.968709905859003
C2_08676.trc,5.847214862528347
C2_08677.trc,20.250684813947466
C2_08678.trc,1.656645889363785
C2_08679.trc,1.8384402428929705
C2_08680.trc,1.686047915153623
C2_08681.trc,1.3684396614813474
C2_08682.trc,0.8928577618163286
C2_08683.trc,2.4598361221535767
C2_08684.trc,1.4039878315111765
C2_08685.trc,5.712862528827099
C2_08686.trc,1.147177006453232
C2_08687.trc,1.6909649065719259
C2_08688.trc,10.961306575629031
C2_08689.trc,0.9918942779887117
C2_08690.trc,0.9573097214539491
C2_08691.trc,2.1825933218719755
C2_08692.trc,12.534132142372895
C2_08693.trc,0.9183394981215998
C2_08694.trc,2.8549859783350255
C2_08695.trc,4.801167248639938
C2_08696.trc,1.8510979054675496
C2_08697.trc,1.0035554890691616
C2_08698.trc,4.042694862751453
C2_08699.trc,2.246646491019701
C2_08700.trc,1.37030008400441
C2_08701.trc,2.2461814163212073
C2_08702.trc,17.875964667597323
C2_08703.trc,1.1302002057664269
C2_08704.trc,2.1971116126878663
C2_08705.trc,1.6418285459296966
C2_08706.trc,0.8870105926775135
C2_08707.trc,2.3286067578317007
C2_08708.trc,0.8675421325619341
C2_08709.trc,0.8579740408599719
C2_08710.trc,7.541369308904934
C2_08711.trc,14.776592829923505
C2_08712.trc,20.765435968456057
C2_08713.trc,2.5275771015743898
C2_08714.trc,1.1946521072662803
C2_08715.trc,1.0221934765402616
C2_08716.trc,1.5949847014016152
C2_08717.trc,0.9627249550171462
C2_08718.trc,14.214798156878748
C2_08719.trc,0.8632564019007345
C2_08720.trc,1.029435953254424
C2_08721.trc,1.5703667348791677
C2_08722.trc,1.4267453456963228
C2_08723.trc,1.2631572140037828
C2_08724.trc,1.9529586007664075
C2_08725.trc,1.2921938239590909
C2_08726.trc,4.966051336130523
C2_08727.trc,0.8252829282049036
C2_08728.trc,2.2057494446801593
C2_08729.trc,1.4936889274949188
C2_08730.trc,7.280538273133159
C2_08731.trc,2.0667459704460294
C2_08732.trc,0.7642197366571567
C2_08733.trc,5.802563696365015
C2_08734.trc,1.115914531307515
C2_08735.trc,4.828011181721207
C2_08736.trc,0.8568443829239314
C2_08737.trc,4.390568934357069
C2_08738.trc,2.5957831497308455
C2_08739.trc,1.1662799329680373
C2_08740.trc,1.5118285908319646
C2_08741.trc,10.291039860145696
C2_08742.trc,2.849670427487182
C2_08743.trc,1.2594693500650664
C2_08744.trc,1.4488716304293183
C2_08745.trc,1.0004988724711403
C2_08746.trc,1.2149512651238432
C2_08747.trc,1.550067830442635
C2_08748.trc,1.2490707171458757
C2_08749.trc,0.8289041471827292
C2_08750.trc,12.909946354314144
C2_08751.trc,4.758144192747926
C2_08752.trc,1.2283398830965742
C2_08753.trc,0.9383727126696014
C2_08754.trc,4.0456848671842485
C2_08755.trc,0.8521931559297564
C2_08756.trc,1.6410311334003609
C2_08757.trc,1.8460147607862991
C2_08758.trc,1.0736553120433658
C2_08759.trc,3.7789071539716
C2_08760.trc,2.744587258979032
C2_08761.trc,9.63326504454053
C2_08762.trc,1.0421933462471384
C2_08763.trc,1.287608988504775
C2_08764.trc,1.710865382761567
C2_08765.trc,1.9305332842851815
C2_08766.trc,2.17641389391005
C2_08767.trc,0.9937548823786316
C2_08768.trc,0.8795686998484364
C2_08769.trc,5.275818943751627
C2_08770.trc,1.8257159949859796
C2_08771.trc,0.9006982811569848
C2_08772.trc,1.7920281446200885
C2_08773.trc,0.8878079500505087
C2_08774.trc,10.500342752354381
C2_08775.trc,0.755947284722308
C2_08776.trc,5.853859390530867
C2_08777.trc,0.9731236386205434
C2_08778.trc,4.497678747223977
C2_08779.trc,15.980282155956756
C2_08780.trc,10.65097383493467
C2_08781.trc,1.8410647137249911
C2_08782.trc,0.9147847124235675
C2_08783.trc,0.8145852113625646
C2_08784.trc,0.9139541562992184
C2_08785.trc,5.630835834698154
C2_08786.trc,1.4264131852602013
C2_08787.trc,8.608945181297681
C2_08788.trc,1.0935223151906557
C2_08789.trc,0.9908978056246159
C2_08790.trc,0.8443859367088656
C2_08791.trc,1.2486388143659208
C2_08792.trc,0.8327912632580465
C2_08793.trc,0.773555270139906
C2_08794.trc,1.7140546050445855
C2_08795.trc,0.7922928479022182
C2_08796.trc,1.0058479172313028
C2_08797.trc,2.0755831902297093
C2_08798.trc,0.8192696490337883
C2_08799.trc,10.13539197821195
C2_08800.trc,0.891163364354985
C2_08801.trc,0.8659806851400477
C2_08802.trc,3.432029869270303
C2_08803.trc,0.8591035586690886
C2_08804.trc,14.36848612140378
C2_08805.trc,12.349347879816483
C2_08806.trc,1.8351510457150555
C2_08807.trc,3.9908675979974104
C2_08808.trc,1.9014966832741451
C2_08809.trc,3.8981764364616858
C2_08810.trc,0.8348842723238497
C2_08811.trc,1.5701341542992737
C2_08812.trc,14.984267350986277
C2_08813.trc,0.917176757709737
C2_08814.trc,2.4473444235215283
C2_08815.trc,0.8536550428746685
C2_08816.trc,5.262961732388772
C2_08817.trc,0.907807825720234
C2_08818.trc,3.680236047670899
C2_08819.trc,1.7936229413552356
C2_08820.trc,0.8628245348978657
C2_08821.trc,0.7869772612772874
C2_08822.trc,0.8196683053596057
C2_08823.trc,1.3787718745371529
C2_08824.trc,1.31103093387485
C2_08825.trc,1.2217618599280184
C2_08826.trc,1.2234893189952172
C2_08827.trc,0.9658478319723764
C2_08828.trc,1.0761137816650583
C2_08829.trc,1.7539217298290717
C2_08830.trc,2.0946529806030627
C2_08831.trc,12.685660712255114
C2_08832.trc,15.12476578569687
C2_08833.trc,0.7771433708648231
C2_08834.trc,5.787846090802622
C2_08835.trc,0.8061466583396859
C2_08836.trc,0.8289042097926316
C2_08837.trc,0.9946519030877254
C2_08838.trc,0.9159475542038422
C2_08839.trc,3.0371789688107733
C2_08840.trc,0.8936883388106442
C2_08841.trc,1.8705996194908243
C2_08842.trc,20.99437355156028
C2_08843.trc,0.939701616779394
C2_08844.trc,5.120204132368005
C2_08845.trc,1.0839875146641884
C2_08846.trc,0.8002662159139188
C2_08847.trc,1.9642541694241111
C2_08848.trc,2.4425271118371543
C2_08849.trc,0.86481782547123
C2_08850.trc,1.000166864087636
C2_08851.trc,0.9137880104898323
C2_08852.trc,1.627410151000969
C2_08853.trc,0.8500005118513807
C2_08854.trc,2.093290971656769
C2_08855.trc,0.8637214795806516
C2_08856.trc,1.517908219803005
C2_08857.trc,1.1791371025909596
C2_08858.trc,1.4177752429552242
C2_08859.trc,1.1305988993600438
C2_08860.trc,1.3023266686027628
C2_08861.trc,0.7781732864570314
C2_08862.trc,18.542975471115387
C2_08863.trc,1.0933230883961587
C2_08864.trc,3.5493055645353477
C2_08865.trc,0.8018277796113376
C2_08866.trc,1.0265789018425107
C2_08867.trc,1.1877085549690873
C2_08868.trc,0.7719938107923233
C2_08869.trc,1.0174426115520903
C2_08870.trc,1.7303336848616793
C2_08871.trc,9.244593567570794
C2_08872.trc,1.3314960765449095
C2_08873.trc,0.8201001723624739
C2_08874.trc,13.822472174227826
C2_08875.trc,1.792493247642108
C2_08876.trc,7.608678363185114
C2_08877.trc,1.4797354447770816
C2_08878.trc,3.7448539444182334
C2_08879.trc,2.4021284716208227
C2_08880.trc,1.7692373407501596
C2_08881.trc,12.793002621220534
C2_08882.trc,3.493989872827469
C2_08883.trc,1.5071441069486702
C2_08884.trc,0.9056151637533152
C2_08885.trc,0.7943194922609779
C2_08886.trc,1.0243529099415876
C2_08887.trc,9.54608889916106
C2_08888.trc,1.0956819036260241
C2_08889.trc,0.7844190940331226
C2_08890.trc,2.5309989759914746
C2_08891.trc,10.134993186231345
C2_08892.trc,15.312905760700152
C2_08893.trc,2.3066800084705745
C2_08894.trc,16.331046386792206
C2_08895.trc,1.230898016054364
C2_08896.trc,0.8799341723300211
C2_08897.trc,0.9051833325275342
C2_08898.trc,6.478245675225783
C2_08899.trc,2.245815931913931
C2_08900.trc,3.0744547410161482
C2_08901.trc,5.370935249447175
C2_08902.trc,13.04389991541404
C2_08903.trc,3.0719297680512
C2_08904.trc,2.2470120112040677
C2_08905.trc,1.0006651196489393
C2_08906.trc,2.6182748443355246
C2_08907.trc,5.636616630185652
C2_08908.trc,0.9453495486887297
C2_08909.trc,0.7797348263030595
C2_08910.trc,11.359147614685432
C2_08911.trc,1.1820939902615555
C2_08912.trc,1.1898680256382126
C2_08913.trc,4.990004829728108
C2_08914.trc,1.3846190630552226
C2_08915.trc,0.8227579865449071
C2_08916.trc,1.1316620479899808
C2_08917.trc,0.8432896087068311
C2_08918.trc,2.5222613763132467
C2_08919.trc,1.9121611134131271
C2_08920.trc,0.9405654074321834
C2_08921.trc,1.2164793975188446
C2_08922.trc,1.8436893500260372
C2_08923.trc,1.6941875422688186
C2_08924.trc,0.825515459591302
C2_08925.trc,2.597577115122725
C2_08926.trc,1.1896022284184222
C2_08927.trc,0.8846850134668005
C2_08928.trc,0.8623260944882817
C2_08929.trc,14.020545622481224
C2_08930.trc,1.310964521465024
C2_08931.trc,10.767551901754139
C2_08932.trc,1.9132906118429887
C2_08933.trc,2.460733087706329
C2_08934.trc,0.785781265467018
C2_08935.trc,0.7848841896015817
C2_08936.trc,1.8249185168653164
C2_08937.trc,7.574658614748404
C2_08938.trc,3.5334916935808214
C2_08939.trc,0.790033740729809
C2_08940.trc,1.0156818389487194
C2_08941.trc,4.353293071218265
C2_08942.trc,12.395361203997297
C2_08943.trc,2.4266134940666615
C2_08944.trc,6.0345903300833905
C2_08945.trc,5.02831051603498
C2_08946.trc,12.833534309863312
C2_08947.trc,10.378614892911346
C2_08948.trc,12.733401415004689
C2_08949.trc,1.8169450862437146
C2_08950.trc,0.9373760644014961
C2_08951.trc,0.7689373909682795
C2_08952.trc,0.782791186498626
C2_08953.trc,0.8444523431558447
C2_08954.trc,2.2065135630525767
C2_08955.trc,2.392361002562456
C2_08956.trc,8.97127121627994
C2_08957.trc,2.402825907764553
C2_08958.trc,0.8795354653199967
C2_08959.trc,10.030242257167053
C2_08960.trc,1.498041092926624
C2_08961.trc,2.3258159772119797
C2_08962.trc,0.8923926245079346
C2_08963.trc,1.4175094546797058
C2_08964.trc,0.9797016245212999
C2_08965.trc,7.419043579757992
C2_08966.trc,2.153191361673464
C2_08967.trc,0.8260803094292887
C2_08968.trc,0.7367446322615022
C2_08969.trc,1.0234227456374825
C2_08970.trc,1.8111975372103502
C2_08971.trc,1.8323272497015501
C2_08972.trc,9.753664035650864
C2_08973.trc,1.6666126850943481
C2_08974.trc,0.9430903639992998
C2_08975.trc,1.0136883978134483
C2_08976.trc,1.331429604506605
C2_08977.trc,1.342393131985143
C2_08978.trc,6.603295466986673
C2_08979.trc,0.8691036694265383
C2_08980.trc,9.95771730941228
C2_08981.trc,1.5056822870857953
C2_08982.trc,1.7583071655663058
C2_08983.trc,11.728915532061784
C2_08984.trc,1.0113628424541272
C2_08985.trc,6.553826758078616
C2_08986.trc,0.8824922948528285
C2_08987.trc,0.8481068562905891
C2_08988.trc,8.650373673005605
C2_08989.trc,7.538512411036352
C2_08990.trc,0.8859142915082932
C2_08991.trc,0.7600668934255115
C2_08992.trc,13.227089504964399
C2_08993.trc,1.5632904039743905
C2_08994.trc,0.7686383666736083
C2_08995.trc,0.9174423805162293
C2_08996.trc,1.3274096651023473
C2_08997.trc,1.8350846318145169
C2_08998.trc,1.3960476547972696
C2_08999.trc,6.963926907733611
C2_09000.trc,3.5804352372220887
C2_09001.trc,1.6122936983016292
C2_09002.trc,0.8004988397244583
C2_09003.trc,7.534359333762932
C2_09004.trc,6.9303386893988685
C2_09005.trc,1.5918617901600114
C2_09006.trc,0.8405654089473871
C2_09007.trc,1.2263464613405588
C2_09008.trc,2.556015667412491
C2_09009.trc,1.158306563465624
C2_09010.trc,8.697250854921254
C2_09011.trc,0.8359474284073459
C2_09012.trc,12.45027857777097
C2_09013.trc,14.5894829777214
C2_09014.trc,0.859502235864875
C2_09015.trc,2.7904012624505032
C2_09016.trc,1.5604665125553208
C2_09017.trc,10.249212849257448
C2_09018.trc,0.9722930377748369
C2_09019.trc,2.0358157600862725
C2_09020.trc,1.5341541172665767
C2_09021.trc,1.4580078849426539
C2_09022.trc,10.23954459483089
C2_09023.trc,3.8607677589382123
C2_09024.trc,0.9529906578773181
C2_09025.trc,10.685226477000784
C2_09026.trc,0.7983393556389274
C2_09027.trc,11.0257249250788
C2_09028.trc,0.9938212873348993
C2_09029.trc,1.080632039240521
C2_09030.trc,1.165283269792813
C2_09031.trc,0.9056816298287722
C2_09032.trc,8.084791718653502
C2_09033.trc,2.122626467270536
C2_09034.trc,5.805321079968691
C2_09035.trc,10.057318843873098
C2_09036.trc,1.6368120059601163
C2_09037.trc,0.9754824225454586
C2_09038.trc,2.430400843946755
C2_09039.trc,3.4946211693616593
C2_09040.trc,2.342659896432077
C2_09041.trc,0.9433893763682745
C2_09042.trc,5.490802786244852
C2_09043.trc,9.108414029477093
C2_09044.trc,1.3284728137322839
C2_09045.trc,7.505488877070572
C2_09046.trc,1.7028254025846383
C2_09047.trc,1.3647851274766354
C2_09048.trc,1.855084738544594
C2_09049.trc,0.9185388575894597
C2_09050.trc,6.9854883426286225
C2_09051.trc,1.4563800072223967
C2_09052.trc,9.632567511500524
C2_09053.trc,1.3098017199339715
C2_09054.trc,1.4973103223767543
C2_09055.trc,13.587388977577056
C2_09056.trc,1.6951840489192889
C2_09057.trc,0.9860140353183449
C2_09058.trc,8.56014121662406
C2_09059.trc,0.712458888785077
C2_09060.trc,2.0432908621016863
C2_09061.trc,10.415558169270406
C2_09062.trc,1.309801742294651
C2_09063.trc,2.017211121928433
C2_09064.trc,0.8651168736172911
C2_09065.trc,0.8668111875987665
C2_09066.trc,6.923162948579026
C2_09067.trc,7.282764448391652
C2_09068.trc,0.8557149157990208
C2_09069.trc,1.9557823937984886
C2_09070.trc,1.6570113424661135
C2_09071.trc,0.9291368141994242
C2_09072.trc,0.9825256381787495
C2_09073.trc,0.920199940023918
C2_09074.trc,1.5460145879371872
C2_09075.trc,0.8322264342900256
C2_09076.trc,9.352068821614337
C2_09077.trc,1.8141212947023435
C2_09078.trc,0.7077745077609062
C2_09079.trc,1.292858205950525
C2_09080.trc,0.8939209477140655
C2_09081.trc,3.4856843741938848
C2_09082.trc,10.163830810887491
C2_09083.trc,0.9926917397115422
C2_09084.trc,4.206415887836397
C2_09085.trc,2.339204720404514
C2_09086.trc,0.7881067641792865
C2_09087.trc,6.177115336107854
C2_09088.trc,1.002658525007122
C2_09089.trc,1.8676096284744368
C2_09090.trc,9.718115582385765
C2_09091.trc,0.8590370001694918
C2_09092.trc,1.1969776462277706
C2_09093.trc,2.9169129381748817
C2_09094.trc,1.0122598765796287
C2_09095.trc,3.308773899792942
C2_09096.trc,1.5161473696826113
C2_09097.trc,6.6526307592624345
C2_09098.trc,1.6109981107094344
C2_09099.trc,1.2643197919280427
C2_09100.trc,1.1606321426763384
C2_09101.trc,10.995592179423298
C2_09102.trc,2.7258164347625837
C2_09103.trc,1.2825591677946826
C2_09104.trc,1.093223384810837
C2_09105.trc,2.971032583388285
C2_09106.trc,1.8089052193608923
C2_09107.trc,0.8506318098762816
C2_09108.trc,0.8823927433201256
C2_09109.trc,0.9713296493772738
C2_09110.trc,0.9798345447465188
C2_09111.trc,0.7361466224306716
C2_09112.trc,2.662195166904101
C2_09113.trc,7.919475823788524
C2_09114.trc,10.114096027487225
C2_09115.trc,1.3544861534214063
C2_09116.trc,1.9083737217930992
C2_09117.trc,1.3917952033858692
C2_09118.trc,0.8168775828776513
C2_09119.trc,1.4097685539537899
C2_09120.trc,16.828222762088117
C2_09121.trc,2.36794236718434
C2_09122.trc,2.698175147289743
C2_09123.trc,1.9142540568876054
C2_09124.trc,34.61724370985182
C2_09125.trc,1.3772768603950591
C2_09126.trc,0.6774754731876707
C2_09127.trc,2.238008636666729
C2_09128.trc,2.0902344966763824
C2_09129.trc,10.877518985167624
C2_09130.trc,1.1639543761180042
C2_09131.trc,2.509902670951302
C2_09132.trc,0.6466781383317737
C2_09133.trc,3.6333258250193654
C2_09134.trc,1.5985063569210431
C2_09135.trc,1.8800681209015737
C2_09136.trc,1.8016626382968945
C2_09137.trc,1.8525598401152432
C2_09138.trc,1.200067370643717
C2_09139.trc,1.0774094572092587
C2_09140.trc,5.3638587992854445
C2_09141.trc,0.8551500898124236
C2_09142.trc,0.673920729229573
C2_09143.trc,3.315783788473652
C2_09144.trc,4.357877753129252
C2_09145.trc,2.290367506295336
C2_09146.trc,1.92807480720993
C2_09147.trc,1.9742543249029185
C2_09148.trc,1.4261473120141013
C2_09149.trc,1.0708978136548677
C2_09150.trc,14.656260409238469
C2_09151.trc,2.5230919995196337
C2_09152.trc,1.0434226943520923
C2_09153.trc,1.162891302023664
C2_09154.trc,0.8770437730955597
C2_09155.trc,0.973057187452206
C2_09156.trc,1.5550511194859447
C2_09157.trc,8.814825717589315
C2_09158.trc,1.5339215053817323
C2_09159.trc,0.9130238637938861
C2_09160.trc,1.8222607474042407
C2_09161.trc,1.5220278195619381
C2_09162.trc,0.9064790557745168
C2_09163.trc,0.970366097001399
C2_09164.trc,0.9425921024751485
C2_09165.trc,0.803488909748579
C2_09166.trc,0.9624923997793573
C2_09167.trc,1.1853829817212223
C2_09168.trc,18.04370573345494
C2_09169.trc,1.8665132348810756
C2_09170.trc,4.84601782197391
C2_09171.trc,5.371267411374011
C2_09172.trc,0.7863791649851646
C2_09173.trc,1.2215624005824586
C2_09174.trc,9.451072517676197
C2_09175.trc,13.162637707814385
C2_09176.trc,1.6139216147803963
C2_09177.trc,1.1781736858698704
C2_09178.trc,14.87114439311233
C2_09179.trc,15.436859084332085
C2_09180.trc,1.276977769042842
C2_09181.trc,1.0141535708989293
C2_09182.trc,10.570741198621743
C2_09183.trc,1.241163767506848
C2_09184.trc,0.8148509653517066
C2_09185.trc,1.6745860143475375
C2_09186.trc,0.7961467383933666
C2_09187.trc,0.8078742456081116
C2_09188.trc,4.575652301706598
C2_09189.trc,1.8536561994222303
C2_09190.trc,1.2197019243937652
C2_09191.trc,10.350508475583666
C2_09192.trc,2.94531840364862
C2_09193.trc,2.0633573737880306
C2_09194.trc,2.3126598995699195
C2_09195.trc,1.3611639725994231
C2_09196.trc,2.0630251253999043
C2_09197.trc,1.0582067689713661
C2_09198.trc,1.435981269508604
C2_09199.trc,0.9894359425310946
C2_09200.trc,15.600580177989778
C2_09201.trc,1.753722461294641
C2_09202.trc,4.508642150973423
C2_09203.trc,5.888809564146273
C2_09204.trc,11.140110449188313
C2_09205.trc,2.3023276477556034
C2_09206.trc,2.979205267637198
C2_09207.trc,0.9771102823771716
C2_09208.trc,2.3015303977138695
C2_09209.trc,1.026246580409499
C2_09210.trc,1.394918148913848
C2_09211.trc,7.728778177948159
C2_09212.trc,2.3628926478426613
C2_09213.trc,1.3899016402492181
C2_09214.trc,2.4243211165887275
C2_09215.trc,0.9965123509528915
C2_09216.trc,3.5332591174730656
C2_09217.trc,0.8962132059350438
C2_09218.trc,3.490867125564179
C2_09219.trc,3.3116309810190936
C2_09220.trc,0.9711303033258223
C2_09221.trc,0.7888709108752308
C2_09222.trc,1.3240874808541752
C2_09223.trc,0.8081400681700048
C2_09224.trc,0.9885388934984736
C2_09225.trc,2.4782415588590236
C2_09226.trc,0.8885387847009929
C2_09227.trc,1.167143851822054
C2_09228.trc,0.8555154967026827
C2_09229.trc,11.366289804945897
C2_09230.trc,3.20638162347091
C2_09231.trc,5.936085356175669
C2_09232.trc,1.3031572545413521
C2_09233.trc,0.8599673850989643
C2_09234.trc,1.5322272733894151
C2_09235.trc,4.863492942322633
C2_09236.trc,2.64774326762807
C2_09237.trc,1.1112965030646946
C2_09238.trc,1.9926928008535398
C2_09239.trc,4.112229874646181
C2_09240.trc,1.0492699275915218
C2_09241.trc,2.8111654651923192
C2_09242.trc,0.9107647566214783
C2_09243.trc,7.531535270911988
C2_09244.trc,3.93445554847326
C2_09245.trc,2.956946357839951
C2_09246.trc,5.15389191714257
C2_09247.trc,2.76096597529941
C2_09248.trc,1.8078090270136453
C2_09249.trc,1.5823932634071585
C2_09250.trc,0.9240870560992346
C2_09251.trc,2.598606984502863
C2_09252.trc,0.873588634335795
C2_09253.trc,1.4910311356731643
C2_09254.trc,2.123589945110815
C2_09255.trc,0.8544191746634947
C2_09256.trc,0.8117945037877281
C2_09257.trc,0.9071102792638197
C2_09258.trc,6.665189216149481
C2_09259.trc,2.039968595864358
C2_09260.trc,1.3729911670016586
C2_09261.trc,6.805953510689764
C2_09262.trc,10.010208972555589
C2_09263.trc,0.8661135039968538
C2_09264.trc,3.735717988047289
C2_09265.trc,17.661246826551427
C2_09266.trc,0.7561134543830857
C2_09267.trc,1.7839549597289568
C2_09268.trc,14.576559386744375
C2_09269.trc,2.8497368622576884
C2_09270.trc,1.9592376249823942
C2_09271.trc,1.421629115557829
C2_09272.trc,0.9495355519132163
C2_09273.trc,1.995118103028828
C2_09274.trc,7.233528580938081
C2_09275.trc,6.142530688639664
C2_09276.trc,0.8167447342066061
C2_09277.trc,0.9389375446190458
C2_09278.trc,2.0574769179458574
C2_09279.trc,0.8900338137502051
C2_09280.trc,1.7094698858658015
C2_09281.trc,10.246887033023539
C2_09282.trc,0.8043526467357378
C2_09283.trc,2.6841221637234085
C2_09284.trc,0.7672097977370055
C2_09285.trc,8.610539906478651
C2_09286.trc,3.9481432116106268
C2_09287.trc,0.9508644888186718
C2_09288.trc,1.9493371209139907
C2_09289.trc,12.144597105810718
C2_09290.trc,6.022430924560827
C2_09291.trc,0.8470769406983802
C2_09292.trc,0.8812962722097433
C2_09293.trc,1.846280692170165
C2_09294.trc,2.8499693936440855
C2_09295.trc,0.8776749578263521
C2_09296.trc,1.053024054868871
C2_09297.trc,1.106146862493749
C2_09298.trc,1.0061469892287553
C2_09299.trc,1.6363468999566717
C2_09300.trc,3.046149008941972
C2_09301.trc,1.0597682402446436
C2_09302.trc,0.7898343782805262
C2_09303.trc,2.639902770648093
C2_09304.trc,0.9090040242673293
C2_09305.trc,2.110467054294413
C2_09306.trc,0.7844855273129161
C2_09307.trc,1.7718619681069332
C2_09308.trc,6.230072284140042
C2_09309.trc,1.3192037314178724
C2_09310.trc,1.3087054828653664
C2_09311.trc,5.818610313368458
C2_09312.trc,9.424594003410883
C2_09313.trc,0.8913294594801662
C2_09314.trc,7.102598279669383
C2_09315.trc,1.0052499044190486
C2_09316.trc,7.235056832590034
C2_09317.trc,0.8790371024274322
C2_09318.trc,1.7620613375650125
C2_09319.trc,0.8247513605981389
C2_09320.trc,1.907078129728768
C2_09321.trc,0.7212629232338105
C2_09322.trc,1.160897911572601
C2_09323.trc,0.8408310913823562
C2_09324.trc,0.7591366903628955
C2_09325.trc,0.9100670819638377
C2_09326.trc,11.74306819088991
C2_09327.trc,0.8865454344991521
C2_09328.trc,1.2503664448649927
C2_09329.trc,3.3991061730539167
C2_09330.trc,0.8692697496445992
C2_09331.trc,9.815291987593879
C2_09332.trc,2.072958670204195
C2_09333.trc,10.364295726030825
C2_09334.trc,9.244228206892608
C2_09335.trc,1.8580082947904746
C2_09336.trc,2.1594371245281954
C2_09337.trc,7.428578696315391
C2_09338.trc,1.0647848428241267
C2_09339.trc,7.969608974316493
C2_09340.trc,1.2033231961476922
C2_09341.trc,10.01446155514964
C2_09342.trc,1.1413962571778034
C2_09343.trc,3.4573121656092676
C2_09344.trc,3.655485162413945
C2_09345.trc,15.483337911045725
C2_09346.trc,0.9735887103376131
C2_09347.trc,0.9672764903516957
C2_09348.trc,2.1005666739551008
C2_09349.trc,13.918086805548139
C2_09350.trc,1.1513298124170785
C2_09351.trc,1.9450183644240222
C2_09352.trc,1.8490050022422932
C2_09353.trc,10.31967782122875
C2_09354.trc,1.5905328502731313
C2_09355.trc,0.8380404464174224
C2_09356.trc,1.2961139405210718
C2_09357.trc,5.105154278417485
C2_09358.trc,1.722891926196678
C2_09359.trc,2.0352177070247963
C2_09360.trc,1.2444860039299384
C2_09361.trc,3.958475521562709
C2_09362.trc,1.0211635132452703
C2_09363.trc,12.322038819861799
C2_09364.trc,2.189968745644171
C2_09365.trc,2.4137895783514356
C2_09366.trc,0.8742199085093041
C2_09367.trc,1.4632569160494102
C2_09368.trc,4.479638730825196
C2_09369.trc,0.995715029356983
C2_09370.trc,0.7407978106663371
C2_09371.trc,5.510005192738186
C2_09372.trc,7.093794108075153
C2_09373.trc,1.3358482911701104
C2_09374.trc,1.35033329379193
C2_09375.trc,0.8401334167247156
C2_09376.trc,15.939219002566336
C2_09377.trc,0.9809309443027274
C2_09378.trc,1.3744197493546686
C2_09379.trc,2.4609655818249285
C2_09380.trc,4.22292762127827
C2_09381.trc,10.38127270858449
C2_09382.trc,2.320267860691362
C2_09383.trc,2.009270912418864
C2_09384.trc,0.8845188169732078
C2_09385.trc,1.8099018780639826
C2_09386.trc,16.466129839869915
C2_09387.trc,0.8801999233377407
C2_09388.trc,0.9523262654509002
C2_09389.trc,1.98887227309206
C2_09390.trc,3.508342166905167
C2_09391.trc,13.614332460700318
C2_09392.trc,16.426162831123968
C2_09393.trc,2.5704342382452285
C2_09394.trc,0.887010565844699
C2_09395.trc,9.73143812634028
C2_09396.trc,1.2491704311661798
C2_09397.trc,0.9087714183453319
C2_09398.trc,1.2258814179470177
C2_09399.trc,1.8935232064404726
C2_09400.trc,1.5271440914403676
C2_09401.trc,8.166751876643529
C2_09402.trc,8.337084439679314
C2_09403.trc,2.907976132572126
C2_09404.trc,1.0051501874173205
C2_09405.trc,1.2150176000166488
C2_09406.trc,0.7915287101505448
C2_09407.trc,17.64938643190712
C2_09408.trc,3.152428198602494
C2_09409.trc,3.270966555508667
C2_09410.trc,0.8712630133851463
C2_09411.trc,12.333400911242018
C2_09412.trc,0.6715950963532296
C2_09413.trc,1.063721709101308
C2_09414.trc,1.8748521051885998
C2_09415.trc,0.9683727885394924
C2_09416.trc,2.1477427460013425
C2_09417.trc,7.7345920037365605
C2_09418.trc,3.1272787852209474
C2_09419.trc,13.207853601577323
C2_09420.trc,0.9607648333808984
C2_09421.trc,0.997176814933484
C2_09422.trc,3.8510335244082876
C2_09423.trc,0.8452829559272477
C2_09424.trc,9.132533266391839
C2_09425.trc,0.8620271417477852
C2_09426.trc,0.7893692737677948
C2_09427.trc,1.156180284094294
C2_09428.trc,0.8703992734165641
C2_09429.trc,2.2948525278516456
C2_09430.trc,0.8235553468993253
C2_09431.trc,1.832925135803289
C2_09432.trc,3.991698048281212
C2_09433.trc,2.3182412312397216
C2_09434.trc,1.2789379249654647
C2_09435.trc,2.4744208522121087
C2_09436.trc,4.265585471526135
C2_09437.trc,0.869834516002717
C2_09438.trc,1.30382163206065
C2_09439.trc,18.507161472560814
C2_09440.trc,1.8465465102599228
C2_09441.trc,1.420300157782406
C2_09442.trc,0.9649508977245771
C2_09443.trc,0.8671102774847623
C2_09444.trc,0.8596019126173797
C2_09445.trc,1.2919279894715021
C2_09446.trc,15.043868982055033
C2_09447.trc,3.299571213490527
C2_09448.trc,0.8520271651544113
C2_09449.trc,0.8988378809946003
C2_09450.trc,1.3261472404844195
C2_09451.trc,1.4460145015003854
C2_09452.trc,2.111397190274992
C2_09453.trc,1.4387719204363862
C2_09454.trc,8.38605467389141
C2_09455.trc,10.449777517179601
C2_09456.trc,17.20151233051176
C2_09457.trc,1.1298679648318597
C2_09458.trc,0.9340537444985365
C2_09459.trc,1.7770447507821783
C2_09460.trc,3.0161156776736724
C2_09461.trc,0.9130571013037501
C2_09462.trc,1.0894692262285377
C2_09463.trc,2.91844124349247
C2_09464.trc,1.0287382547453918
C2_09465.trc,7.7969839607578875
C2_09466.trc,5.851467239404149
C2_09467.trc,8.457649440944246
C2_09468.trc,2.190998533035153
C2_09469.trc,1.6175096320254454
C2_09470.trc,1.3573101536624494
C2_09471.trc,1.7993038558626915
C2_09472.trc,1.0227582041398695
C2_09473.trc,2.5911983888121277
C2_09474.trc,1.0945190782435807
C2_09475.trc,0.7576084178409721
C2_09476.trc,2.168207882708554
C2_09477.trc,1.733257376762348
C2_09478.trc,6.475853372046447
C2_09479.trc,1.4019612706322873
C2_09480.trc,1.6699681456108941
C2_09481.trc,1.5825594449936324
C2_09482.trc,0.9508643874502604
C2_09483.trc,3.6050531023761256
C2_09484.trc,0.9569774447422936
C2_09485.trc,11.316290464598183
C2_09486.trc,8.157117509677239
C2_09487.trc,1.3435559394790428
C2_09488.trc,3.5218305138053227
C2_09489.trc,6.436849921639217
C2_09490.trc,2.5623612039160064
C2_09491.trc,16.159186090872222
C2_09492.trc,0.9133892975169599
C2_09493.trc,0.8796351539981984
C2_09494.trc,1.1761803252330454
C2_09495.trc,1.134386259675121
C2_09496.trc,2.601995789860534
C2_09497.trc,1.5139215656113936
C2_09498.trc,8.971204617531116
C2_09499.trc,0.8699341897738002
C2_09500.trc,0.9733893955911116
C2_09501.trc,0.8449175460555656
C2_09502.trc,1.4436888730961777
C2_09503.trc,4.497047546095353
C2_09504.trc,15.112473856478466
C2_09505.trc,1.5386723778234632
C2_09506.trc,0.8938544667314887
C2_09507.trc,4.448143697460269
C2_09508.trc,1.3127917497088688
C2_09509.trc,0.95093085650714
C2_09510.trc,3.844156502287166
C2_09511.trc,0.9993362990190142
C2_09512.trc,4.324588872138687
C2_09513.trc,16.38021613103407
C2_09514.trc,1.5355494785075545
C2_09515.trc,19.35766054258803
C2_09516.trc,0.9296020051734492
C2_09517.trc,1.6125594880678606
C2_09518.trc,0.9495356980029872
C2_09519.trc,6.429507568417145
C2_09520.trc,4.753193966801183
C2_09521.trc,0.8521600615282392
C2_09522.trc,0.8242862799367978
C2_09523.trc,11.685626239189954
C2_09524.trc,1.0028910817356245
C2_09525.trc,1.3319943947161161
C2_09526.trc,1.0563795824674544
C2_09527.trc,8.259310201433905
C2_09528.trc,9.715126087776458
C2_09529.trc,1.0894693872254286
C2_09530.trc,14.247755411108065
C2_09531.trc,0.8041865784433716
C2_09532.trc,1.060133751484739
C2_09533.trc,0.9177082507809051
C2_09534.trc,0.7958477170801199
C2_09535.trc,1.9542874780433843
C2_09536.trc,0.8441866219623648
C2_09537.trc,0.9413627648051787
C2_09538.trc,7.908346590260626
C2_09539.trc,1.6291707954031136
C2_09540.trc,10.471538400985184
C2_09541.trc,1.4464131593169152
C2_09542.trc,6.331899719568356
C2_09543.trc,0.8221599796955001
C2_09544.trc,0.834751372968599
C2_09545.trc,4.6797387503924694
C2_09546.trc,0.8735553789373877
C2_09547.trc,1.004485829277276
C2_09548.trc,1.348672214338896
C2_09549.trc,1.031927669330252
C2_09550.trc,14.17669209538646
C2_09551.trc,1.8124600676688267
C2_09552.trc,1.1952168363566
C2_09553.trc,2.4363144806517396
C2_09554.trc,1.2787053235156056
C2_09555.trc,0.8848510936848621
C2_09556.trc,1.7033237550422178
C2_09557.trc,1.266778398695234
C2_09558.trc,0.8786716806300557
C2_09559.trc,2.891364957910235
C2_09560.trc,2.6038894692727172
C2_09561.trc,2.2651183356628386
C2_09562.trc,6.626916405109469
C2_09563.trc,1.186180261577196
C2_09564.trc,6.766351837279896
C2_09565.trc,3.079371580381832
C2_09566.trc,4.34169849317301
C2_09567.trc,1.0833895316661724
C2_09568.trc,10.563631592939302
C2_09569.trc,10.6105417738509
C2_09570.trc,1.6627258000793832
C2_09571.trc,1.8813969504757682
C2_09572.trc,1.4378417427158727
C2_09573.trc,11.915792220815629
C2_09574.trc,2.077809161260666
C2_09575.trc,1.9200017445571789
C2_09576.trc,3.5757176753351083
C2_09577.trc,1.3361472960855256
C2_09578.trc,2.026314100173393
C2_09579.trc,5.02847645761683
C2_09580.trc,0.9069441543244002
C2_09581.trc,0.8505321748637096
C2_09582.trc,2.4239557096984683
C2_09583.trc,3.5224285802832074
C2_09584.trc,1.1564792100019758
C2_09585.trc,1.9212309078138523
C2_09586.trc,1.1635558375584292
C2_09587.trc,1.2881072887874363
C2_09588.trc,0.9087049552512998
C2_09589.trc,1.1687716714045444
C2_09590.trc,0.8549838545603203
C2_09591.trc,2.7416968806145374
C2_09592.trc,0.9619608798753742
C2_09593.trc,1.6474100639384937
C2_09594.trc,1.0956154330784311
C2_09595.trc,1.2177419518287118
C2_09596.trc,1.1569112469460054
C2_09597.trc,0.8177081539091187
C2_09598.trc,0.8633892774045944
C2_09599.trc,1.9506662933519334
C2_09600.trc,2.7955175015332694
C2_09601.trc,1.192991005452567
C2_09602.trc,6.504225799765719
C2_09603.trc,0.9301999762457689
C2_09604.trc,1.6851176778046322
C2_09605.trc,1.518938092164567
C2_09606.trc,8.444161125349039
C2_09607.trc,1.8166129317704376
C2_09608.trc,11.74150663166463
C2_09609.trc,0.9338212518706492
C2_09610.trc,2.356513717304528
C2_09611.trc,12.471274864685602
C2_09612.trc,2.253789465394656
C2_09613.trc,0.9028245128255339
C2_09614.trc,1.2422932480481672
C2_09615.trc,4.006814366816475
C2_09616.trc,1.3307983616380465
C2_09617.trc,2.8470790585102383
C2_09618.trc,2.232394127115541
C2_09619.trc,1.583888364010544
C2_09620.trc,2.256314456248148
C2_09621.trc,1.2483398824953897
C2_09622.trc,1.4875427266078731
C2_09623.trc,0.9119940197558515
C2_09624.trc,2.14764301111107
C2_09625.trc,1.106612074337741
C2_09626.trc,1.1716620393340555
C2_09627.trc,1.2595025696863864
C2_09628.trc,1.2232900146836996
C2_09629.trc,1.5746524700125022
C2_09630.trc,1.0902001145446518
C2_09631.trc,7.505821289437013
C2_09632.trc,5.212895246200949
C2_09633.trc,1.6716624998415919
C2_09634.trc,1.2452502013100912
C2_09635.trc,5.178077919765876
C2_09636.trc,1.4287054434811806
C2_09637.trc,1.6928584726899998
C2_09638.trc,1.723921822409631
C2_09639.trc,0.9153162144390076
C2_09640.trc,1.1719278380445566
C2_09641.trc,6.248876223627972
C2_09642.trc,0.9818944057451741
C2_09643.trc,2.872494348119308
C2_09644.trc,0.9346186241507635
C2_09645.trc,1.459104056419933
C2_09646.trc,1.0826253954052105
C2_09647.trc,0.9802332457936949
C2_09648.trc,2.044553188332627
C2_09649.trc,1.0871768621670106
C2_09650.trc,11.04230310223545
C2_09651.trc,8.557151423872362
C2_09652.trc,1.5516624125152614
C2_09653.trc,2.093523438942554
C2_09654.trc,1.5116291210514208
C2_09655.trc,1.8873771218289601
C2_09656.trc,2.0529919262037857
C2_09657.trc,5.831567027070524
C2_09658.trc,2.259636621117064
C2_09659.trc,15.604367985518438
C2_09660.trc,1.5772106208588368
C2_09661.trc,9.870740384864455
C2_09662.trc,0.7580070890739095
C2_09663.trc,14.6797488579518
C2_09664.trc,15.77679371265407
C2_09665.trc,1.6454498945994627
C2_09666.trc,0.873389358347804
C2_09667.trc,4.48063552965521
C2_09668.trc,1.3460807857334751
C2_09669.trc,0.9104657323268075
C2_09670.trc,3.768441996839185
C2_09671.trc,8.633729134123337
C2_09672.trc,2.582693406981592
C2_09673.trc,1.6660810653126648
C2_09674.trc,2.4464142115146403
C2_09675.trc,1.3882736134577653
C2_09676.trc,2.2937562520245294
C2_09677.trc,1.4929580406695155
C2_09678.trc,1.0025256569568213
C2_09679.trc,17.696197031471787
C2_09680.trc,2.3516299842660566
C2_09681.trc,14.022605608699683
C2_09682.trc,2.5140886547965335
C2_09683.trc,3.122727215600023
C2_09684.trc,0.9990040551030248
C2_09685.trc,1.8130581088046078
C2_09686.trc,2.5725936895350983
C2_09687.trc,19.716664633326737
C2_09688.trc,2.3667795462740333
C2_09689.trc,7.0121993778453495
C2_09690.trc,1.5619614327825606
C2_09691.trc,0.9560804463938792
C2_09692.trc,0.9019607668941025
C2_09693.trc,1.7777423345063907
C2_09694.trc,1.3801672536666738
C2_09695.trc,1.277309810222009
C2_09696.trc,2.993391582865248
C2_09697.trc,5.475021681735214
C2_09698.trc,1.8036228135987722
C2_09699.trc,0.7991698968561552
C2_09700.trc,1.82076571835503
C2_09701.trc,1.0485389796469295
C2_09702.trc,2.0152841856271304
C2_09703.trc,2.5465139299825896
C2_09704.trc,2.732361318808263
C2_09705.trc,11.927918478271042
C2_09706.trc,0.8802331608476051
C2_09707.trc,2.536115346256893
C2_09708.trc,1.2374764700386716
C2_09709.trc,2.262094983407495
C2_09710.trc,0.876246403796868
C2_09711.trc,0.9508311171447322
C2_09712.trc,1.0128246250492032
C2_09713.trc,0.8314291037498461
C2_09714.trc,4.181997204755499
C2_09715.trc,1.8938555174385012
C2_09716.trc,1.6255495003989784
C2_09717.trc,1.8596361665478836
C2_09718.trc,1.6636227060036577
C2_09719.trc,16.77985099535542
C2_09720.trc,2.148407317313194
C2_09721.trc,2.396912521499175
C2_09722.trc,10.31665466276596
C2_09723.trc,1.016711696403161
C2_09724.trc,1.9670117960138374
C2_09725.trc,1.0311968794011266
C2_09726.trc,8.37090533847165
C2_09727.trc,1.7039881698293153
C2_09728.trc,1.1492035822392415
C2_09729.trc,1.5169780018332708
C2_09730.trc,12.923235226961621
C2_09731.trc,2.2305668094289786
C2_09732.trc,3.835186304140501
C2_09733.trc,0.9748843441418783
C2_09734.trc,1.570699038423636
C2_09735.trc,1.9935233092751057
C2_09736.trc,1.3703001346886172
C2_09737.trc,9.349809811338202
C2_09738.trc,0.8408974948479111
C2_09739.trc,5.213858706152685
C2_09740.trc,1.0133894152587128
C2_09741.trc,1.4835560992490764
C2_09742.trc,1.0878413067683474
C2_09743.trc,0.9184059015871545
C2_09744.trc,0.9809641519983521
C2_09745.trc,3.6335913881973796
C2_09746.trc,3.7353523500966785
C2_09747.trc,13.159846708060009
C2_09748.trc,3.9450203540346536
C2_09749.trc,1.2769113402351842
C2_09750.trc,8.57352985844818
C2_09751.trc,6.24233145734854
C2_09752.trc,2.5865472259185665
C2_09753.trc,1.9589718024205003
C2_09754.trc,2.145616477064996
C2_09755.trc,1.2977749782341712
C2_09756.trc,2.52206206454817
C2_09757.trc,1.6547522069701797
C2_09758.trc,1.3090044102637592
C2_09759.trc,1.4159480311092105
C2_09760.trc,1.7457490843386683
C2_09761.trc,10.938084536818101
C2_09762.trc,2.671364465134744
C2_09763.trc,0.8168111466164328
C2_09764.trc,1.3725592657124153
C2_09765.trc,2.799770037915253
C2_09766.trc,2.673756564086546
C2_09767.trc,0.8638875150773532
C2_09768.trc,1.3948517678089722
C2_09769.trc,12.396789571687783
C2_09770.trc,1.4232570737765304
C2_09771.trc,4.104489041002304
C2_09772.trc,0.7913293745340757
C2_09773.trc,0.8523260821178223
C2_09774.trc,1.8008320970796645
C2_09775.trc,6.516019455534277
C2_09776.trc,0.7652828837963814
C2_09777.trc,14.033901318975023
C2_09778.trc,1.387210321719481
C2_09779.trc,1.3272436296056447
C2_09780.trc,0.9686053318515874
C2_09781.trc,0.8910970115736363
C2_09782.trc,9.93615605191199
C2_09783.trc,1.4862802706849936
C2_09784.trc,2.2603673171313354
C2_09785.trc,6.892465098173793
C2_09786.trc,1.8332575600954264
C2_09787.trc,9.425224955590613
C2_09788.trc,2.276214698396013
C2_09789.trc,0.787475651002666
C2_09790.trc,0.9736551913201894
C2_09791.trc,1.5237222975217275
C2_09792.trc,2.666580489347226
C2_09793.trc,0.9209641254783747
C2_09794.trc,0.9330571290260947
C2_09795.trc,1.1593032653993602
C2_09796.trc,1.9549852391623184
C2_09797.trc,4.141930751808104
C2_09798.trc,11.734828931743563
C2_09799.trc,10.12210294754901
C2_09800.trc,2.14000190192248
C2_09801.trc,16.351578186348853
C2_09802.trc,1.7630248347845465
C2_09803.trc,7.763761547333493
C2_09804.trc,2.1641547594600614
C2_09805.trc,0.9725921902707351
C2_09806.trc,1.3096023515218407
C2_09807.trc,4.540635472695318
C2_09808.trc,17.750183583537382
C2_09809.trc,1.465449697273284
C2_09810.trc,0.7942529755013141
C2_09811.trc,4.608974384429939
C2_09812.trc,1.4565460307934033
C2_09813.trc,1.807277310335685
C2_09814.trc,10.229976661144395
C2_09815.trc,14.00214037211477
C2_09816.trc,1.3678416635762127
C2_09817.trc,1.3137220541398977
C2_09818.trc,2.270533429099113
C2_09819.trc,3.072859938318154
C2_09820.trc,0.8876418161668177
C2_09821.trc,3.1934249306388143
C2_09822.trc,2.41143082424076
C2_09823.trc,0.7582728728772934
C2_09824.trc,0.9730904011106792
C2_09825.trc,3.111531132883696
C2_09826.trc,8.429908464793206
C2_09827.trc,2.098839180601527
C2_09828.trc,1.4317287778479795
C2_09829.trc,6.765056134902881
C2_09830.trc,1.0250506144134668
C2_09831.trc,2.0971780310850314
C2_09832.trc,0.7425585728347247
C2_09833.trc,4.198741460639498
C2_09834.trc,1.6172106867385088
C2_09835.trc,1.033090335206518
C2_09836.trc,3.0149862090580504
C2_09837.trc,0.8493360627779084
C2_09838.trc,1.0447183579705974
C2_09839.trc,1.0450173628860127
C2_09840.trc,7.137714760091069
C2_09841.trc,2.9749197277871273
C2_09842.trc,0.9485721232664317
C2_09843.trc,2.2360485224840403
C2_09844.trc,1.7278752838127367
C2_09845.trc,14.506227302202635
C2_09846.trc,1.9081079469339879
C2_09847.trc,0.9088710831721429
C2_09848.trc,1.4098018063707736
C2_09849.trc,0.9285388490899522
C2_09850.trc,1.027376163809942
C2_09851.trc,0.8971767120988493
C2_09852.trc,2.4887065296524438
C2_09853.trc,2.2961814498499824
C2_09854.trc,1.5659149672305515
C2_09855.trc,2.018905391188549
C2_09856.trc,3.0450527271520067
C2_09857.trc,1.7471443203598418
C2_09858.trc,12.357653600566143
C2_09859.trc,1.750998222776686
C2_09860.trc,1.5782405155810781
C2_09861.trc,0.9192697250356067
C2_09862.trc,2.622161887365956
C2_09863.trc,2.1568457958004745
C2_09864.trc,1.2564461677508851
C2_09865.trc,1.801496646030838
C2_09866.trc,1.2345524501813758
C2_09867.trc,15.618155332861875
C2_09868.trc,2.8466471602024206
C2_09869.trc,1.993855511451163
C2_09870.trc,3.4011992283317913
C2_09871.trc,1.7075429972672824
C2_09872.trc,1.5907322544623497
C2_09873.trc,1.621762181823836
C2_09874.trc,4.453658658460179
C2_09875.trc,3.4279434175785166
C2_09876.trc,2.18555009177633
C2_09877.trc,11.88695519095355
C2_09878.trc,0.8345520403335533
C2_09879.trc,4.766482769385195
C2_09880.trc,2.8626603980783654
C2_09881.trc,0.7889373799321127
C2_09882.trc,1.0539542668757584
C2_09883.trc,1.940566420871397
C2_09884.trc,0.9061467671371666
C2_09885.trc,6.6862188821916115
C2_09886.trc,0.9431568151676368
C2_09887.trc,2.7181420478149065
C2_09888.trc,1.1499344854624756
C2_09889.trc,3.528043098778667
C2_09890.trc,7.266319207858051
C2_09891.trc,0.7992031433102917
C2_09892.trc,0.9125255456226813
C2_09893.trc,2.8035905999631074
C2_09894.trc,3.9035584310243077
C2_09895.trc,1.189535769796525
C2_09896.trc,11.039113802435411
C2_09897.trc,1.0548180903242104
C2_09898.trc,1.4688384564188859
C2_09899.trc,1.060532398866285
C2_09900.trc,0.9882730619923101
C2_09901.trc,7.186817440481985
C2_09902.trc,5.643626691788949
C2_09903.trc,1.4617952064992195
C2_09904.trc,2.3185071208836523
C2_09905.trc,0.9040869806741071
C2_09906.trc,10.221272547924924
C2_09907.trc,2.342460633860493
C2_09908.trc,6.341932869570981
C2_09909.trc,4.848675645100615
C2_09910.trc,9.332068767059177
C2_09911.trc,0.7043193958339571
C2_09912.trc,0.8593693782495588
C2_09913.trc,2.687045561953824
C2_09914.trc,0.9292697731831532
C2_09915.trc,2.4460486794045786
C2_09916.trc,1.3149179828681292
C2_09917.trc,0.867110238726252
C2_09918.trc,0.8406317766358544
C2_09919.trc,0.7453493430194618
C2_09920.trc,1.0416618472131236
C2_09921.trc,10.818117184631706
C2_09922.trc,1.0475422896388902
C2_09923.trc,1.7982407892219119
C2_09924.trc,0.7739871997526753
C2_09925.trc,1.7169782507331834
C2_09926.trc,4.004654943850134
C2_09927.trc,0.9923263447469797
C2_09928.trc,1.0698014990692393
C2_09929.trc,1.6400677912148685
C2_09930.trc,1.7514965305129073
C2_09931.trc,0.8310637266738256
C2_09932.trc,1.0826253954052103
C2_09933.trc,4.687878250797151
C2_09934.trc,0.7406981398766768
C2_09935.trc,2.095649725767445
C2_09936.trc,1.7652839986040092
C2_09937.trc,1.540665804051614
C2_09938.trc,2.0402011108529248
C2_09939.trc,11.910809402837295
C2_09940.trc,0.8148177755446245
C2_09941.trc,3.060301851127669
C2_09942.trc,1.9330581350117484
C2_09943.trc,1.8728255830682197
C2_09944.trc,0.9461137043289465
C2_09945.trc,0.870698252989877
C2_09946.trc,2.3586397611433703
C2_09947.trc,1.0238545440675995
C2_09948.trc,2.16053354346366
C2_09949.trc,1.8498355121545713
C2_09950.trc,11.267785100857042
C2_09951.trc,1.2102336167755694
C2_09952.trc,1.323423033271415
C2_09953.trc,1.0153495249692654
C2_09954.trc,1.1443862571384615
C2_09955.trc,1.185017533091029
C2_09956.trc,2.0745865911550974
C2_09957.trc,0.8672762861486494
C2_09958.trc,4.00203030158624
C2_09959.trc,10.382834558498601
C2_09960.trc,2.682560544869648
C2_09961.trc,0.846180025829836
C2_09962.trc,1.672891833039427
C2_09963.trc,8.081337009218778
C2_09964.trc,0.9253162745122487
C2_09965.trc,0.83860521277554
C2_09966.trc,2.1284735469666343
C2_09967.trc,6.519773490387484
C2_09968.trc,0.8315952376335375
C2_09969.trc,1.2547517896687976
C2_09970.trc,1.833323859211145
C2_09971.trc,1.4543865452171596
C2_09972.trc,7.424924150384982
C2_09973.trc,7.311634870797637
C2_09974.trc,1.0408314043828832
C2_09975.trc,2.0404668767677636
C2_09976.trc,14.818785781376892
C2_09977.trc,0.8372099350144317
C2_09978.trc,0.9895356103393288
C2_09979.trc,1.2462800990137557
C2_09980.trc,0.895715048760729
C2_09981.trc,1.1835557132281547
C2_09982.trc,1.0876752414574047
C2_09983.trc,1.716479847591398
C2_09984.trc,9.928813600302934
C2_09985.trc,10.122700656256026
C2_09986.trc,0.8175087914598346
C2_09987.trc,2.1132244900730095
C2_09988.trc,2.11129762532588
C2_09989.trc,2.0064136701958213
C2_09990.trc,0.8447514240975699
C2_09991.trc,2.140500314008538
C2_09992.trc,0.843023812977753
C2_09993.trc,8.401835361001703
C2_09994.trc,0.8901002201971839
C2_09995.trc,12.851574114580993
C2_09996.trc,1.519835123308645
C2_09997.trc,4.699506154304272
C2_09998.trc,2.2147860969765847
C2_09999.trc,2.1420284076450287
C2_10000.trc,2.4870455172814463
C2_10001.trc,1.30232665816778
C2_10002.trc,1.4532902992042809
C2_10003.trc,0.8090370575741475
C2_10004.trc,5.261799097817456
C2_10005.trc,0.8474424400127798
C2_10006.trc,8.909676275258569
C2_10007.trc,1.5705331385817205
C2_10008.trc,4.031665021250078
C2_10009.trc,0.9327913154084726
C2_10010.trc,1.7209649064155075
C2_10011.trc,9.227384323449593
C2_10012.trc,1.0233894425362922
C2_10013.trc,0.8091699241337353
C2_10014.trc,0.8551832199910279
C2_10015.trc,8.404559609954642
C2_10016.trc,1.5538883313713
C2_10017.trc,5.828012178762589
C2_10018.trc,2.410965686932366
C2_10019.trc,3.657312530784713
C2_10020.trc,3.518906960540866
C2_10021.trc,1.8507989422920677
C2_10022.trc,1.024784779925879
C2_10023.trc,5.882530566763103
C2_10024.trc,0.995881193054913
C2_10025.trc,3.7652860120660305
C2_10026.trc,1.6585396179694611
C2_10027.trc,2.4402015997084794
C2_10028.trc,1.8750846112328958
C2_10029.trc,1.4559813270451873
C2_10030.trc,10.02173741397273
C2_10031.trc,1.0236885950321906
C2_10032.trc,10.314395528760736
C2_10033.trc,8.395157552258667
C2_10034.trc,2.34757688785038
C2_10035.trc,14.171110423834335
C2_10036.trc,0.7830237476992636
C2_10037.trc,1.9081080304138573
C2_10038.trc,2.251995358385143
C2_10039.trc,0.7817613186091998
C2_10040.trc,7.003993292108259
C2_10041.trc,0.7978078059207049
C2_10042.trc,0.7848841776758861
C2_10043.trc,8.734394063181567
C2_10044.trc,1.9521279611621902
C2_10045.trc,0.7574423674371504
C2_10046.trc,0.9091368431241343
C2_10047.trc,1.8063138488932384
C2_10048.trc,4.090269716343317
C2_10049.trc,1.5313966427294696
C2_10050.trc,4.597844982451591
C2_10051.trc,0.9868777931754722
C2_10052.trc,1.2019610783794275
C2_10053.trc,1.313821557969817
C2_10054.trc,3.379338718457907
C2_10055.trc,0.8051499921830371
C2_10056.trc,2.0890715922862055
C2_10057.trc,1.1043862121287575
C2_10058.trc,0.7501665607889823
C2_10059.trc,2.1529920007148924
C2_10060.trc,0.9549508361606209
C2_10061.trc,2.60046752628288
C2_10062.trc,0.8430570713575843
C2_10063.trc,0.8564458070965586
C2_10064.trc,2.3935569148928577
C2_10065.trc,12.342802556010776
C2_10066.trc,0.8662796080663058
C2_10067.trc,0.8417280986750423
C2_10068.trc,1.0371768346010848
C2_10069.trc,1.9336229565262104
C2_10070.trc,2.2017295350901396
C2_10071.trc,2.1797361288424284
C2_10072.trc,11.877387151426507
C2_10073.trc,1.0957815103150685
C2_10074.trc,0.763688180976087
C2_10075.trc,1.153887917051343
C2_10076.trc,10.64124000885982
C2_10077.trc,0.9079408085553538
C2_10078.trc,2.0384403352681284
C2_10079.trc,0.7920271028573475
C2_10080.trc,1.0195356325435891
C2_10081.trc,4.083890718723146
C2_10082.trc,1.105316456931308
C2_10083.trc,0.831063670026772
C2_10084.trc,13.412804094312524
C2_10085.trc,1.6791375660799206
C2_10086.trc,2.123490205748407
C2_10087.trc,0.8423593639042799
C2_10088.trc,10.179810726282993
C2_10089.trc,2.0603007706064163
C2_10090.trc,1.2673431784697602
C2_10091.trc,1.4966789930469022
C2_10092.trc,0.728472233992283
C2_10093.trc,9.631305100299004
C2_10094.trc,10.922170315309272
C2_10095.trc,2.3676100382977676
C2_10096.trc,1.0305654531749986
C2_10097.trc,3.015982842419035
C2_10098.trc,11.723666110388494
C2_10099.trc,9.475258657445004
C2_10100.trc,0.9827581129180942
C2_10101.trc,9.019111650938362
C2_10102.trc,0.9296019693963619
C2_10103.trc,2.0056495920726247
C2_10104.trc,15.501510522694517
C2_10105.trc,1.6400345805378191
C2_10106.trc,1.8683738631223878
C2_10107.trc,1.0108644974501066
C2_10108.trc,1.4469779405821526
C2_10109.trc,1.3846190421852551
C2_10110.trc,0.7973094758238042
C2_10111.trc,6.6906043596687805
C2_10112.trc,10.424860788727786
C2_10113.trc,0.9902332283499171
C2_10114.trc,2.225251316718901
C2_10115.trc,2.1823939728391006
C2_10116.trc,1.3259478959236788
C2_10117.trc,0.7981732187738116
C2_10118.trc,1.2049179213286654
C2_10119.trc,0.8430238219220243
C2_10120.trc,0.9811302411606847
C2_10121.trc,0.8028243831580852
C2_10122.trc,1.4412968501706866
C2_10123.trc,0.9994691983742672
C2_10124.trc,0.889435833733613
C2_10125.trc,1.4964464184298572
C2_10126.trc,1.8394367733948314
C2_10127.trc,1.1289044959358532
C2_10128.trc,14.005694928243164
C2_10129.trc,1.0416618323060034
C2_10130.trc,6.783694331073655
C2_10131.trc,0.9330571677846056
C2_10132.trc,0.7471100783550355
C2_10133.trc,3.29933863887348
C2_10134.trc,0.8147181673648684
C2_10135.trc,0.8292363881172968
C2_10136.trc,0.7745852304534728
C2_10137.trc,1.8624269039369579
C2_10138.trc,1.113389598591791
C2_10139.trc,3.714422089497479
C2_10140.trc,1.986912070957366
C2_10141.trc,0.9681070554203166
C2_10142.trc,1.5171109295120488
C2_10143.trc,0.9937216851179902
C2_10144.trc,1.0305987562761887
C2_10145.trc,1.3482734655889366
C2_10146.trc,1.9832243516177088
C2_10147.trc,2.3411983091202653
C2_10148.trc,2.773590531546775
C2_10149.trc,1.633556165549022
C2_10150.trc,1.227575751307747
C2_10151.trc,11.820244115199245
C2_10152.trc,1.500931608436618
C2_10153.trc,0.7151167059489345
C2_10154.trc,0.8265786425076137
C2_10155.trc,2.185217858295321
C2_10156.trc,1.0873097838829406
C2_10157.trc,6.40405939012481
C2_10158.trc,1.0115621929777154
C2_10159.trc,2.735318175173909
C2_10160.trc,1.460665599247385
C2_10161.trc,1.378904684449686
C2_10162.trc,5.791799441893042
C2_10163.trc,2.6926934431789524
C2_10164.trc,1.7540546217307642
C2_10165.trc,1.3257817665121236
C2_10166.trc,12.946823613302048
C2_10167.trc,0.8426915660803376
C2_10168.trc,0.9200671032785688
C2_10169.trc,1.0855157305390577
C2_10170.trc,6.26950751210742
C2_10171.trc,8.223629313915684
C2_10172.trc,2.9204013651287184
C2_10173.trc,0.8594357936408086
C2_10174.trc,3.3298703539043104
C2_10175.trc,2.324520510367452
C2_10176.trc,2.339802770484567
C2_10177.trc,1.613124246972419
C2_10178.trc,1.8431577466421842
C2_10179.trc,0.8027246795727636
C2_10180.trc,1.163622164997676
C2_10181.trc,0.9293361885744038
C2_10182.trc,3.231697343658735
C2_10183.trc,0.9199674116189437
C2_10184.trc,1.2543533152098363
C2_10185.trc,1.4714629078716501
C2_10186.trc,0.8121599732878878
C2_10187.trc,1.04704382239649
C2_10188.trc,4.426250027593541
C2_10189.trc,4.164522290125026
C2_10190.trc,0.9016949413507863
C2_10191.trc,1.1226586749433543
C2_10192.trc,2.3751849631554594
C2_10193.trc,0.8191035926671174
C2_10194.trc,1.4498350739832242
C2_10195.trc,7.068179496266022
C2_10196.trc,1.304486130327617
C2_10197.trc,0.8225919182525411
C2_10198.trc,0.8931235515825583
C2_10199.trc,1.5510311353603277
C2_10200.trc,1.169569073498899
C2_10201.trc,0.8006981216752979
C2_10202.trc,1.8050513422861536
C2_10203.trc,1.4817287293875954
C2_10204.trc,9.763929612690047
C2_10205.trc,7.366851094452681
C2_10206.trc,0.8354822761918332
C2_10207.trc,1.1978414830926298
C2_10208.trc,0.9506983489721335
C2_10209.trc,0.916279747435628
C2_10210.trc,13.684631285371514
C2_10211.trc,1.0344858037787548
C2_10212.trc,1.5083400818889725
C2_10213.trc,0.6720934473200981
C2_10214.trc,1.7717291119823297
C2_10215.trc,1.0132232813750217
C2_10216.trc,0.802824442786563
C2_10217.trc,1.3995028352969694
C2_10218.trc,1.9857493290547918
C2_10219.trc,0.9152498079920279
C2_10220.trc,4.009140054849162
C2_10221.trc,1.4186057782096055
C2_10222.trc,1.1228247581428406
C2_10223.trc,0.7770104446767567
C2_10224.trc,1.0967118236903686
C2_10225.trc,6.978976681185685
C2_10226.trc,1.038306388187288
C2_10227.trc,3.5953524571640836
C2_10228.trc,3.7217975222139486
C2_10229.trc,0.8050171196606009
C2_10230.trc,10.433465223704035
C2_10231.trc,0.9313960525544837
C2_10232.trc,0.858405889974296
C2_10233.trc,3.0907337984725634
C2_10234.trc,3.253358570091069
C2_10235.trc,2.176879004385629
C2_10236.trc,0.8215287293733816
C2_10237.trc,1.5629581317348724
C2_10238.trc,1.3630908671607918
C2_10239.trc,10.032734006038545
C2_10240.trc,0.897508964959113
C2_10241.trc,3.2921293251335846
C2_10242.trc,0.9825588339486794
C2_10243.trc,2.2926599657624283
C2_10244.trc,6.273394671413382
C2_10245.trc,0.9475089791086309
C2_10246.trc,2.3101349892148737
C2_10247.trc,0.8395022111239548
C2_10248.trc,3.2850861929801627
C2_10249.trc,1.3805659576952738
C2_10250.trc,0.8289373459340832
C2_10251.trc,1.7270778310341768
C2_10252.trc,1.6536891313851274
C2_10253.trc,1.8563139196898104
C2_10254.trc,14.383901139258514
C2_10255.trc,11.5799115729015
C2_10256.trc,0.8714623817972784
C2_10257.trc,1.4156822219637248
C2_10258.trc,1.6332240021314752
C2_10259.trc,1.0069441945491329
C2_10260.trc,0.8197015011295357
C2_10261.trc,1.2986055850427267
C2_10262.trc,1.6475428693788916
C2_10263.trc,1.6926260933562194
C2_10264.trc,0.8187712354570174
C2_10265.trc,14.642772309796495
C2_10266.trc,0.8801667066978436
C2_10267.trc,1.9278090099901393
C2_10268.trc,1.3116953799668984
C2_10269.trc,0.8147845589047282
C2_10270.trc,0.9358811009436095
C2_10271.trc,0.8250503431528751
C2_10272.trc,1.1808979050085702
C2_10273.trc,0.8180404455278929
C2_10274.trc,0.8774424681798882
C2_10275.trc,8.063230355312665
C2_10276.trc,0.7870437094642015
C2_10277.trc,3.2965478791237266
C2_10278.trc,1.5882405637286252
C2_10279.trc,6.66190008307218
C2_10280.trc,1.1961138928427804
C2_10281.trc,2.1933242359749583
C2_10282.trc,0.8102995075341776
C2_10283.trc,16.38533204365092
C2_10284.trc,1.1172765849751682
C2_10285.trc,1.2536555317302227
C2_10286.trc,0.7898676098275437
C2_10287.trc,1.9940881054474628
C2_10288.trc,2.07943701363882
C2_10289.trc,0.8627912645923396
C2_10290.trc,1.0921270881137537
C2_10291.trc,0.9709309229879945
C2_10292.trc,17.50898788264871
C2_10293.trc,1.8204666821346647
C2_10294.trc,1.9586395853373246
C2_10295.trc,1.4357154886866454
C2_10296.trc,0.8667115436419239
C2_10297.trc,0.775914065990516
C2_10298.trc,2.4034905565934253
C2_10299.trc,17.061478706643648
C2_10300.trc,2.2405336394459168
C2_10301.trc,3.3375447080563236
C2_10302.trc,1.7572440691112863
C2_10303.trc,0.7101332946672451
C2_10304.trc,0.7789373317845656
C2_10305.trc,0.759967285245755
C2_10306.trc,0.8454490987552105
C2_10307.trc,1.0038213086496302
C2_10308.trc,2.8176105949684715
C2_10309.trc,10.128415028898718
C2_10310.trc,0.9569773702066958
C2_10311.trc,1.9692707839292907
C2_10312.trc,0.8001666375484019
C2_10313.trc,0.9694691284672237
C2_10314.trc,3.4730264581982753
C2_10315.trc,0.7963460054370852
C2_10316.trc,1.8509982540571461
C2_10317.trc,1.313721993020708
C2_10318.trc,0.834718126514463
C2_10319.trc,1.1137881833634364
C2_10320.trc,9.744959557206968
C2_10321.trc,0.8007646414163843
C2_10322.trc,1.476579307951307
C2_10323.trc,0.9083063048883292
C2_10324.trc,2.1702013745280304
C2_10325.trc,5.582231001413469
C2_10326.trc,1.1471770303046234
C2_10327.trc,6.957149742741141
C2_10328.trc,1.5464796715799514
C2_10329.trc,12.448251356506686
C2_10330.trc,1.7397024096422227
C2_10331.trc,8.822832446839973
C2_10332.trc,1.4116623138644173
C2_10333.trc,0.8288377317914787
C2_10334.trc,0.9166119347045645
C2_10335.trc,9.977252047773614
C2_10336.trc,2.6646203975252156
C2_10337.trc,0.8619607263565343
C2_10338.trc,1.4111308222839618
C2_10339.trc,1.1214625986346403
C2_10340.trc,1.3488050764263486
C2_10341.trc,11.016987826279788
C2_10342.trc,1.7817292063419463
C2_10343.trc,0.8940205350238541
C2_10344.trc,0.8575753308685232
C2_10345.trc,1.6604997455685586
C2_10346.trc,2.449935804424167
C2_10347.trc,5.3617657917103525
C2_10348.trc,0.9187715350656295
C2_10349.trc,1.3665791912555019
C2_10350.trc,2.056845657188756
C2_10351.trc,1.3313299426612186
C2_10352.trc,0.9393029992120858
C2_10353.trc,1.6876759002051398
C2_10354.trc,1.8539883926540162
C2_10355.trc,0.9438876945394794
C2_10356.trc,0.7587712536583981
C2_10357.trc,2.039370627773462
C2_10358.trc,6.043161770535822
C2_10359.trc,5.939374425152357
C2_10360.trc,0.6911964588054849
C2_10361.trc,1.1974096056547783
C2_10362.trc,0.8225587016126438
C2_10363.trc,0.784551972518406
C2_10364.trc,0.9034890006575164
C2_10365.trc,1.0652831773931621
C2_10366.trc,0.8755487738605863
C2_10367.trc,10.471837407391314
C2_10368.trc,8.685257453590438
C2_10369.trc,1.167642038810608
C2_10370.trc,10.036122711518512
C2_10371.trc,0.8348178479883267
C2_10372.trc,3.7501696547722556
C2_10373.trc,1.8155497563076863
C2_10374.trc,1.8701013147360261
C2_10375.trc,11.31884874811788
C2_10376.trc,1.3120941108283157
C2_10377.trc,1.021960861673993
C2_10378.trc,1.0580738666346914
C2_10379.trc,3.0827271273596715
C2_10380.trc,9.568780015843497
C2_10381.trc,0.7808975369006825
C2_10382.trc,3.376348815393525
C2_10383.trc,0.8784391760764716
C2_10384.trc,12.475327826937203
C2_10385.trc,4.182827981505216
C2_10386.trc,13.779913935141142
C2_10387.trc,0.746578537581086
C2_10388.trc,1.5183401240736711
C2_10389.trc,0.8641534479519318
C2_10390.trc,1.1216287668047056
C2_10391.trc,1.5653169022433793
C2_10392.trc,1.4133898325600942
C2_10393.trc,0.9460140156507453
C2_10394.trc,2.0048854751909175
C2_10395.trc,0.8377082084642781
C2_10396.trc,2.1438558043393243
C2_10397.trc,1.0039873262577905
C2_10398.trc,2.3664472770159377
C2_10399.trc,1.3069778464034456
C2_10400.trc,0.7292363061526314
C2_10401.trc,1.5863801009563394
C2_10402.trc,1.0716950711501623
C2_10403.trc,1.85611454531483
C2_10404.trc,7.273096648632234
C2_10405.trc,8.31323087923669
C2_10406.trc,1.7473436649205836
C2_10407.trc,0.9335554203644845
C2_10408.trc,6.794591170360654
C2_10409.trc,0.9327249864785154
C2_10410.trc,5.594590115230487
C2_10411.trc,5.08209788602744
C2_10412.trc,1.242226877378275
C2_10413.trc,11.406822216583972
C2_10414.trc,1.2190707307187008
C2_10415.trc,1.0676752047907903
C2_10416.trc,0.9286718170179524
C2_10417.trc,1.4731905443335707
C2_10418.trc,10.918050720022471
C2_10419.trc,1.8422274213411898
C2_10420.trc,1.2232567488503074
C2_10421.trc,5.246350496607691
C2_10422.trc,0.9780073284283683
C2_10423.trc,3.6872127241838486
C2_10424.trc,0.9982732920067131
C2_10425.trc,0.9574093415594005
C2_10426.trc,1.910799019496252
C2_10427.trc,1.2475425087245642
C2_10428.trc,1.47598128470407
C2_10429.trc,12.526955863406036
C2_10430.trc,4.7925959483144265
C2_10431.trc,0.8165453359802359
C2_10432.trc,1.6788386670050528
C2_10433.trc,0.8974757006164341
C2_10434.trc,4.7473798831196135
C2_10435.trc,1.4971109748345894
C2_10436.trc,1.5778086590131943
C2_10437.trc,12.110942196303014
C2_10438.trc,0.9206318755995346
C2_10439.trc,0.8363792924287894
C2_10440.trc,0.7235885143702192
C2_10441.trc,3.5690399933025914
C2_10442.trc,1.428306916847302
C2_10443.trc,0.9485056571909758
C2_10444.trc,4.776516153429597
C2_10445.trc,2.60628138784837
C2_10446.trc,4.188542123087553
C2_10447.trc,3.74860813132406
C2_10448.trc,1.4822603610949745
C2_10449.trc,8.279277166059682
C2_10450.trc,2.824089018901541
C2_10451.trc,1.1322600026644691
C2_10452.trc,1.3120276700949611
C2_10453.trc,2.0198025147567678
C2_10454.trc,9.42794930143983
C2_10455.trc,1.5853501779105712
C2_10456.trc,11.952436921584317
C2_10457.trc,0.9533228928490385
C2_10458.trc,1.6337555518496965
C2_10459.trc,1.6250844301726208
C2_10460.trc,8.591204280126998
C2_10461.trc,13.588252701147809
C2_10462.trc,3.7933257531278657
C2_10463.trc,1.1776089090767676
C2_10464.trc,2.0568124852702163
C2_10465.trc,0.8781069202347851
C2_10466.trc,1.3513964498754274
C2_10467.trc,18.16849004849911
C2_10468.trc,1.4603002504948932
C2_10469.trc,1.528971355461299
C2_10470.trc,0.8131898799358253
C2_10471.trc,2.7882749800977487
C2_10472.trc,0.9750505287097758
C2_10473.trc,16.983439093049935
C2_10474.trc,0.8620935780090023
C2_10475.trc,2.735617136858678
C2_10476.trc,1.4610644046443984
C2_10477.trc,1.0038545819365816
C2_10478.trc,5.681300986156066
C2_10479.trc,3.533624509456204
C2_10480.trc,1.0520938041034724
C2_10481.trc,2.3586399430102296
C2_10482.trc,2.070068248609054
C2_10483.trc,2.8774777102075033
C2_10484.trc,1.0625256954024969
C2_10485.trc,1.000698452564368
C2_10486.trc,5.764424012759182
C2_10487.trc,4.545685473781557
C2_10488.trc,0.8177746020960325
C2_10489.trc,1.962659550083686
C2_10490.trc,4.262296399568024
C2_10491.trc,0.8104655937150876
C2_10492.trc,1.238638934668823
C2_10493.trc,7.404458828829489
C2_10494.trc,1.2827252331056251
C2_10495.trc,1.6663469549565955
C2_10496.trc,0.8998677041626698
C2_10497.trc,9.498680271877026
C2_10498.trc,1.4260809890469917
C2_10499.trc,5.969972481038839
C2_10500.trc,1.5375759663415591
C2_10501.trc,2.421364290037319
C2_10502.trc,1.9675432846128693
C2_10503.trc,0.9635888052984132
C2_10504.trc,16.927558481440606
C2_10505.trc,1.1934560145597342
C2_10506.trc,12.375759254204535
C2_10507.trc,1.4635892374824233
C2_10508.trc,2.1919621137345553
C2_10509.trc,1.236479404371221
C2_10510.trc,3.982063573983663
C2_10511.trc,2.082128162227394
C2_10512.trc,0.8548178786920956
C2_10513.trc,0.9581401821727316
C2_10514.trc,3.102793530224045
C2_10515.trc,2.974753623717675
C2_10516.trc,1.2186388488087134
C2_10517.trc,0.8589706801838053
C2_10518.trc,0.929236517784745
C2_10519.trc,1.818739190271803
C2_10520.trc,1.1227582562902958
C2_10521.trc,1.3645525722388459
C2_10522.trc,0.6827578759683678
C2_10523.trc,0.8721933416675665
C2_10524.trc,1.1957152052120115
C2_10525.trc,0.8434557336462503
C2_10526.trc,1.4588383754756769
C2_10527.trc,1.1818279664535505
C2_10528.trc,1.8201011947459598
C2_10529.trc,0.9480073300754989
C2_10530.trc,10.286189409338453
C2_10531.trc,1.012990684397297
C2_10532.trc,6.136318094722046
C2_10533.trc,0.9501999801167218
C2_10534.trc,0.9310638265270361
C2_10535.trc,0.9629575042920873
C2_10536.trc,1.1027583448434843
C2_10537.trc,0.8313958871099485
C2_10538.trc,1.9085399436287953
C2_10539.trc,0.8831235183421318
C2_10540.trc,3.483159352035444
C2_10541.trc,2.0107990805909512
C2_10542.trc,10.00675380100016
C2_10543.trc,0.9189375377666689
C2_10544.trc,8.6201412386719
C2_10545.trc,1.7557822343412925
C2_10546.trc,3.606514966960358
C2_10547.trc,1.2353830182314198
C2_10548.trc,0.950997310656902
C2_10549.trc,1.294187209938018
C2_10550.trc,3.7179104627856865
C2_10551.trc,2.2321282896465284
C2_10552.trc,1.4536224581496913
C2_10553.trc,5.703360894256321
C2_10554.trc,1.0184725718656575
C2_10555.trc,0.873954079984564
C2_10556.trc,1.2598681256478406
C2_10557.trc,1.746479910044881
C2_10558.trc,3.5641230704570375
C2_10559.trc,1.9450514990747618
C2_10560.trc,1.7296361071003155
C2_10561.trc,0.9321933562618492
C2_10562.trc,0.8117612841664064
C2_10563.trc,0.753953940483315
C2_10564.trc,1.975516773372238
C2_10565.trc,1.2353165998587445
C2_10566.trc,3.614122969821736
C2_10567.trc,9.78240144391678
C2_10568.trc,0.9174425474759672
C2_10569.trc,0.8689707462198969
C2_10570.trc,1.1688049372379372
C2_10571.trc,1.3115292937859913
C2_10572.trc,0.8378743483108176
C2_10573.trc,6.940039874248636
C2_10574.trc,10.128913630305188
C2_10575.trc,2.2517296893665817
C2_10576.trc,1.3971772873912074
C2_10577.trc,1.1192699575376885
C2_10578.trc,2.5028262476223837
C2_10579.trc,3.2316641598145006
C2_10580.trc,6.332564158206844
C2_10581.trc,0.8916617421546673
C2_10582.trc,1.5326590539309901
C2_10583.trc,1.1861803182242503
C2_10584.trc,5.508477081213153
C2_10585.trc,0.8084058400476912
C2_10586.trc,3.5132591955912686
C2_10587.trc,0.9071102255981902
C2_10588.trc,0.8936551132264757
C2_10589.trc,2.837743380428431
C2_10590.trc,1.7198685441270964
C2_10591.trc,0.9475090059414466
C2_10592.trc,12.360510243522983
C2_10593.trc,4.115950697331629
C2_10594.trc,26.872518766066023
C2_10595.trc,1.0728911713102678
C2_10596.trc,1.7629583701998024
C2_10597.trc,2.390367656832752
C2_10598.trc,0.9925256490584978
C2_10599.trc,6.651833577793448
C2_10600.trc,22.571451444495747
C2_10601.trc,14.642439934697856
C2_10602.trc,1.9177757377491362
C2_10603.trc,1.1425258420689586
C2_10604.trc,3.260800486771538
C2_10605.trc,9.521404784084798
C2_10606.trc,1.646346945122795
C2_10607.trc,0.9468112865624463
C2_10608.trc,1.1352168247437415
C2_10609.trc,9.798780197504955
C2_10610.trc,1.321130631942089
C2_10611.trc,0.791196499030215
C2_10612.trc,0.887542160284278
C2_10613.trc,10.39881417575171
C2_10614.trc,1.651297066719702
C2_10615.trc,11.759978035057028
C2_10616.trc,5.155486552880828
C2_10617.trc,1.416180514792827
C2_10618.trc,0.8656152424727023
C2_10619.trc,1.1208646901722212
C2_10620.trc,2.092327492325779
C2_10621.trc,2.0816297397063517
C2_10622.trc,4.726748628926541
C2_10623.trc,1.165216835022306
C2_10624.trc,0.927409295503749
C2_10625.trc,0.8483726371125478
C2_10626.trc,6.038211631050373
C2_10627.trc,1.77468589530309
C2_10628.trc,1.054419374369914
C2_10629.trc,0.9792365349156873
C2_10630.trc,0.8463461120107448
C2_10631.trc,1.0196352824632808
C2_10632.trc,0.9187381693545378
C2_10633.trc,2.0612975709271404
C2_10634.trc,0.8507314597959734
C2_10635.trc,3.950502019386933
C2_10636.trc,1.0307980710226894
C2_10637.trc,1.8636228833493973
C2_10638.trc,1.4316290623369632
C2_10639.trc,10.842601913407295
C2_10640.trc,2.2586731343325135
C2_10641.trc,0.8737215187839265
C2_10642.trc,1.0163131026872436
C2_10643.trc,1.363954627999341
C2_10644.trc,1.5430909198879104
C2_10645.trc,9.139709621385002
C2_10646.trc,1.1065789352148658
C2_10647.trc,1.3722935012882889
C2_10648.trc,0.8680737061315467
C2_10649.trc,1.4651507162092614
C2_10650.trc,1.9612974099547416
C2_10651.trc,10.259644363406352
C2_10652.trc,1.9751180574179419
C2_10653.trc,0.9517947127512554
C2_10654.trc,15.673769890848948
C2_10655.trc,0.9884060403552931
C2_10656.trc,1.4729247992886987
C2_10657.trc,2.53717841886052
C2_10658.trc,1.1976753477182267
C2_10659.trc,1.8243869313700074
C2_10660.trc,11.839613301054547
C2_10661.trc,0.8027912261466651
C2_10662.trc,0.9913629280258907
C2_10663.trc,9.713298422754013
C2_10664.trc,1.745881830150589
C2_10665.trc,9.506720256526089
C2_10666.trc,1.9357492329161174
C2_10667.trc,1.0698679263861859
C2_10668.trc,10.621704747258596
C2_10669.trc,0.8508975668468488
C2_10670.trc,0.8409308456518836
C2_10671.trc,6.023660368071345
C2_10672.trc,1.411662336225097
C2_10673.trc,1.761828843446413
C2_10674.trc,0.7517612904420921
C2_10675.trc,0.8852165751107176
C2_10676.trc,14.178917702683707
C2_10677.trc,15.40549738411958
C2_10678.trc,1.1013297803790172
C2_10679.trc,4.190103844800438
C2_10680.trc,3.073192259751167
C2_10681.trc,1.4765794436060955
C2_10682.trc,2.3373111244722007
C2_10683.trc,1.10544925044601
C2_10684.trc,14.236060671828918
C2_10685.trc,3.3482754924673648
C2_10686.trc,1.8251178703703292
C2_10687.trc,1.2591039625540636
C2_10688.trc,0.9313627256019028
C2_10689.trc,15.025397031571346
C2_10690.trc,0.8909307882472282
C2_10691.trc,0.8244191912177448
C2_10692.trc,13.874399217102788
C2_10693.trc,4.614888338656569
C2_10694.trc,1.3082734846798465
C2_10695.trc,2.495284710836466
C2_10696.trc,0.8760470920317909
C2_10697.trc,1.9565465852157933
C2_10698.trc,1.139137093358341
C2_10699.trc,2.2119953849296126
C2_10700.trc,5.0148551860193225
C2_10701.trc,1.647742298910213
C2_10702.trc,5.328775733768347
C2_10703.trc,1.8564467862493985
C2_10704.trc,3.5445548277484042
C2_10705.trc,1.9681411856217275
C2_10706.trc,0.8198344929089282
C2_10707.trc,0.8751500728134092
C2_10708.trc,11.126157322750629
C2_10709.trc,2.1488391187247355
C2_10710.trc,0.9953163312912306
C2_10711.trc,0.8470105342514016
C2_10712.trc,2.0436896689894115
C2_10713.trc,7.801901250318581
C2_10714.trc,1.8740879286784147
C2_10715.trc,6.024258251191658
C2_10716.trc,0.9829242974859924
C2_10717.trc,0.8993362006565186
C2_10718.trc,0.9606318803600167
C2_10719.trc,0.9056816834944026
C2_10720.trc,1.9402674726030371
C2_10721.trc,1.5799015905619762
C2_10722.trc,4.071764488100546
C2_10723.trc,1.3078415207807033
C2_10724.trc,1.3154495474934704
C2_10725.trc,3.731598331641303
C2_10726.trc,15.437856060556815
C2_10727.trc,2.7717632988307943
C2_10728.trc,1.250665478103935
C2_10729.trc,1.0900341282414434
C2_10730.trc,1.081296588191694
C2_10731.trc,2.4368129300055954
C2_10732.trc,0.7698343773909974
C2_10733.trc,12.654298151901818
C2_10734.trc,1.1235557418645181
C2_10735.trc,4.852961384706085
C2_10736.trc,6.9688106303371
C2_10737.trc,12.712205281159392
C2_10738.trc,0.8091366746981747
C2_10739.trc,0.8501667500849077
C2_10740.trc,7.154292652521736
C2_10741.trc,6.909840534316449
C2_10742.trc,2.917112339382677
C2_10743.trc,6.575986445790503
C2_10744.trc,1.14651254247264
C2_10745.trc,7.007016677159263
C2_10746.trc,4.5852204679441595
C2_10747.trc,1.1783730289398988
C2_10748.trc,0.7779075265050408
C2_10749.trc,1.116678593032881
C2_10750.trc,0.9194691650019116
C2_10751.trc,1.693622620876658
C2_10752.trc,0.8718610470673688
C2_10753.trc,4.215186798069374
C2_10754.trc,1.3470109649446995
C2_10755.trc,2.230699675988566
C2_10756.trc,0.8328909936761824
C2_10757.trc,1.4256490266385589
C2_10758.trc,1.6081078113526737
C2_10759.trc,0.8394025552414153
C2_10760.trc,1.7462140874829872
C2_10761.trc,0.8602996588291949
C2_10762.trc,1.7190047758349865
C2_10763.trc,3.8310336547014097
C2_10764.trc,0.8759141837322681
C2_10765.trc,1.3041539177165773
C2_10766.trc,0.9180737262439134
C2_10767.trc,0.756744627188183
C2_10768.trc,0.9694027369273646
C2_10769.trc,0.953123616861048
C2_10770.trc,3.3534914604775574
C2_10771.trc,10.446787928655443
C2_10772.trc,0.7591367171957105
C2_10773.trc,0.8878743087947053
C2_10774.trc,1.0943197948020298
C2_10775.trc,1.4810310562206668
C2_10776.trc,1.5252172088046945
C2_10777.trc,1.1327915210777397
C2_10778.trc,0.7979075244131452
C2_10779.trc,0.7674755278747567
C2_10780.trc,4.427412909623037
C2_10781.trc,1.6005661225141357
C2_10782.trc,0.9856817854395061
C2_10783.trc,3.6818307191862427
C2_10784.trc,11.985892127269697
C2_10785.trc,0.7558144002741762
C2_10786.trc,3.1350526938870873
C2_10787.trc,1.6562139746581352
C2_10788.trc,1.9436895303776915
C2_10789.trc,0.868937437155858
C2_10790.trc,8.800672720369576
C2_10791.trc,0.8187713487511261
C2_10792.trc,10.169976607791602
C2_10793.trc,0.8940205022281911
C2_10794.trc,2.5886733994493487
C2_10795.trc,1.6510313529797804
C2_10796.trc,1.2376421924858658
C2_10797.trc,1.983888821561147
C2_10798.trc,1.181728411939425
C2_10799.trc,1.3531241072073152
C2_10800.trc,1.1828912790618018
C2_10801.trc,2.1864803261438963
C2_10802.trc,0.7476748476945771
C2_10803.trc,3.400268946261442
C2_10804.trc,1.1217949215583638
C2_10805.trc,1.074153654065962
C2_10806.trc,1.0112963256944643
C2_10807.trc,3.1228600150775736
C2_10808.trc,0.9087049194742123
C2_10809.trc,1.750964942036175
C2_10810.trc,0.7241200461998976
C2_10811.trc,1.021263216830592
C2_10812.trc,0.9150172229399984
C2_10813.trc,1.7426924856291899
C2_10814.trc,0.7630237259397682
C2_10815.trc,0.7747513255786542
C2_10816.trc,5.117945092277633
C2_10817.trc,1.0952167484290865
C2_10818.trc,0.819967359468516
C2_10819.trc,15.426991919141955
C2_10820.trc,1.117509135740822
C2_10821.trc,7.039807342837745
C2_10822.trc,1.0957483324336834
C2_10823.trc,1.059303198341814
C2_10824.trc,1.0769441678482448
C2_10825.trc,0.7777413717513825
C2_10826.trc,15.962574340243318
C2_10827.trc,2.6510987847916705
C2_10828.trc,1.487044457630162
C2_10829.trc,18.377626586198733
C2_10830.trc,0.9524923814460479
C2_10831.trc,0.865714883448122
C2_10832.trc,0.7513293757364419
C2_10833.trc,8.899576571228481
C2_10834.trc,0.7852164901646279
C2_10835.trc,1.0074758784314277
C2_10836.trc,0.9822265751255694
C2_10837.trc,0.7394356541395601
C2_10838.trc,3.2783418913288576
C2_10839.trc,1.6098020269471605
C2_10840.trc,2.843358107623564
C2_10841.trc,0.8694358388069328
C2_10842.trc,14.313867734656984
C2_10843.trc,11.784231101531278
C2_10844.trc,1.2397350554618989
C2_10845.trc,2.32109849284202
C2_10846.trc,0.8602995604422073
C2_10847.trc,0.8320603600348124
C2_10848.trc,1.0113960322612094
C2_10849.trc,1.9722274927144539
C2_10850.trc,0.9097348827692033
C2_10851.trc,1.1840872718906477
C2_10852.trc,0.8463460285308751
C2_10853.trc,1.8832906880257172
C2_10854.trc,13.387920017520774
C2_10855.trc,1.4570110712055224
C2_10856.trc,0.947209960776809
C2_10857.trc,0.9024258058155095
C2_10858.trc,16.484767739389014
C2_10859.trc,0.8867779807926696
C2_10860.trc,1.85471925115589
C2_10861.trc,2.1056165483308233
C2_10862.trc,0.9250837520701222
C2_10863.trc,16.77310642835739
C2_10864.trc,10.254029968639987
C2_10865.trc,1.1313962135023925
C2_10866.trc,13.191574398031138
C2_10867.trc,3.943491950330078
C2_10868.trc,1.0297350222704527
C2_10869.trc,0.8523261447277227
C2_10870.trc,1.044352937663931
C2_10871.trc,2.8252517637855394
C2_10872.trc,1.6760811954493684
C2_10873.trc,0.9917615277046549
C2_10874.trc,0.7581400420947901
C2_10875.trc,2.0530583058179497
C2_10876.trc,0.858638495896292
C2_10877.trc,0.9792032854801273
C2_10878.trc,1.6867124715583557
C2_10879.trc,1.048339745398873
C2_10880.trc,1.06747588408144
C2_10881.trc,2.6658163381791447
C2_10882.trc,2.3537561145661923
C2_10883.trc,10.468315716094796
C2_10884.trc,1.069436001245552
C2_10885.trc,1.089502456284843
C2_10886.trc,0.7814290448789695
C2_10887.trc,0.9052165760002462
C2_10888.trc,2.852494375553306
C2_10889.trc,3.0450194702628868
C2_10890.trc,3.870202993024859
C2_10891.trc,2.1955168964511635
C2_10892.trc,3.4692390755225193
C2_10893.trc,0.9895021999068787
C2_10894.trc,10.969047047029905
C2_10895.trc,1.4397021562946644
C2_10896.trc,1.8338555058256425
C2_10897.trc,2.0014967562945394
C2_10898.trc,5.691001875844866
C2_10899.trc,3.0810659763524644
C2_10900.trc,0.872625155004804
C2_10901.trc,3.459604584827137
C2_10902.trc,6.524524653518044
C2_10903.trc,0.9351168737492186
C2_10904.trc,0.7546516807322805
C2_10905.trc,2.3081748541622176
C2_10906.trc,1.3214296428203514
C2_10907.trc,10.68323287934076
C2_10908.trc,0.6921598576380295
C2_10909.trc,0.8178078097916578
C2_10910.trc,1.033356256155399
C2_10911.trc,1.7200347242228586
C2_10912.trc,10.070408421153328
C2_10913.trc,2.20315806377752
C2_10914.trc,1.4463468214426844
C2_10915.trc,1.164452640623578
C2_10916.trc,2.1311314088518496
C2_10917.trc,1.6470113628913163
C2_10918.trc,0.8534889686194552
C2_10919.trc,5.140602768713385
C2_10920.trc,2.5203012233720474
C2_10921.trc,1.1676088475128132
C2_10922.trc,3.293856916874146
C2_10923.trc,1.8097025349939537
C2_10924.trc,0.8361135235325275
C2_10925.trc,1.0052498746048102
C2_10926.trc,1.384585850887462
C2_10927.trc,0.7296017726713673
C2_10928.trc,2.191330753099754
C2_10929.trc,2.2359155679724476
C2_10930.trc,1.473921550415929
C2_10931.trc,13.319215858402073
C2_10932.trc,0.7913958346466851
C2_10933.trc,10.765093760089085
C2_10934.trc,0.9250504787831715
C2_10935.trc,0.8728909537153053
C2_10936.trc,1.7927590195197944
C2_10937.trc,1.361961052699996
C2_10938.trc,2.782726802457941
C2_10939.trc,16.62516624392607
C2_10940.trc,3.252029591445679
C2_10941.trc,0.8928577439277858
C2_10942.trc,1.7820613026774548
C2_10943.trc,1.2883731873756386
C2_10944.trc,1.8971113667938677
C2_10945.trc,2.483092030536238
C2_10946.trc,2.0286728542840677
C2_10947.trc,16.66450189949078
C2_10948.trc,1.3728914708698972
C2_10949.trc,2.9934580817363674
C2_10950.trc,0.9378079731442978
C2_10951.trc,0.7925586227613292
C2_10952.trc,0.8038211238503314
C2_10953.trc,0.82229287905075
C2_10954.trc,2.508673373530553
C2_10955.trc,2.855717018703759
C2_10956.trc,5.877414381345966
C2_10957.trc,0.7871433772724363
C2_10958.trc,1.918905288353916
C2_10959.trc,6.915654594146629
C2_10960.trc,14.485662150351306
C2_10961.trc,1.3955160797369452
C2_10962.trc,2.9031256534413505
C2_10963.trc,0.7878078203830607
C2_10964.trc,2.078540055539628
C2_10965.trc,1.1256154180148934
C2_10966.trc,0.8810969306304266
C2_10967.trc,0.8222596594294298
C2_10968.trc,1.360233660714834
C2_10969.trc,1.7294034460219772
C2_10970.trc,1.1232567056441525
C2_10971.trc,1.0290041071215241
C2_10972.trc,1.1885392482389348
C2_10973.trc,0.9195686897017992
C2_10974.trc,5.630337531434069
C2_10975.trc,0.9849839199707364
C2_10976.trc,1.641363632228095
C2_10977.trc,0.8213626342482008
C2_10978.trc,0.8616616752290489
C2_10979.trc,5.514955274085871
C2_10980.trc,8.204758651949836
C2_10981.trc,0.7975087547932196
C2_10982.trc,2.3505337173832115
C2_10983.trc,13.664133322590931
C2_10984.trc,1.553057766302679
C2_10985.trc,1.433256902789422
C2_10986.trc,0.8761800241827054
C2_10987.trc,3.3282755422620425
C2_10988.trc,3.3586410250221927
C2_10989.trc,2.552261508830192
C2_10990.trc,0.949336222259596
C2_10991.trc,15.398155047295344
C2_10992.trc,3.0742554128532396
C2_10993.trc,0.8442198356208371
C2_10994.trc,8.528214265572057
C2_10995.trc,1.4212304055663805
C2_10996.trc,1.7628253903461064
C2_10997.trc,7.976552326858286
C2_10998.trc,14.683271072488212
C2_10999.trc,0.7553492599843575
C2_11000.trc,10.557352278034484
C2_11001.trc,1.2171106314431315
C2_11002.trc,0.8723261873571877
C2_11003.trc,0.8545852369930124
C2_11004.trc,9.605756811456983
C2_11005.trc,1.056512413249956
C2_11006.trc,3.01369047984822
C2_11007.trc,16.91686091366946
C2_11008.trc,2.073323971253905
C2_11009.trc,0.8077081355758113
C2_11010.trc,1.9715963482328833
C2_11011.trc,2.0548524322067165
C2_11012.trc,2.677078606717082
C2_11013.trc,1.6446525446800275
C2_11014.trc,1.0235888407626628
C2_11015.trc,3.940701281513753
C2_11016.trc,1.024718424163106
C2_11017.trc,0.9519940841448093
C2_11018.trc,1.0741203613997548
C2_11019.trc,1.1411303884038397
C2_11020.trc,7.761801459983621
C2_11021.trc,1.76016759703364
C2_11022.trc,0.94701061025322
C2_11023.trc,1.3431905221538014
C2_11024.trc,1.202260023666364
C2_11025.trc,5.765985546642363
C2_11026.trc,0.8249506932331842
C2_11027.trc,0.9239209311598146
C2_11028.trc,8.516719040794815
C2_11029.trc,3.5441893940253295
C2_11030.trc,1.2080407699603697
C2_11031.trc,0.901063741712874
C2_11032.trc,0.8985056042829472
C2_11033.trc,4.068110132981269
C2_11034.trc,0.8527579550835367
C2_11035.trc,0.7971101372259124
C2_11036.trc,0.8227580312662647
C2_11037.trc,0.9407315413158743
C2_11038.trc,10.336422007049288
C2_11039.trc,0.806811164060212
C2_11040.trc,1.3156821340362104
C2_11041.trc,0.882558820556764
C2_11042.trc,0.8910305782938426
C2_11043.trc,11.635925200141616
C2_11044.trc,16.85656159303595
C2_11045.trc,7.6954557791938845
C2_11046.trc,0.7933227336801881
C2_11047.trc,0.7795685493110215
C2_11048.trc,0.7904656494726128
C2_11049.trc,1.0154160238403849
C2_11050.trc,0.8409640205518463
C2_11051.trc,1.9390382661157166
C2_11052.trc,0.8029241404090358
C2_11053.trc,7.164823988022199
C2_11054.trc,1.7072773058880404
C2_11055.trc,0.8945853550476026
C2_11056.trc,10.327418575864893
C2_11057.trc,0.9167780536811365
C2_11058.trc,1.4786723050914161
C2_11059.trc,0.8499673697470816
C2_11060.trc,11.133333357240724
C2_11061.trc,1.1764129311550415
C2_11062.trc,0.8138211242950956
C2_11063.trc,0.8782398195900357
C2_11064.trc,1.696513099118853
C2_11065.trc,0.6999007360032666
C2_11066.trc,9.10681957262427
C2_11067.trc,2.036214358274324
C2_11068.trc,2.1114968819346167
C2_11069.trc,0.9860139622734603
C2_11070.trc,0.7578410267443925
C2_11071.trc,1.471529487241215
C2_11072.trc,0.8317281280445172
C2_11073.trc,6.741335257662275
C2_11074.trc,1.0217282557519978
C2_11075.trc,9.553099318535224
C2_11076.trc,3.2138900375317876
C2_11077.trc,3.447079605454577
C2_11078.trc,1.4440543381242024
C2_11079.trc,0.9642863905133376
C2_11080.trc,1.1977085106924934
C2_11081.trc,0.8347514832812821
C2_11082.trc,1.1046519884785797
C2_11083.trc,0.9138876514652509
C2_11084.trc,1.5370112014741522
C2_11085.trc,5.497181461871242
C2_11086.trc,2.199968758014632
C2_11087.trc,1.3188382634084244
C2_11088.trc,2.1286065432181633
C2_11089.trc,0.8266117995190329
C2_11090.trc,8.289376819405563
C2_11091.trc,2.706048963768741
C2_11092.trc,14.331176819509006
C2_11093.trc,7.670539319070217
C2_11094.trc,3.6071794458480704
C2_11095.trc,0.9330903784616545
C2_11096.trc,0.8991036230580496
C2_11097.trc,1.717310482723479
C2_11098.trc,1.4029579099561196
